image_path,text-representation_start-position,q1-ans,q2-ans,q3-ans,q4-ans,q5-ans,q6-ans,q7-ans
images/1860/nqueens.jpg,"0;0;Q;0;0;0;0;0;0;0;0
0;0;0;0;0;0;0;Q;0;0;0
0;0;0;0;0;0;0;0;0;0;0
0;0;0;0;Q;0;0;0;0;0;0
0;Q;0;0;0;0;0;0;0;0;0
0;0;0;0;0;Q;0;0;0;0;0
0;0;0;0;0;0;0;0;0;0;0
0;0;0;0;0;0;Q;0;0;0;0
0;0;0;Q;0;0;0;0;0;0;0
Q;0;0;0;0;0;0;0;0;0;0
0;0;0;0;0;0;0;0;Q;0;0","[2, 6]","[9, 10]","[(0, 2), (1, 7), (3, 4), (4, 1), (5, 5), (7, 6), (8, 3), (9, 0), (10, 8)]","[2, 6]","[9, 10]","{'empty_cells': [(0, 0), (0, 1), (0, 3), (0, 4), (0, 5), (0, 6), (0, 7), (0, 8), (0, 9), (0, 10), (1, 0), (1, 1), (1, 2), (1, 3), (1, 4), (1, 5), (1, 6), (1, 8), (1, 9), (1, 10), (2, 0), (2, 1), (2, 2), (2, 3), (2, 4), (2, 5), (2, 6), (2, 7), (2, 8), (2, 9), (2, 10), (3, 0), (3, 1), (3, 2), (3, 3), (3, 5), (3, 6), (3, 7), (3, 8), (3, 9), (3, 10), (4, 0), (4, 2), (4, 3), (4, 4), (4, 5), (4, 6), (4, 7), (4, 8), (4, 9), (4, 10), (5, 0), (5, 1), (5, 2), (5, 3), (5, 4), (5, 6), (5, 7), (5, 8), (5, 9), (5, 10), (6, 0), (6, 1), (6, 2), (6, 3), (6, 4), (6, 5), (6, 6), (6, 7), (6, 8), (6, 9), (6, 10), (7, 0), (7, 1), (7, 2), (7, 3), (7, 4), (7, 5), (7, 7), (7, 8), (7, 9), (7, 10), (8, 0), (8, 1), (8, 2), (8, 4), (8, 5), (8, 6), (8, 7), (8, 8), (8, 9), (8, 10), (9, 1), (9, 2), (9, 3), (9, 4), (9, 5), (9, 6), (9, 7), (9, 8), (9, 9), (9, 10), (10, 0), (10, 1), (10, 2), (10, 3), (10, 4), (10, 5), (10, 6), (10, 7), (10, 9), (10, 10)], 'occupied_cells': [(0, 2), (1, 7), (3, 4), (4, 1), (5, 5), (7, 6), (8, 3), (9, 0), (10, 8)]}","{'occupied_cells': [(0, 2), (1, 7), (3, 4), (4, 1), (5, 5), (7, 6), (8, 3), (9, 0), (10, 8)], 'empty_cells': [(0, 0), (0, 1), (0, 3), (0, 4), (0, 5), (0, 6), (0, 7), (0, 8), (0, 9), (0, 10), (1, 0), (1, 1), (1, 2), (1, 3), (1, 4), (1, 5), (1, 6), (1, 8), (1, 9), (1, 10), (2, 0), (2, 1), (2, 2), (2, 3), (2, 4), (2, 5), (2, 6), (2, 7), (2, 8), (2, 9), (2, 10), (3, 0), (3, 1), (3, 2), (3, 3), (3, 5), (3, 6), (3, 7), (3, 8), (3, 9), (3, 10), (4, 0), (4, 2), (4, 3), (4, 4), (4, 5), (4, 6), (4, 7), (4, 8), (4, 9), (4, 10), (5, 0), (5, 1), (5, 2), (5, 3), (5, 4), (5, 6), (5, 7), (5, 8), (5, 9), (5, 10), (6, 0), (6, 1), (6, 2), (6, 3), (6, 4), (6, 5), (6, 6), (6, 7), (6, 8), (6, 9), (6, 10), (7, 0), (7, 1), (7, 2), (7, 3), (7, 4), (7, 5), (7, 7), (7, 8), (7, 9), (7, 10), (8, 0), (8, 1), (8, 2), (8, 4), (8, 5), (8, 6), (8, 7), (8, 8), (8, 9), (8, 10), (9, 1), (9, 2), (9, 3), (9, 4), (9, 5), (9, 6), (9, 7), (9, 8), (9, 9), (9, 10), (10, 0), (10, 1), (10, 2), (10, 3), (10, 4), (10, 5), (10, 6), (10, 7), (10, 9), (10, 10)]}"
images/0353/nqueens.jpg,"0;0;0;0;Q;0;0;0;0
0;0;0;0;0;0;Q;0;0
0;0;0;0;0;0;0;0;0
0;0;0;Q;0;0;0;0;0
0;Q;0;0;0;0;0;0;0
0;0;0;0;0;0;0;0;0
0;0;0;0;0;Q;0;0;0
0;0;Q;0;0;0;0;0;0
Q;0;0;0;0;0;0;0;0","[2, 5]","[7, 8]","[(0, 4), (1, 6), (3, 3), (4, 1), (6, 5), (7, 2), (8, 0)]","[2, 5]","[7, 8]","{'empty_cells': [(0, 0), (0, 1), (0, 2), (0, 3), (0, 5), (0, 6), (0, 7), (0, 8), (1, 0), (1, 1), (1, 2), (1, 3), (1, 4), (1, 5), (1, 7), (1, 8), (2, 0), (2, 1), (2, 2), (2, 3), (2, 4), (2, 5), (2, 6), (2, 7), (2, 8), (3, 0), (3, 1), (3, 2), (3, 4), (3, 5), (3, 6), (3, 7), (3, 8), (4, 0), (4, 2), (4, 3), (4, 4), (4, 5), (4, 6), (4, 7), (4, 8), (5, 0), (5, 1), (5, 2), (5, 3), (5, 4), (5, 5), (5, 6), (5, 7), (5, 8), (6, 0), (6, 1), (6, 2), (6, 3), (6, 4), (6, 6), (6, 7), (6, 8), (7, 0), (7, 1), (7, 3), (7, 4), (7, 5), (7, 6), (7, 7), (7, 8), (8, 1), (8, 2), (8, 3), (8, 4), (8, 5), (8, 6), (8, 7), (8, 8)], 'occupied_cells': [(0, 4), (1, 6), (3, 3), (4, 1), (6, 5), (7, 2), (8, 0)]}","{'occupied_cells': [(0, 4), (1, 6), (3, 3), (4, 1), (6, 5), (7, 2), (8, 0)], 'empty_cells': [(0, 0), (0, 1), (0, 2), (0, 3), (0, 5), (0, 6), (0, 7), (0, 8), (1, 0), (1, 1), (1, 2), (1, 3), (1, 4), (1, 5), (1, 7), (1, 8), (2, 0), (2, 1), (2, 2), (2, 3), (2, 4), (2, 5), (2, 6), (2, 7), (2, 8), (3, 0), (3, 1), (3, 2), (3, 4), (3, 5), (3, 6), (3, 7), (3, 8), (4, 0), (4, 2), (4, 3), (4, 4), (4, 5), (4, 6), (4, 7), (4, 8), (5, 0), (5, 1), (5, 2), (5, 3), (5, 4), (5, 5), (5, 6), (5, 7), (5, 8), (6, 0), (6, 1), (6, 2), (6, 3), (6, 4), (6, 6), (6, 7), (6, 8), (7, 0), (7, 1), (7, 3), (7, 4), (7, 5), (7, 6), (7, 7), (7, 8), (8, 1), (8, 2), (8, 3), (8, 4), (8, 5), (8, 6), (8, 7), (8, 8)]}"
images/1333/nqueens.jpg,"0;0;0;0;0;Q;0;0;0;0;0
0;0;0;0;0;0;0;0;0;0;0
0;0;0;0;Q;0;0;0;0;0;0
0;Q;0;0;0;0;0;0;0;0;0
0;0;0;0;0;0;0;0;Q;0;0
0;0;Q;0;0;0;0;0;0;0;0
0;0;0;0;0;0;0;Q;0;0;0
0;0;0;0;0;0;0;0;0;0;0
0;0;0;Q;0;0;0;0;0;0;0
Q;0;0;0;0;0;0;0;0;0;0
0;0;0;0;0;0;Q;0;0;0;0","[1, 7]","[9, 10]","[(0, 5), (2, 4), (3, 1), (4, 8), (5, 2), (6, 7), (8, 3), (9, 0), (10, 6)]","[1, 7]","[9, 10]","{'empty_cells': [(0, 0), (0, 1), (0, 2), (0, 3), (0, 4), (0, 6), (0, 7), (0, 8), (0, 9), (0, 10), (1, 0), (1, 1), (1, 2), (1, 3), (1, 4), (1, 5), (1, 6), (1, 7), (1, 8), (1, 9), (1, 10), (2, 0), (2, 1), (2, 2), (2, 3), (2, 5), (2, 6), (2, 7), (2, 8), (2, 9), (2, 10), (3, 0), (3, 2), (3, 3), (3, 4), (3, 5), (3, 6), (3, 7), (3, 8), (3, 9), (3, 10), (4, 0), (4, 1), (4, 2), (4, 3), (4, 4), (4, 5), (4, 6), (4, 7), (4, 9), (4, 10), (5, 0), (5, 1), (5, 3), (5, 4), (5, 5), (5, 6), (5, 7), (5, 8), (5, 9), (5, 10), (6, 0), (6, 1), (6, 2), (6, 3), (6, 4), (6, 5), (6, 6), (6, 8), (6, 9), (6, 10), (7, 0), (7, 1), (7, 2), (7, 3), (7, 4), (7, 5), (7, 6), (7, 7), (7, 8), (7, 9), (7, 10), (8, 0), (8, 1), (8, 2), (8, 4), (8, 5), (8, 6), (8, 7), (8, 8), (8, 9), (8, 10), (9, 1), (9, 2), (9, 3), (9, 4), (9, 5), (9, 6), (9, 7), (9, 8), (9, 9), (9, 10), (10, 0), (10, 1), (10, 2), (10, 3), (10, 4), (10, 5), (10, 7), (10, 8), (10, 9), (10, 10)], 'occupied_cells': [(0, 5), (2, 4), (3, 1), (4, 8), (5, 2), (6, 7), (8, 3), (9, 0), (10, 6)]}","{'occupied_cells': [(0, 5), (2, 4), (3, 1), (4, 8), (5, 2), (6, 7), (8, 3), (9, 0), (10, 6)], 'empty_cells': [(0, 0), (0, 1), (0, 2), (0, 3), (0, 4), (0, 6), (0, 7), (0, 8), (0, 9), (0, 10), (1, 0), (1, 1), (1, 2), (1, 3), (1, 4), (1, 5), (1, 6), (1, 7), (1, 8), (1, 9), (1, 10), (2, 0), (2, 1), (2, 2), (2, 3), (2, 5), (2, 6), (2, 7), (2, 8), (2, 9), (2, 10), (3, 0), (3, 2), (3, 3), (3, 4), (3, 5), (3, 6), (3, 7), (3, 8), (3, 9), (3, 10), (4, 0), (4, 1), (4, 2), (4, 3), (4, 4), (4, 5), (4, 6), (4, 7), (4, 9), (4, 10), (5, 0), (5, 1), (5, 3), (5, 4), (5, 5), (5, 6), (5, 7), (5, 8), (5, 9), (5, 10), (6, 0), (6, 1), (6, 2), (6, 3), (6, 4), (6, 5), (6, 6), (6, 8), (6, 9), (6, 10), (7, 0), (7, 1), (7, 2), (7, 3), (7, 4), (7, 5), (7, 6), (7, 7), (7, 8), (7, 9), (7, 10), (8, 0), (8, 1), (8, 2), (8, 4), (8, 5), (8, 6), (8, 7), (8, 8), (8, 9), (8, 10), (9, 1), (9, 2), (9, 3), (9, 4), (9, 5), (9, 6), (9, 7), (9, 8), (9, 9), (9, 10), (10, 0), (10, 1), (10, 2), (10, 3), (10, 4), (10, 5), (10, 7), (10, 8), (10, 9), (10, 10)]}"
images/0905/nqueens.jpg,"0;0;0;0;Q;0;0;0;0;0
0;0;0;0;0;0;Q;0;0;0
0;Q;0;0;0;0;0;0;0;0
0;0;0;0;0;0;0;0;0;0
0;0;0;0;0;0;0;Q;0;0
0;0;0;Q;0;0;0;0;0;0
Q;0;0;0;0;0;0;0;0;0
0;0;Q;0;0;0;0;0;0;0
0;0;0;0;0;0;0;0;0;0
0;0;0;0;0;Q;0;0;0;0","[3, 8]","[8, 9]","[(0, 4), (1, 6), (2, 1), (4, 7), (5, 3), (6, 0), (7, 2), (9, 5)]","[3, 8]","[8, 9]","{'empty_cells': [(0, 0), (0, 1), (0, 2), (0, 3), (0, 5), (0, 6), (0, 7), (0, 8), (0, 9), (1, 0), (1, 1), (1, 2), (1, 3), (1, 4), (1, 5), (1, 7), (1, 8), (1, 9), (2, 0), (2, 2), (2, 3), (2, 4), (2, 5), (2, 6), (2, 7), (2, 8), (2, 9), (3, 0), (3, 1), (3, 2), (3, 3), (3, 4), (3, 5), (3, 6), (3, 7), (3, 8), (3, 9), (4, 0), (4, 1), (4, 2), (4, 3), (4, 4), (4, 5), (4, 6), (4, 8), (4, 9), (5, 0), (5, 1), (5, 2), (5, 4), (5, 5), (5, 6), (5, 7), (5, 8), (5, 9), (6, 1), (6, 2), (6, 3), (6, 4), (6, 5), (6, 6), (6, 7), (6, 8), (6, 9), (7, 0), (7, 1), (7, 3), (7, 4), (7, 5), (7, 6), (7, 7), (7, 8), (7, 9), (8, 0), (8, 1), (8, 2), (8, 3), (8, 4), (8, 5), (8, 6), (8, 7), (8, 8), (8, 9), (9, 0), (9, 1), (9, 2), (9, 3), (9, 4), (9, 6), (9, 7), (9, 8), (9, 9)], 'occupied_cells': [(0, 4), (1, 6), (2, 1), (4, 7), (5, 3), (6, 0), (7, 2), (9, 5)]}","{'occupied_cells': [(0, 4), (1, 6), (2, 1), (4, 7), (5, 3), (6, 0), (7, 2), (9, 5)], 'empty_cells': [(0, 0), (0, 1), (0, 2), (0, 3), (0, 5), (0, 6), (0, 7), (0, 8), (0, 9), (1, 0), (1, 1), (1, 2), (1, 3), (1, 4), (1, 5), (1, 7), (1, 8), (1, 9), (2, 0), (2, 2), (2, 3), (2, 4), (2, 5), (2, 6), (2, 7), (2, 8), (2, 9), (3, 0), (3, 1), (3, 2), (3, 3), (3, 4), (3, 5), (3, 6), (3, 7), (3, 8), (3, 9), (4, 0), (4, 1), (4, 2), (4, 3), (4, 4), (4, 5), (4, 6), (4, 8), (4, 9), (5, 0), (5, 1), (5, 2), (5, 4), (5, 5), (5, 6), (5, 7), (5, 8), (5, 9), (6, 1), (6, 2), (6, 3), (6, 4), (6, 5), (6, 6), (6, 7), (6, 8), (6, 9), (7, 0), (7, 1), (7, 3), (7, 4), (7, 5), (7, 6), (7, 7), (7, 8), (7, 9), (8, 0), (8, 1), (8, 2), (8, 3), (8, 4), (8, 5), (8, 6), (8, 7), (8, 8), (8, 9), (9, 0), (9, 1), (9, 2), (9, 3), (9, 4), (9, 6), (9, 7), (9, 8), (9, 9)]}"
images/1289/nqueens.jpg,"0;0;Q;0;0;0;0;0;0;0;0
0;0;0;0;Q;0;0;0;0;0;0
0;0;0;0;0;0;Q;0;0;0;0
0;0;0;0;0;0;0;0;Q;0;0
0;0;0;0;0;0;0;0;0;0;0
0;Q;0;0;0;0;0;0;0;0;0
0;0;0;Q;0;0;0;0;0;0;0
0;0;0;0;0;Q;0;0;0;0;0
0;0;0;0;0;0;0;Q;0;0;0
0;0;0;0;0;0;0;0;0;0;0
Q;0;0;0;0;0;0;0;0;0;0","[4, 9]","[9, 10]","[(0, 2), (1, 4), (2, 6), (3, 8), (5, 1), (6, 3), (7, 5), (8, 7), (10, 0)]","[4, 9]","[9, 10]","{'empty_cells': [(0, 0), (0, 1), (0, 3), (0, 4), (0, 5), (0, 6), (0, 7), (0, 8), (0, 9), (0, 10), (1, 0), (1, 1), (1, 2), (1, 3), (1, 5), (1, 6), (1, 7), (1, 8), (1, 9), (1, 10), (2, 0), (2, 1), (2, 2), (2, 3), (2, 4), (2, 5), (2, 7), (2, 8), (2, 9), (2, 10), (3, 0), (3, 1), (3, 2), (3, 3), (3, 4), (3, 5), (3, 6), (3, 7), (3, 9), (3, 10), (4, 0), (4, 1), (4, 2), (4, 3), (4, 4), (4, 5), (4, 6), (4, 7), (4, 8), (4, 9), (4, 10), (5, 0), (5, 2), (5, 3), (5, 4), (5, 5), (5, 6), (5, 7), (5, 8), (5, 9), (5, 10), (6, 0), (6, 1), (6, 2), (6, 4), (6, 5), (6, 6), (6, 7), (6, 8), (6, 9), (6, 10), (7, 0), (7, 1), (7, 2), (7, 3), (7, 4), (7, 6), (7, 7), (7, 8), (7, 9), (7, 10), (8, 0), (8, 1), (8, 2), (8, 3), (8, 4), (8, 5), (8, 6), (8, 8), (8, 9), (8, 10), (9, 0), (9, 1), (9, 2), (9, 3), (9, 4), (9, 5), (9, 6), (9, 7), (9, 8), (9, 9), (9, 10), (10, 1), (10, 2), (10, 3), (10, 4), (10, 5), (10, 6), (10, 7), (10, 8), (10, 9), (10, 10)], 'occupied_cells': [(0, 2), (1, 4), (2, 6), (3, 8), (5, 1), (6, 3), (7, 5), (8, 7), (10, 0)]}","{'occupied_cells': [(0, 2), (1, 4), (2, 6), (3, 8), (5, 1), (6, 3), (7, 5), (8, 7), (10, 0)], 'empty_cells': [(0, 0), (0, 1), (0, 3), (0, 4), (0, 5), (0, 6), (0, 7), (0, 8), (0, 9), (0, 10), (1, 0), (1, 1), (1, 2), (1, 3), (1, 5), (1, 6), (1, 7), (1, 8), (1, 9), (1, 10), (2, 0), (2, 1), (2, 2), (2, 3), (2, 4), (2, 5), (2, 7), (2, 8), (2, 9), (2, 10), (3, 0), (3, 1), (3, 2), (3, 3), (3, 4), (3, 5), (3, 6), (3, 7), (3, 9), (3, 10), (4, 0), (4, 1), (4, 2), (4, 3), (4, 4), (4, 5), (4, 6), (4, 7), (4, 8), (4, 9), (4, 10), (5, 0), (5, 2), (5, 3), (5, 4), (5, 5), (5, 6), (5, 7), (5, 8), (5, 9), (5, 10), (6, 0), (6, 1), (6, 2), (6, 4), (6, 5), (6, 6), (6, 7), (6, 8), (6, 9), (6, 10), (7, 0), (7, 1), (7, 2), (7, 3), (7, 4), (7, 6), (7, 7), (7, 8), (7, 9), (7, 10), (8, 0), (8, 1), (8, 2), (8, 3), (8, 4), (8, 5), (8, 6), (8, 8), (8, 9), (8, 10), (9, 0), (9, 1), (9, 2), (9, 3), (9, 4), (9, 5), (9, 6), (9, 7), (9, 8), (9, 9), (9, 10), (10, 1), (10, 2), (10, 3), (10, 4), (10, 5), (10, 6), (10, 7), (10, 8), (10, 9), (10, 10)]}"
images/1273/nqueens.jpg,"Q;0;0;0;0;0;0;0;0;0;0
0;0;0;0;0;0;0;0;0;0;0
0;0;0;0;0;Q;0;0;0;0;0
0;0;0;0;0;0;0;Q;0;0;0
0;0;Q;0;0;0;0;0;0;0;0
0;0;0;0;Q;0;0;0;0;0;0
0;0;0;0;0;0;0;0;Q;0;0
0;Q;0;0;0;0;0;0;0;0;0
0;0;0;0;0;0;0;0;0;0;0
0;0;0;0;0;0;Q;0;0;0;0
0;0;0;Q;0;0;0;0;0;0;0","[1, 8]","[9, 10]","[(0, 0), (2, 5), (3, 7), (4, 2), (5, 4), (6, 8), (7, 1), (9, 6), (10, 3)]","[1, 8]","[9, 10]","{'empty_cells': [(0, 1), (0, 2), (0, 3), (0, 4), (0, 5), (0, 6), (0, 7), (0, 8), (0, 9), (0, 10), (1, 0), (1, 1), (1, 2), (1, 3), (1, 4), (1, 5), (1, 6), (1, 7), (1, 8), (1, 9), (1, 10), (2, 0), (2, 1), (2, 2), (2, 3), (2, 4), (2, 6), (2, 7), (2, 8), (2, 9), (2, 10), (3, 0), (3, 1), (3, 2), (3, 3), (3, 4), (3, 5), (3, 6), (3, 8), (3, 9), (3, 10), (4, 0), (4, 1), (4, 3), (4, 4), (4, 5), (4, 6), (4, 7), (4, 8), (4, 9), (4, 10), (5, 0), (5, 1), (5, 2), (5, 3), (5, 5), (5, 6), (5, 7), (5, 8), (5, 9), (5, 10), (6, 0), (6, 1), (6, 2), (6, 3), (6, 4), (6, 5), (6, 6), (6, 7), (6, 9), (6, 10), (7, 0), (7, 2), (7, 3), (7, 4), (7, 5), (7, 6), (7, 7), (7, 8), (7, 9), (7, 10), (8, 0), (8, 1), (8, 2), (8, 3), (8, 4), (8, 5), (8, 6), (8, 7), (8, 8), (8, 9), (8, 10), (9, 0), (9, 1), (9, 2), (9, 3), (9, 4), (9, 5), (9, 7), (9, 8), (9, 9), (9, 10), (10, 0), (10, 1), (10, 2), (10, 4), (10, 5), (10, 6), (10, 7), (10, 8), (10, 9), (10, 10)], 'occupied_cells': [(0, 0), (2, 5), (3, 7), (4, 2), (5, 4), (6, 8), (7, 1), (9, 6), (10, 3)]}","{'occupied_cells': [(0, 0), (2, 5), (3, 7), (4, 2), (5, 4), (6, 8), (7, 1), (9, 6), (10, 3)], 'empty_cells': [(0, 1), (0, 2), (0, 3), (0, 4), (0, 5), (0, 6), (0, 7), (0, 8), (0, 9), (0, 10), (1, 0), (1, 1), (1, 2), (1, 3), (1, 4), (1, 5), (1, 6), (1, 7), (1, 8), (1, 9), (1, 10), (2, 0), (2, 1), (2, 2), (2, 3), (2, 4), (2, 6), (2, 7), (2, 8), (2, 9), (2, 10), (3, 0), (3, 1), (3, 2), (3, 3), (3, 4), (3, 5), (3, 6), (3, 8), (3, 9), (3, 10), (4, 0), (4, 1), (4, 3), (4, 4), (4, 5), (4, 6), (4, 7), (4, 8), (4, 9), (4, 10), (5, 0), (5, 1), (5, 2), (5, 3), (5, 5), (5, 6), (5, 7), (5, 8), (5, 9), (5, 10), (6, 0), (6, 1), (6, 2), (6, 3), (6, 4), (6, 5), (6, 6), (6, 7), (6, 9), (6, 10), (7, 0), (7, 2), (7, 3), (7, 4), (7, 5), (7, 6), (7, 7), (7, 8), (7, 9), (7, 10), (8, 0), (8, 1), (8, 2), (8, 3), (8, 4), (8, 5), (8, 6), (8, 7), (8, 8), (8, 9), (8, 10), (9, 0), (9, 1), (9, 2), (9, 3), (9, 4), (9, 5), (9, 7), (9, 8), (9, 9), (9, 10), (10, 0), (10, 1), (10, 2), (10, 4), (10, 5), (10, 6), (10, 7), (10, 8), (10, 9), (10, 10)]}"
images/0938/nqueens.jpg,"0;Q;0;0;0;0;0;0;0;0
0;0;0;0;0;Q;0;0;0;0
0;0;0;0;0;0;0;Q;0;0
0;0;Q;0;0;0;0;0;0;0
0;0;0;0;0;0;Q;0;0;0
0;0;0;Q;0;0;0;0;0;0
0;0;0;0;0;0;0;0;0;0
Q;0;0;0;0;0;0;0;0;0
0;0;0;0;0;0;0;0;0;0
0;0;0;0;Q;0;0;0;0;0","[6, 8]","[8, 9]","[(0, 1), (1, 5), (2, 7), (3, 2), (4, 6), (5, 3), (7, 0), (9, 4)]","[6, 8]","[8, 9]","{'empty_cells': [(0, 0), (0, 2), (0, 3), (0, 4), (0, 5), (0, 6), (0, 7), (0, 8), (0, 9), (1, 0), (1, 1), (1, 2), (1, 3), (1, 4), (1, 6), (1, 7), (1, 8), (1, 9), (2, 0), (2, 1), (2, 2), (2, 3), (2, 4), (2, 5), (2, 6), (2, 8), (2, 9), (3, 0), (3, 1), (3, 3), (3, 4), (3, 5), (3, 6), (3, 7), (3, 8), (3, 9), (4, 0), (4, 1), (4, 2), (4, 3), (4, 4), (4, 5), (4, 7), (4, 8), (4, 9), (5, 0), (5, 1), (5, 2), (5, 4), (5, 5), (5, 6), (5, 7), (5, 8), (5, 9), (6, 0), (6, 1), (6, 2), (6, 3), (6, 4), (6, 5), (6, 6), (6, 7), (6, 8), (6, 9), (7, 1), (7, 2), (7, 3), (7, 4), (7, 5), (7, 6), (7, 7), (7, 8), (7, 9), (8, 0), (8, 1), (8, 2), (8, 3), (8, 4), (8, 5), (8, 6), (8, 7), (8, 8), (8, 9), (9, 0), (9, 1), (9, 2), (9, 3), (9, 5), (9, 6), (9, 7), (9, 8), (9, 9)], 'occupied_cells': [(0, 1), (1, 5), (2, 7), (3, 2), (4, 6), (5, 3), (7, 0), (9, 4)]}","{'occupied_cells': [(0, 1), (1, 5), (2, 7), (3, 2), (4, 6), (5, 3), (7, 0), (9, 4)], 'empty_cells': [(0, 0), (0, 2), (0, 3), (0, 4), (0, 5), (0, 6), (0, 7), (0, 8), (0, 9), (1, 0), (1, 1), (1, 2), (1, 3), (1, 4), (1, 6), (1, 7), (1, 8), (1, 9), (2, 0), (2, 1), (2, 2), (2, 3), (2, 4), (2, 5), (2, 6), (2, 8), (2, 9), (3, 0), (3, 1), (3, 3), (3, 4), (3, 5), (3, 6), (3, 7), (3, 8), (3, 9), (4, 0), (4, 1), (4, 2), (4, 3), (4, 4), (4, 5), (4, 7), (4, 8), (4, 9), (5, 0), (5, 1), (5, 2), (5, 4), (5, 5), (5, 6), (5, 7), (5, 8), (5, 9), (6, 0), (6, 1), (6, 2), (6, 3), (6, 4), (6, 5), (6, 6), (6, 7), (6, 8), (6, 9), (7, 1), (7, 2), (7, 3), (7, 4), (7, 5), (7, 6), (7, 7), (7, 8), (7, 9), (8, 0), (8, 1), (8, 2), (8, 3), (8, 4), (8, 5), (8, 6), (8, 7), (8, 8), (8, 9), (9, 0), (9, 1), (9, 2), (9, 3), (9, 5), (9, 6), (9, 7), (9, 8), (9, 9)]}"
images/1731/nqueens.jpg,"0;0;0;Q;0;0;0;0;0;0;0
Q;0;0;0;0;0;0;0;0;0;0
0;0;0;0;0;0;0;0;0;0;0
0;0;0;0;0;Q;0;0;0;0;0
0;0;0;0;0;0;0;0;0;0;0
0;Q;0;0;0;0;0;0;0;0;0
0;0;0;0;0;0;Q;0;0;0;0
0;0;0;0;0;0;0;0;Q;0;0
0;0;Q;0;0;0;0;0;0;0;0
0;0;0;0;Q;0;0;0;0;0;0
0;0;0;0;0;0;0;Q;0;0;0","[2, 4]","[9, 10]","[(0, 3), (1, 0), (3, 5), (5, 1), (6, 6), (7, 8), (8, 2), (9, 4), (10, 7)]","[2, 4]","[9, 10]","{'empty_cells': [(0, 0), (0, 1), (0, 2), (0, 4), (0, 5), (0, 6), (0, 7), (0, 8), (0, 9), (0, 10), (1, 1), (1, 2), (1, 3), (1, 4), (1, 5), (1, 6), (1, 7), (1, 8), (1, 9), (1, 10), (2, 0), (2, 1), (2, 2), (2, 3), (2, 4), (2, 5), (2, 6), (2, 7), (2, 8), (2, 9), (2, 10), (3, 0), (3, 1), (3, 2), (3, 3), (3, 4), (3, 6), (3, 7), (3, 8), (3, 9), (3, 10), (4, 0), (4, 1), (4, 2), (4, 3), (4, 4), (4, 5), (4, 6), (4, 7), (4, 8), (4, 9), (4, 10), (5, 0), (5, 2), (5, 3), (5, 4), (5, 5), (5, 6), (5, 7), (5, 8), (5, 9), (5, 10), (6, 0), (6, 1), (6, 2), (6, 3), (6, 4), (6, 5), (6, 7), (6, 8), (6, 9), (6, 10), (7, 0), (7, 1), (7, 2), (7, 3), (7, 4), (7, 5), (7, 6), (7, 7), (7, 9), (7, 10), (8, 0), (8, 1), (8, 3), (8, 4), (8, 5), (8, 6), (8, 7), (8, 8), (8, 9), (8, 10), (9, 0), (9, 1), (9, 2), (9, 3), (9, 5), (9, 6), (9, 7), (9, 8), (9, 9), (9, 10), (10, 0), (10, 1), (10, 2), (10, 3), (10, 4), (10, 5), (10, 6), (10, 8), (10, 9), (10, 10)], 'occupied_cells': [(0, 3), (1, 0), (3, 5), (5, 1), (6, 6), (7, 8), (8, 2), (9, 4), (10, 7)]}","{'occupied_cells': [(0, 3), (1, 0), (3, 5), (5, 1), (6, 6), (7, 8), (8, 2), (9, 4), (10, 7)], 'empty_cells': [(0, 0), (0, 1), (0, 2), (0, 4), (0, 5), (0, 6), (0, 7), (0, 8), (0, 9), (0, 10), (1, 1), (1, 2), (1, 3), (1, 4), (1, 5), (1, 6), (1, 7), (1, 8), (1, 9), (1, 10), (2, 0), (2, 1), (2, 2), (2, 3), (2, 4), (2, 5), (2, 6), (2, 7), (2, 8), (2, 9), (2, 10), (3, 0), (3, 1), (3, 2), (3, 3), (3, 4), (3, 6), (3, 7), (3, 8), (3, 9), (3, 10), (4, 0), (4, 1), (4, 2), (4, 3), (4, 4), (4, 5), (4, 6), (4, 7), (4, 8), (4, 9), (4, 10), (5, 0), (5, 2), (5, 3), (5, 4), (5, 5), (5, 6), (5, 7), (5, 8), (5, 9), (5, 10), (6, 0), (6, 1), (6, 2), (6, 3), (6, 4), (6, 5), (6, 7), (6, 8), (6, 9), (6, 10), (7, 0), (7, 1), (7, 2), (7, 3), (7, 4), (7, 5), (7, 6), (7, 7), (7, 9), (7, 10), (8, 0), (8, 1), (8, 3), (8, 4), (8, 5), (8, 6), (8, 7), (8, 8), (8, 9), (8, 10), (9, 0), (9, 1), (9, 2), (9, 3), (9, 5), (9, 6), (9, 7), (9, 8), (9, 9), (9, 10), (10, 0), (10, 1), (10, 2), (10, 3), (10, 4), (10, 5), (10, 6), (10, 8), (10, 9), (10, 10)]}"
images/0065/nqueens.jpg,"0;0;0;0;Q;0;0;0
0;Q;0;0;0;0;0;0
0;0;0;Q;0;0;0;0
0;0;0;0;0;Q;0;0
0;0;0;0;0;0;0;0
0;0;Q;0;0;0;0;0
Q;0;0;0;0;0;0;0
0;0;0;0;0;0;0;0","[4, 7]","[6, 7]","[(0, 4), (1, 1), (2, 3), (3, 5), (5, 2), (6, 0)]","[4, 7]","[6, 7]","{'empty_cells': [(0, 0), (0, 1), (0, 2), (0, 3), (0, 5), (0, 6), (0, 7), (1, 0), (1, 2), (1, 3), (1, 4), (1, 5), (1, 6), (1, 7), (2, 0), (2, 1), (2, 2), (2, 4), (2, 5), (2, 6), (2, 7), (3, 0), (3, 1), (3, 2), (3, 3), (3, 4), (3, 6), (3, 7), (4, 0), (4, 1), (4, 2), (4, 3), (4, 4), (4, 5), (4, 6), (4, 7), (5, 0), (5, 1), (5, 3), (5, 4), (5, 5), (5, 6), (5, 7), (6, 1), (6, 2), (6, 3), (6, 4), (6, 5), (6, 6), (6, 7), (7, 0), (7, 1), (7, 2), (7, 3), (7, 4), (7, 5), (7, 6), (7, 7)], 'occupied_cells': [(0, 4), (1, 1), (2, 3), (3, 5), (5, 2), (6, 0)]}","{'occupied_cells': [(0, 4), (1, 1), (2, 3), (3, 5), (5, 2), (6, 0)], 'empty_cells': [(0, 0), (0, 1), (0, 2), (0, 3), (0, 5), (0, 6), (0, 7), (1, 0), (1, 2), (1, 3), (1, 4), (1, 5), (1, 6), (1, 7), (2, 0), (2, 1), (2, 2), (2, 4), (2, 5), (2, 6), (2, 7), (3, 0), (3, 1), (3, 2), (3, 3), (3, 4), (3, 6), (3, 7), (4, 0), (4, 1), (4, 2), (4, 3), (4, 4), (4, 5), (4, 6), (4, 7), (5, 0), (5, 1), (5, 3), (5, 4), (5, 5), (5, 6), (5, 7), (6, 1), (6, 2), (6, 3), (6, 4), (6, 5), (6, 6), (6, 7), (7, 0), (7, 1), (7, 2), (7, 3), (7, 4), (7, 5), (7, 6), (7, 7)]}"
images/1323/nqueens.jpg,"0;0;0;0;0;0;0;0;Q;0;0
0;0;0;0;Q;0;0;0;0;0;0
0;Q;0;0;0;0;0;0;0;0;0
0;0;0;0;0;0;0;Q;0;0;0
0;0;0;0;0;0;0;0;0;0;0
0;0;0;0;0;0;Q;0;0;0;0
0;0;0;Q;0;0;0;0;0;0;0
Q;0;0;0;0;0;0;0;0;0;0
0;0;0;0;0;0;0;0;0;0;0
0;0;0;0;0;Q;0;0;0;0;0
0;0;Q;0;0;0;0;0;0;0;0","[4, 8]","[9, 10]","[(0, 8), (1, 4), (2, 1), (3, 7), (5, 6), (6, 3), (7, 0), (9, 5), (10, 2)]","[4, 8]","[9, 10]","{'empty_cells': [(0, 0), (0, 1), (0, 2), (0, 3), (0, 4), (0, 5), (0, 6), (0, 7), (0, 9), (0, 10), (1, 0), (1, 1), (1, 2), (1, 3), (1, 5), (1, 6), (1, 7), (1, 8), (1, 9), (1, 10), (2, 0), (2, 2), (2, 3), (2, 4), (2, 5), (2, 6), (2, 7), (2, 8), (2, 9), (2, 10), (3, 0), (3, 1), (3, 2), (3, 3), (3, 4), (3, 5), (3, 6), (3, 8), (3, 9), (3, 10), (4, 0), (4, 1), (4, 2), (4, 3), (4, 4), (4, 5), (4, 6), (4, 7), (4, 8), (4, 9), (4, 10), (5, 0), (5, 1), (5, 2), (5, 3), (5, 4), (5, 5), (5, 7), (5, 8), (5, 9), (5, 10), (6, 0), (6, 1), (6, 2), (6, 4), (6, 5), (6, 6), (6, 7), (6, 8), (6, 9), (6, 10), (7, 1), (7, 2), (7, 3), (7, 4), (7, 5), (7, 6), (7, 7), (7, 8), (7, 9), (7, 10), (8, 0), (8, 1), (8, 2), (8, 3), (8, 4), (8, 5), (8, 6), (8, 7), (8, 8), (8, 9), (8, 10), (9, 0), (9, 1), (9, 2), (9, 3), (9, 4), (9, 6), (9, 7), (9, 8), (9, 9), (9, 10), (10, 0), (10, 1), (10, 3), (10, 4), (10, 5), (10, 6), (10, 7), (10, 8), (10, 9), (10, 10)], 'occupied_cells': [(0, 8), (1, 4), (2, 1), (3, 7), (5, 6), (6, 3), (7, 0), (9, 5), (10, 2)]}","{'occupied_cells': [(0, 8), (1, 4), (2, 1), (3, 7), (5, 6), (6, 3), (7, 0), (9, 5), (10, 2)], 'empty_cells': [(0, 0), (0, 1), (0, 2), (0, 3), (0, 4), (0, 5), (0, 6), (0, 7), (0, 9), (0, 10), (1, 0), (1, 1), (1, 2), (1, 3), (1, 5), (1, 6), (1, 7), (1, 8), (1, 9), (1, 10), (2, 0), (2, 2), (2, 3), (2, 4), (2, 5), (2, 6), (2, 7), (2, 8), (2, 9), (2, 10), (3, 0), (3, 1), (3, 2), (3, 3), (3, 4), (3, 5), (3, 6), (3, 8), (3, 9), (3, 10), (4, 0), (4, 1), (4, 2), (4, 3), (4, 4), (4, 5), (4, 6), (4, 7), (4, 8), (4, 9), (4, 10), (5, 0), (5, 1), (5, 2), (5, 3), (5, 4), (5, 5), (5, 7), (5, 8), (5, 9), (5, 10), (6, 0), (6, 1), (6, 2), (6, 4), (6, 5), (6, 6), (6, 7), (6, 8), (6, 9), (6, 10), (7, 1), (7, 2), (7, 3), (7, 4), (7, 5), (7, 6), (7, 7), (7, 8), (7, 9), (7, 10), (8, 0), (8, 1), (8, 2), (8, 3), (8, 4), (8, 5), (8, 6), (8, 7), (8, 8), (8, 9), (8, 10), (9, 0), (9, 1), (9, 2), (9, 3), (9, 4), (9, 6), (9, 7), (9, 8), (9, 9), (9, 10), (10, 0), (10, 1), (10, 3), (10, 4), (10, 5), (10, 6), (10, 7), (10, 8), (10, 9), (10, 10)]}"
images/0056/nqueens.jpg,"0;Q;0;0;0;0;0;0
0;0;0;0;Q;0;0;0
0;0;0;0;0;0;0;0
Q;0;0;0;0;0;0;0
0;0;Q;0;0;0;0;0
0;0;0;0;0;0;0;0
0;0;0;0;0;Q;0;0
0;0;0;Q;0;0;0;0","[2, 5]","[6, 7]","[(0, 1), (1, 4), (3, 0), (4, 2), (6, 5), (7, 3)]","[2, 5]","[6, 7]","{'empty_cells': [(0, 0), (0, 2), (0, 3), (0, 4), (0, 5), (0, 6), (0, 7), (1, 0), (1, 1), (1, 2), (1, 3), (1, 5), (1, 6), (1, 7), (2, 0), (2, 1), (2, 2), (2, 3), (2, 4), (2, 5), (2, 6), (2, 7), (3, 1), (3, 2), (3, 3), (3, 4), (3, 5), (3, 6), (3, 7), (4, 0), (4, 1), (4, 3), (4, 4), (4, 5), (4, 6), (4, 7), (5, 0), (5, 1), (5, 2), (5, 3), (5, 4), (5, 5), (5, 6), (5, 7), (6, 0), (6, 1), (6, 2), (6, 3), (6, 4), (6, 6), (6, 7), (7, 0), (7, 1), (7, 2), (7, 4), (7, 5), (7, 6), (7, 7)], 'occupied_cells': [(0, 1), (1, 4), (3, 0), (4, 2), (6, 5), (7, 3)]}","{'occupied_cells': [(0, 1), (1, 4), (3, 0), (4, 2), (6, 5), (7, 3)], 'empty_cells': [(0, 0), (0, 2), (0, 3), (0, 4), (0, 5), (0, 6), (0, 7), (1, 0), (1, 1), (1, 2), (1, 3), (1, 5), (1, 6), (1, 7), (2, 0), (2, 1), (2, 2), (2, 3), (2, 4), (2, 5), (2, 6), (2, 7), (3, 1), (3, 2), (3, 3), (3, 4), (3, 5), (3, 6), (3, 7), (4, 0), (4, 1), (4, 3), (4, 4), (4, 5), (4, 6), (4, 7), (5, 0), (5, 1), (5, 2), (5, 3), (5, 4), (5, 5), (5, 6), (5, 7), (6, 0), (6, 1), (6, 2), (6, 3), (6, 4), (6, 6), (6, 7), (7, 0), (7, 1), (7, 2), (7, 4), (7, 5), (7, 6), (7, 7)]}"
images/1292/nqueens.jpg,"0;0;0;0;0;0;Q;0;0;0;0
0;0;0;0;Q;0;0;0;0;0;0
0;0;Q;0;0;0;0;0;0;0;0
0;0;0;0;0;0;0;0;Q;0;0
0;0;0;Q;0;0;0;0;0;0;0
0;0;0;0;0;0;0;Q;0;0;0
0;0;0;0;0;0;0;0;0;0;0
0;Q;0;0;0;0;0;0;0;0;0
0;0;0;0;0;0;0;0;0;0;0
0;0;0;0;0;Q;0;0;0;0;0
Q;0;0;0;0;0;0;0;0;0;0","[6, 8]","[9, 10]","[(0, 6), (1, 4), (2, 2), (3, 8), (4, 3), (5, 7), (7, 1), (9, 5), (10, 0)]","[6, 8]","[9, 10]","{'empty_cells': [(0, 0), (0, 1), (0, 2), (0, 3), (0, 4), (0, 5), (0, 7), (0, 8), (0, 9), (0, 10), (1, 0), (1, 1), (1, 2), (1, 3), (1, 5), (1, 6), (1, 7), (1, 8), (1, 9), (1, 10), (2, 0), (2, 1), (2, 3), (2, 4), (2, 5), (2, 6), (2, 7), (2, 8), (2, 9), (2, 10), (3, 0), (3, 1), (3, 2), (3, 3), (3, 4), (3, 5), (3, 6), (3, 7), (3, 9), (3, 10), (4, 0), (4, 1), (4, 2), (4, 4), (4, 5), (4, 6), (4, 7), (4, 8), (4, 9), (4, 10), (5, 0), (5, 1), (5, 2), (5, 3), (5, 4), (5, 5), (5, 6), (5, 8), (5, 9), (5, 10), (6, 0), (6, 1), (6, 2), (6, 3), (6, 4), (6, 5), (6, 6), (6, 7), (6, 8), (6, 9), (6, 10), (7, 0), (7, 2), (7, 3), (7, 4), (7, 5), (7, 6), (7, 7), (7, 8), (7, 9), (7, 10), (8, 0), (8, 1), (8, 2), (8, 3), (8, 4), (8, 5), (8, 6), (8, 7), (8, 8), (8, 9), (8, 10), (9, 0), (9, 1), (9, 2), (9, 3), (9, 4), (9, 6), (9, 7), (9, 8), (9, 9), (9, 10), (10, 1), (10, 2), (10, 3), (10, 4), (10, 5), (10, 6), (10, 7), (10, 8), (10, 9), (10, 10)], 'occupied_cells': [(0, 6), (1, 4), (2, 2), (3, 8), (4, 3), (5, 7), (7, 1), (9, 5), (10, 0)]}","{'occupied_cells': [(0, 6), (1, 4), (2, 2), (3, 8), (4, 3), (5, 7), (7, 1), (9, 5), (10, 0)], 'empty_cells': [(0, 0), (0, 1), (0, 2), (0, 3), (0, 4), (0, 5), (0, 7), (0, 8), (0, 9), (0, 10), (1, 0), (1, 1), (1, 2), (1, 3), (1, 5), (1, 6), (1, 7), (1, 8), (1, 9), (1, 10), (2, 0), (2, 1), (2, 3), (2, 4), (2, 5), (2, 6), (2, 7), (2, 8), (2, 9), (2, 10), (3, 0), (3, 1), (3, 2), (3, 3), (3, 4), (3, 5), (3, 6), (3, 7), (3, 9), (3, 10), (4, 0), (4, 1), (4, 2), (4, 4), (4, 5), (4, 6), (4, 7), (4, 8), (4, 9), (4, 10), (5, 0), (5, 1), (5, 2), (5, 3), (5, 4), (5, 5), (5, 6), (5, 8), (5, 9), (5, 10), (6, 0), (6, 1), (6, 2), (6, 3), (6, 4), (6, 5), (6, 6), (6, 7), (6, 8), (6, 9), (6, 10), (7, 0), (7, 2), (7, 3), (7, 4), (7, 5), (7, 6), (7, 7), (7, 8), (7, 9), (7, 10), (8, 0), (8, 1), (8, 2), (8, 3), (8, 4), (8, 5), (8, 6), (8, 7), (8, 8), (8, 9), (8, 10), (9, 0), (9, 1), (9, 2), (9, 3), (9, 4), (9, 6), (9, 7), (9, 8), (9, 9), (9, 10), (10, 1), (10, 2), (10, 3), (10, 4), (10, 5), (10, 6), (10, 7), (10, 8), (10, 9), (10, 10)]}"
images/1118/nqueens.jpg,"0;0;0;0;0;0;0;0;0;0
0;0;0;0;0;0;Q;0;0;0
0;0;0;0;Q;0;0;0;0;0
0;0;Q;0;0;0;0;0;0;0
Q;0;0;0;0;0;0;0;0;0
0;0;0;0;0;0;0;0;0;0
0;0;0;0;0;0;0;Q;0;0
0;0;0;0;0;Q;0;0;0;0
0;0;0;Q;0;0;0;0;0;0
0;Q;0;0;0;0;0;0;0;0","[0, 5]","[8, 9]","[(1, 6), (2, 4), (3, 2), (4, 0), (6, 7), (7, 5), (8, 3), (9, 1)]","[0, 5]","[8, 9]","{'empty_cells': [(0, 0), (0, 1), (0, 2), (0, 3), (0, 4), (0, 5), (0, 6), (0, 7), (0, 8), (0, 9), (1, 0), (1, 1), (1, 2), (1, 3), (1, 4), (1, 5), (1, 7), (1, 8), (1, 9), (2, 0), (2, 1), (2, 2), (2, 3), (2, 5), (2, 6), (2, 7), (2, 8), (2, 9), (3, 0), (3, 1), (3, 3), (3, 4), (3, 5), (3, 6), (3, 7), (3, 8), (3, 9), (4, 1), (4, 2), (4, 3), (4, 4), (4, 5), (4, 6), (4, 7), (4, 8), (4, 9), (5, 0), (5, 1), (5, 2), (5, 3), (5, 4), (5, 5), (5, 6), (5, 7), (5, 8), (5, 9), (6, 0), (6, 1), (6, 2), (6, 3), (6, 4), (6, 5), (6, 6), (6, 8), (6, 9), (7, 0), (7, 1), (7, 2), (7, 3), (7, 4), (7, 6), (7, 7), (7, 8), (7, 9), (8, 0), (8, 1), (8, 2), (8, 4), (8, 5), (8, 6), (8, 7), (8, 8), (8, 9), (9, 0), (9, 2), (9, 3), (9, 4), (9, 5), (9, 6), (9, 7), (9, 8), (9, 9)], 'occupied_cells': [(1, 6), (2, 4), (3, 2), (4, 0), (6, 7), (7, 5), (8, 3), (9, 1)]}","{'occupied_cells': [(1, 6), (2, 4), (3, 2), (4, 0), (6, 7), (7, 5), (8, 3), (9, 1)], 'empty_cells': [(0, 0), (0, 1), (0, 2), (0, 3), (0, 4), (0, 5), (0, 6), (0, 7), (0, 8), (0, 9), (1, 0), (1, 1), (1, 2), (1, 3), (1, 4), (1, 5), (1, 7), (1, 8), (1, 9), (2, 0), (2, 1), (2, 2), (2, 3), (2, 5), (2, 6), (2, 7), (2, 8), (2, 9), (3, 0), (3, 1), (3, 3), (3, 4), (3, 5), (3, 6), (3, 7), (3, 8), (3, 9), (4, 1), (4, 2), (4, 3), (4, 4), (4, 5), (4, 6), (4, 7), (4, 8), (4, 9), (5, 0), (5, 1), (5, 2), (5, 3), (5, 4), (5, 5), (5, 6), (5, 7), (5, 8), (5, 9), (6, 0), (6, 1), (6, 2), (6, 3), (6, 4), (6, 5), (6, 6), (6, 8), (6, 9), (7, 0), (7, 1), (7, 2), (7, 3), (7, 4), (7, 6), (7, 7), (7, 8), (7, 9), (8, 0), (8, 1), (8, 2), (8, 4), (8, 5), (8, 6), (8, 7), (8, 8), (8, 9), (9, 0), (9, 2), (9, 3), (9, 4), (9, 5), (9, 6), (9, 7), (9, 8), (9, 9)]}"
images/0584/nqueens.jpg,"Q;0;0;0;0;0;0;0;0;0
0;0;Q;0;0;0;0;0;0;0
0;0;0;0;0;Q;0;0;0;0
0;0;0;0;0;0;0;Q;0;0
0;0;0;0;0;0;0;0;0;0
0;0;0;0;Q;0;0;0;0;0
0;0;0;0;0;0;0;0;0;0
0;Q;0;0;0;0;0;0;0;0
0;0;0;Q;0;0;0;0;0;0
0;0;0;0;0;0;Q;0;0;0","[4, 6]","[8, 9]","[(0, 0), (1, 2), (2, 5), (3, 7), (5, 4), (7, 1), (8, 3), (9, 6)]","[4, 6]","[8, 9]","{'empty_cells': [(0, 1), (0, 2), (0, 3), (0, 4), (0, 5), (0, 6), (0, 7), (0, 8), (0, 9), (1, 0), (1, 1), (1, 3), (1, 4), (1, 5), (1, 6), (1, 7), (1, 8), (1, 9), (2, 0), (2, 1), (2, 2), (2, 3), (2, 4), (2, 6), (2, 7), (2, 8), (2, 9), (3, 0), (3, 1), (3, 2), (3, 3), (3, 4), (3, 5), (3, 6), (3, 8), (3, 9), (4, 0), (4, 1), (4, 2), (4, 3), (4, 4), (4, 5), (4, 6), (4, 7), (4, 8), (4, 9), (5, 0), (5, 1), (5, 2), (5, 3), (5, 5), (5, 6), (5, 7), (5, 8), (5, 9), (6, 0), (6, 1), (6, 2), (6, 3), (6, 4), (6, 5), (6, 6), (6, 7), (6, 8), (6, 9), (7, 0), (7, 2), (7, 3), (7, 4), (7, 5), (7, 6), (7, 7), (7, 8), (7, 9), (8, 0), (8, 1), (8, 2), (8, 4), (8, 5), (8, 6), (8, 7), (8, 8), (8, 9), (9, 0), (9, 1), (9, 2), (9, 3), (9, 4), (9, 5), (9, 7), (9, 8), (9, 9)], 'occupied_cells': [(0, 0), (1, 2), (2, 5), (3, 7), (5, 4), (7, 1), (8, 3), (9, 6)]}","{'occupied_cells': [(0, 0), (1, 2), (2, 5), (3, 7), (5, 4), (7, 1), (8, 3), (9, 6)], 'empty_cells': [(0, 1), (0, 2), (0, 3), (0, 4), (0, 5), (0, 6), (0, 7), (0, 8), (0, 9), (1, 0), (1, 1), (1, 3), (1, 4), (1, 5), (1, 6), (1, 7), (1, 8), (1, 9), (2, 0), (2, 1), (2, 2), (2, 3), (2, 4), (2, 6), (2, 7), (2, 8), (2, 9), (3, 0), (3, 1), (3, 2), (3, 3), (3, 4), (3, 5), (3, 6), (3, 8), (3, 9), (4, 0), (4, 1), (4, 2), (4, 3), (4, 4), (4, 5), (4, 6), (4, 7), (4, 8), (4, 9), (5, 0), (5, 1), (5, 2), (5, 3), (5, 5), (5, 6), (5, 7), (5, 8), (5, 9), (6, 0), (6, 1), (6, 2), (6, 3), (6, 4), (6, 5), (6, 6), (6, 7), (6, 8), (6, 9), (7, 0), (7, 2), (7, 3), (7, 4), (7, 5), (7, 6), (7, 7), (7, 8), (7, 9), (8, 0), (8, 1), (8, 2), (8, 4), (8, 5), (8, 6), (8, 7), (8, 8), (8, 9), (9, 0), (9, 1), (9, 2), (9, 3), (9, 4), (9, 5), (9, 7), (9, 8), (9, 9)]}"
images/0374/nqueens.jpg,"0;0;0;Q;0;0;0;0;0
0;0;0;0;0;Q;0;0;0
0;0;0;0;0;0;0;0;0
0;Q;0;0;0;0;0;0;0
0;0;0;0;Q;0;0;0;0
0;0;0;0;0;0;Q;0;0
0;0;0;0;0;0;0;0;0
Q;0;0;0;0;0;0;0;0
0;0;Q;0;0;0;0;0;0","[2, 6]","[7, 8]","[(0, 3), (1, 5), (3, 1), (4, 4), (5, 6), (7, 0), (8, 2)]","[2, 6]","[7, 8]","{'empty_cells': [(0, 0), (0, 1), (0, 2), (0, 4), (0, 5), (0, 6), (0, 7), (0, 8), (1, 0), (1, 1), (1, 2), (1, 3), (1, 4), (1, 6), (1, 7), (1, 8), (2, 0), (2, 1), (2, 2), (2, 3), (2, 4), (2, 5), (2, 6), (2, 7), (2, 8), (3, 0), (3, 2), (3, 3), (3, 4), (3, 5), (3, 6), (3, 7), (3, 8), (4, 0), (4, 1), (4, 2), (4, 3), (4, 5), (4, 6), (4, 7), (4, 8), (5, 0), (5, 1), (5, 2), (5, 3), (5, 4), (5, 5), (5, 7), (5, 8), (6, 0), (6, 1), (6, 2), (6, 3), (6, 4), (6, 5), (6, 6), (6, 7), (6, 8), (7, 1), (7, 2), (7, 3), (7, 4), (7, 5), (7, 6), (7, 7), (7, 8), (8, 0), (8, 1), (8, 3), (8, 4), (8, 5), (8, 6), (8, 7), (8, 8)], 'occupied_cells': [(0, 3), (1, 5), (3, 1), (4, 4), (5, 6), (7, 0), (8, 2)]}","{'occupied_cells': [(0, 3), (1, 5), (3, 1), (4, 4), (5, 6), (7, 0), (8, 2)], 'empty_cells': [(0, 0), (0, 1), (0, 2), (0, 4), (0, 5), (0, 6), (0, 7), (0, 8), (1, 0), (1, 1), (1, 2), (1, 3), (1, 4), (1, 6), (1, 7), (1, 8), (2, 0), (2, 1), (2, 2), (2, 3), (2, 4), (2, 5), (2, 6), (2, 7), (2, 8), (3, 0), (3, 2), (3, 3), (3, 4), (3, 5), (3, 6), (3, 7), (3, 8), (4, 0), (4, 1), (4, 2), (4, 3), (4, 5), (4, 6), (4, 7), (4, 8), (5, 0), (5, 1), (5, 2), (5, 3), (5, 4), (5, 5), (5, 7), (5, 8), (6, 0), (6, 1), (6, 2), (6, 3), (6, 4), (6, 5), (6, 6), (6, 7), (6, 8), (7, 1), (7, 2), (7, 3), (7, 4), (7, 5), (7, 6), (7, 7), (7, 8), (8, 0), (8, 1), (8, 3), (8, 4), (8, 5), (8, 6), (8, 7), (8, 8)]}"
images/0275/nqueens.jpg,"0;0;0;Q;0;0;0;0;0
0;0;0;0;0;Q;0;0;0
0;0;0;0;0;0;0;0;0
0;0;Q;0;0;0;0;0;0
Q;0;0;0;0;0;0;0;0
0;0;0;0;0;0;Q;0;0
0;0;0;0;Q;0;0;0;0
0;Q;0;0;0;0;0;0;0
0;0;0;0;0;0;0;0;0","[2, 8]","[7, 8]","[(0, 3), (1, 5), (3, 2), (4, 0), (5, 6), (6, 4), (7, 1)]","[2, 8]","[7, 8]","{'empty_cells': [(0, 0), (0, 1), (0, 2), (0, 4), (0, 5), (0, 6), (0, 7), (0, 8), (1, 0), (1, 1), (1, 2), (1, 3), (1, 4), (1, 6), (1, 7), (1, 8), (2, 0), (2, 1), (2, 2), (2, 3), (2, 4), (2, 5), (2, 6), (2, 7), (2, 8), (3, 0), (3, 1), (3, 3), (3, 4), (3, 5), (3, 6), (3, 7), (3, 8), (4, 1), (4, 2), (4, 3), (4, 4), (4, 5), (4, 6), (4, 7), (4, 8), (5, 0), (5, 1), (5, 2), (5, 3), (5, 4), (5, 5), (5, 7), (5, 8), (6, 0), (6, 1), (6, 2), (6, 3), (6, 5), (6, 6), (6, 7), (6, 8), (7, 0), (7, 2), (7, 3), (7, 4), (7, 5), (7, 6), (7, 7), (7, 8), (8, 0), (8, 1), (8, 2), (8, 3), (8, 4), (8, 5), (8, 6), (8, 7), (8, 8)], 'occupied_cells': [(0, 3), (1, 5), (3, 2), (4, 0), (5, 6), (6, 4), (7, 1)]}","{'occupied_cells': [(0, 3), (1, 5), (3, 2), (4, 0), (5, 6), (6, 4), (7, 1)], 'empty_cells': [(0, 0), (0, 1), (0, 2), (0, 4), (0, 5), (0, 6), (0, 7), (0, 8), (1, 0), (1, 1), (1, 2), (1, 3), (1, 4), (1, 6), (1, 7), (1, 8), (2, 0), (2, 1), (2, 2), (2, 3), (2, 4), (2, 5), (2, 6), (2, 7), (2, 8), (3, 0), (3, 1), (3, 3), (3, 4), (3, 5), (3, 6), (3, 7), (3, 8), (4, 1), (4, 2), (4, 3), (4, 4), (4, 5), (4, 6), (4, 7), (4, 8), (5, 0), (5, 1), (5, 2), (5, 3), (5, 4), (5, 5), (5, 7), (5, 8), (6, 0), (6, 1), (6, 2), (6, 3), (6, 5), (6, 6), (6, 7), (6, 8), (7, 0), (7, 2), (7, 3), (7, 4), (7, 5), (7, 6), (7, 7), (7, 8), (8, 0), (8, 1), (8, 2), (8, 3), (8, 4), (8, 5), (8, 6), (8, 7), (8, 8)]}"
images/0746/nqueens.jpg,"0;0;0;0;Q;0;0;0;0;0
0;0;Q;0;0;0;0;0;0;0
0;0;0;0;0;0;0;0;0;0
0;0;0;0;0;Q;0;0;0;0
0;0;0;0;0;0;0;0;0;0
0;Q;0;0;0;0;0;0;0;0
0;0;0;0;0;0;Q;0;0;0
Q;0;0;0;0;0;0;0;0;0
0;0;0;Q;0;0;0;0;0;0
0;0;0;0;0;0;0;Q;0;0","[2, 4]","[8, 9]","[(0, 4), (1, 2), (3, 5), (5, 1), (6, 6), (7, 0), (8, 3), (9, 7)]","[2, 4]","[8, 9]","{'empty_cells': [(0, 0), (0, 1), (0, 2), (0, 3), (0, 5), (0, 6), (0, 7), (0, 8), (0, 9), (1, 0), (1, 1), (1, 3), (1, 4), (1, 5), (1, 6), (1, 7), (1, 8), (1, 9), (2, 0), (2, 1), (2, 2), (2, 3), (2, 4), (2, 5), (2, 6), (2, 7), (2, 8), (2, 9), (3, 0), (3, 1), (3, 2), (3, 3), (3, 4), (3, 6), (3, 7), (3, 8), (3, 9), (4, 0), (4, 1), (4, 2), (4, 3), (4, 4), (4, 5), (4, 6), (4, 7), (4, 8), (4, 9), (5, 0), (5, 2), (5, 3), (5, 4), (5, 5), (5, 6), (5, 7), (5, 8), (5, 9), (6, 0), (6, 1), (6, 2), (6, 3), (6, 4), (6, 5), (6, 7), (6, 8), (6, 9), (7, 1), (7, 2), (7, 3), (7, 4), (7, 5), (7, 6), (7, 7), (7, 8), (7, 9), (8, 0), (8, 1), (8, 2), (8, 4), (8, 5), (8, 6), (8, 7), (8, 8), (8, 9), (9, 0), (9, 1), (9, 2), (9, 3), (9, 4), (9, 5), (9, 6), (9, 8), (9, 9)], 'occupied_cells': [(0, 4), (1, 2), (3, 5), (5, 1), (6, 6), (7, 0), (8, 3), (9, 7)]}","{'occupied_cells': [(0, 4), (1, 2), (3, 5), (5, 1), (6, 6), (7, 0), (8, 3), (9, 7)], 'empty_cells': [(0, 0), (0, 1), (0, 2), (0, 3), (0, 5), (0, 6), (0, 7), (0, 8), (0, 9), (1, 0), (1, 1), (1, 3), (1, 4), (1, 5), (1, 6), (1, 7), (1, 8), (1, 9), (2, 0), (2, 1), (2, 2), (2, 3), (2, 4), (2, 5), (2, 6), (2, 7), (2, 8), (2, 9), (3, 0), (3, 1), (3, 2), (3, 3), (3, 4), (3, 6), (3, 7), (3, 8), (3, 9), (4, 0), (4, 1), (4, 2), (4, 3), (4, 4), (4, 5), (4, 6), (4, 7), (4, 8), (4, 9), (5, 0), (5, 2), (5, 3), (5, 4), (5, 5), (5, 6), (5, 7), (5, 8), (5, 9), (6, 0), (6, 1), (6, 2), (6, 3), (6, 4), (6, 5), (6, 7), (6, 8), (6, 9), (7, 1), (7, 2), (7, 3), (7, 4), (7, 5), (7, 6), (7, 7), (7, 8), (7, 9), (8, 0), (8, 1), (8, 2), (8, 4), (8, 5), (8, 6), (8, 7), (8, 8), (8, 9), (9, 0), (9, 1), (9, 2), (9, 3), (9, 4), (9, 5), (9, 6), (9, 8), (9, 9)]}"
images/0128/nqueens.jpg,"0;0;0;0;0;0;0;0;0
0;0;0;Q;0;0;0;0;0
0;0;0;0;0;Q;0;0;0
0;0;0;0;0;0;0;0;0
0;0;Q;0;0;0;0;0;0
Q;0;0;0;0;0;0;0;0
0;0;0;0;0;0;Q;0;0
0;0;0;0;Q;0;0;0;0
0;Q;0;0;0;0;0;0;0","[0, 3]","[7, 8]","[(1, 3), (2, 5), (4, 2), (5, 0), (6, 6), (7, 4), (8, 1)]","[0, 3]","[7, 8]","{'empty_cells': [(0, 0), (0, 1), (0, 2), (0, 3), (0, 4), (0, 5), (0, 6), (0, 7), (0, 8), (1, 0), (1, 1), (1, 2), (1, 4), (1, 5), (1, 6), (1, 7), (1, 8), (2, 0), (2, 1), (2, 2), (2, 3), (2, 4), (2, 6), (2, 7), (2, 8), (3, 0), (3, 1), (3, 2), (3, 3), (3, 4), (3, 5), (3, 6), (3, 7), (3, 8), (4, 0), (4, 1), (4, 3), (4, 4), (4, 5), (4, 6), (4, 7), (4, 8), (5, 1), (5, 2), (5, 3), (5, 4), (5, 5), (5, 6), (5, 7), (5, 8), (6, 0), (6, 1), (6, 2), (6, 3), (6, 4), (6, 5), (6, 7), (6, 8), (7, 0), (7, 1), (7, 2), (7, 3), (7, 5), (7, 6), (7, 7), (7, 8), (8, 0), (8, 2), (8, 3), (8, 4), (8, 5), (8, 6), (8, 7), (8, 8)], 'occupied_cells': [(1, 3), (2, 5), (4, 2), (5, 0), (6, 6), (7, 4), (8, 1)]}","{'occupied_cells': [(1, 3), (2, 5), (4, 2), (5, 0), (6, 6), (7, 4), (8, 1)], 'empty_cells': [(0, 0), (0, 1), (0, 2), (0, 3), (0, 4), (0, 5), (0, 6), (0, 7), (0, 8), (1, 0), (1, 1), (1, 2), (1, 4), (1, 5), (1, 6), (1, 7), (1, 8), (2, 0), (2, 1), (2, 2), (2, 3), (2, 4), (2, 6), (2, 7), (2, 8), (3, 0), (3, 1), (3, 2), (3, 3), (3, 4), (3, 5), (3, 6), (3, 7), (3, 8), (4, 0), (4, 1), (4, 3), (4, 4), (4, 5), (4, 6), (4, 7), (4, 8), (5, 1), (5, 2), (5, 3), (5, 4), (5, 5), (5, 6), (5, 7), (5, 8), (6, 0), (6, 1), (6, 2), (6, 3), (6, 4), (6, 5), (6, 7), (6, 8), (7, 0), (7, 1), (7, 2), (7, 3), (7, 5), (7, 6), (7, 7), (7, 8), (8, 0), (8, 2), (8, 3), (8, 4), (8, 5), (8, 6), (8, 7), (8, 8)]}"
images/1646/nqueens.jpg,"0;0;0;0;0;0;Q;0;0;0;0
0;0;0;0;0;0;0;0;0;0;0
0;0;0;0;0;Q;0;0;0;0;0
0;0;0;0;0;0;0;0;0;0;0
0;Q;0;0;0;0;0;0;0;0;0
0;0;0;0;0;0;0;Q;0;0;0
0;0;Q;0;0;0;0;0;0;0;0
0;0;0;0;0;0;0;0;Q;0;0
0;0;0;Q;0;0;0;0;0;0;0
Q;0;0;0;0;0;0;0;0;0;0
0;0;0;0;Q;0;0;0;0;0;0","[1, 3]","[9, 10]","[(0, 6), (2, 5), (4, 1), (5, 7), (6, 2), (7, 8), (8, 3), (9, 0), (10, 4)]","[1, 3]","[9, 10]","{'empty_cells': [(0, 0), (0, 1), (0, 2), (0, 3), (0, 4), (0, 5), (0, 7), (0, 8), (0, 9), (0, 10), (1, 0), (1, 1), (1, 2), (1, 3), (1, 4), (1, 5), (1, 6), (1, 7), (1, 8), (1, 9), (1, 10), (2, 0), (2, 1), (2, 2), (2, 3), (2, 4), (2, 6), (2, 7), (2, 8), (2, 9), (2, 10), (3, 0), (3, 1), (3, 2), (3, 3), (3, 4), (3, 5), (3, 6), (3, 7), (3, 8), (3, 9), (3, 10), (4, 0), (4, 2), (4, 3), (4, 4), (4, 5), (4, 6), (4, 7), (4, 8), (4, 9), (4, 10), (5, 0), (5, 1), (5, 2), (5, 3), (5, 4), (5, 5), (5, 6), (5, 8), (5, 9), (5, 10), (6, 0), (6, 1), (6, 3), (6, 4), (6, 5), (6, 6), (6, 7), (6, 8), (6, 9), (6, 10), (7, 0), (7, 1), (7, 2), (7, 3), (7, 4), (7, 5), (7, 6), (7, 7), (7, 9), (7, 10), (8, 0), (8, 1), (8, 2), (8, 4), (8, 5), (8, 6), (8, 7), (8, 8), (8, 9), (8, 10), (9, 1), (9, 2), (9, 3), (9, 4), (9, 5), (9, 6), (9, 7), (9, 8), (9, 9), (9, 10), (10, 0), (10, 1), (10, 2), (10, 3), (10, 5), (10, 6), (10, 7), (10, 8), (10, 9), (10, 10)], 'occupied_cells': [(0, 6), (2, 5), (4, 1), (5, 7), (6, 2), (7, 8), (8, 3), (9, 0), (10, 4)]}","{'occupied_cells': [(0, 6), (2, 5), (4, 1), (5, 7), (6, 2), (7, 8), (8, 3), (9, 0), (10, 4)], 'empty_cells': [(0, 0), (0, 1), (0, 2), (0, 3), (0, 4), (0, 5), (0, 7), (0, 8), (0, 9), (0, 10), (1, 0), (1, 1), (1, 2), (1, 3), (1, 4), (1, 5), (1, 6), (1, 7), (1, 8), (1, 9), (1, 10), (2, 0), (2, 1), (2, 2), (2, 3), (2, 4), (2, 6), (2, 7), (2, 8), (2, 9), (2, 10), (3, 0), (3, 1), (3, 2), (3, 3), (3, 4), (3, 5), (3, 6), (3, 7), (3, 8), (3, 9), (3, 10), (4, 0), (4, 2), (4, 3), (4, 4), (4, 5), (4, 6), (4, 7), (4, 8), (4, 9), (4, 10), (5, 0), (5, 1), (5, 2), (5, 3), (5, 4), (5, 5), (5, 6), (5, 8), (5, 9), (5, 10), (6, 0), (6, 1), (6, 3), (6, 4), (6, 5), (6, 6), (6, 7), (6, 8), (6, 9), (6, 10), (7, 0), (7, 1), (7, 2), (7, 3), (7, 4), (7, 5), (7, 6), (7, 7), (7, 9), (7, 10), (8, 0), (8, 1), (8, 2), (8, 4), (8, 5), (8, 6), (8, 7), (8, 8), (8, 9), (8, 10), (9, 1), (9, 2), (9, 3), (9, 4), (9, 5), (9, 6), (9, 7), (9, 8), (9, 9), (9, 10), (10, 0), (10, 1), (10, 2), (10, 3), (10, 5), (10, 6), (10, 7), (10, 8), (10, 9), (10, 10)]}"
images/1852/nqueens.jpg,"0;0;0;0;0;Q;0;0;0;0;0
0;0;0;0;0;0;0;0;0;0;0
0;0;0;0;0;0;Q;0;0;0;0
0;0;0;Q;0;0;0;0;0;0;0
Q;0;0;0;0;0;0;0;0;0;0
0;0;Q;0;0;0;0;0;0;0;0
0;0;0;0;0;0;0;Q;0;0;0
0;0;0;0;0;0;0;0;0;0;0
0;Q;0;0;0;0;0;0;0;0;0
0;0;0;0;0;0;0;0;Q;0;0
0;0;0;0;Q;0;0;0;0;0;0","[1, 7]","[9, 10]","[(0, 5), (2, 6), (3, 3), (4, 0), (5, 2), (6, 7), (8, 1), (9, 8), (10, 4)]","[1, 7]","[9, 10]","{'empty_cells': [(0, 0), (0, 1), (0, 2), (0, 3), (0, 4), (0, 6), (0, 7), (0, 8), (0, 9), (0, 10), (1, 0), (1, 1), (1, 2), (1, 3), (1, 4), (1, 5), (1, 6), (1, 7), (1, 8), (1, 9), (1, 10), (2, 0), (2, 1), (2, 2), (2, 3), (2, 4), (2, 5), (2, 7), (2, 8), (2, 9), (2, 10), (3, 0), (3, 1), (3, 2), (3, 4), (3, 5), (3, 6), (3, 7), (3, 8), (3, 9), (3, 10), (4, 1), (4, 2), (4, 3), (4, 4), (4, 5), (4, 6), (4, 7), (4, 8), (4, 9), (4, 10), (5, 0), (5, 1), (5, 3), (5, 4), (5, 5), (5, 6), (5, 7), (5, 8), (5, 9), (5, 10), (6, 0), (6, 1), (6, 2), (6, 3), (6, 4), (6, 5), (6, 6), (6, 8), (6, 9), (6, 10), (7, 0), (7, 1), (7, 2), (7, 3), (7, 4), (7, 5), (7, 6), (7, 7), (7, 8), (7, 9), (7, 10), (8, 0), (8, 2), (8, 3), (8, 4), (8, 5), (8, 6), (8, 7), (8, 8), (8, 9), (8, 10), (9, 0), (9, 1), (9, 2), (9, 3), (9, 4), (9, 5), (9, 6), (9, 7), (9, 9), (9, 10), (10, 0), (10, 1), (10, 2), (10, 3), (10, 5), (10, 6), (10, 7), (10, 8), (10, 9), (10, 10)], 'occupied_cells': [(0, 5), (2, 6), (3, 3), (4, 0), (5, 2), (6, 7), (8, 1), (9, 8), (10, 4)]}","{'occupied_cells': [(0, 5), (2, 6), (3, 3), (4, 0), (5, 2), (6, 7), (8, 1), (9, 8), (10, 4)], 'empty_cells': [(0, 0), (0, 1), (0, 2), (0, 3), (0, 4), (0, 6), (0, 7), (0, 8), (0, 9), (0, 10), (1, 0), (1, 1), (1, 2), (1, 3), (1, 4), (1, 5), (1, 6), (1, 7), (1, 8), (1, 9), (1, 10), (2, 0), (2, 1), (2, 2), (2, 3), (2, 4), (2, 5), (2, 7), (2, 8), (2, 9), (2, 10), (3, 0), (3, 1), (3, 2), (3, 4), (3, 5), (3, 6), (3, 7), (3, 8), (3, 9), (3, 10), (4, 1), (4, 2), (4, 3), (4, 4), (4, 5), (4, 6), (4, 7), (4, 8), (4, 9), (4, 10), (5, 0), (5, 1), (5, 3), (5, 4), (5, 5), (5, 6), (5, 7), (5, 8), (5, 9), (5, 10), (6, 0), (6, 1), (6, 2), (6, 3), (6, 4), (6, 5), (6, 6), (6, 8), (6, 9), (6, 10), (7, 0), (7, 1), (7, 2), (7, 3), (7, 4), (7, 5), (7, 6), (7, 7), (7, 8), (7, 9), (7, 10), (8, 0), (8, 2), (8, 3), (8, 4), (8, 5), (8, 6), (8, 7), (8, 8), (8, 9), (8, 10), (9, 0), (9, 1), (9, 2), (9, 3), (9, 4), (9, 5), (9, 6), (9, 7), (9, 9), (9, 10), (10, 0), (10, 1), (10, 2), (10, 3), (10, 5), (10, 6), (10, 7), (10, 8), (10, 9), (10, 10)]}"
images/0674/nqueens.jpg,"0;0;0;0;Q;0;0;0;0;0
0;Q;0;0;0;0;0;0;0;0
0;0;0;0;0;0;0;0;0;0
0;0;0;0;0;0;Q;0;0;0
0;0;0;Q;0;0;0;0;0;0
Q;0;0;0;0;0;0;0;0;0
0;0;Q;0;0;0;0;0;0;0
0;0;0;0;0;0;0;0;0;0
0;0;0;0;0;Q;0;0;0;0
0;0;0;0;0;0;0;Q;0;0","[2, 7]","[8, 9]","[(0, 4), (1, 1), (3, 6), (4, 3), (5, 0), (6, 2), (8, 5), (9, 7)]","[2, 7]","[8, 9]","{'empty_cells': [(0, 0), (0, 1), (0, 2), (0, 3), (0, 5), (0, 6), (0, 7), (0, 8), (0, 9), (1, 0), (1, 2), (1, 3), (1, 4), (1, 5), (1, 6), (1, 7), (1, 8), (1, 9), (2, 0), (2, 1), (2, 2), (2, 3), (2, 4), (2, 5), (2, 6), (2, 7), (2, 8), (2, 9), (3, 0), (3, 1), (3, 2), (3, 3), (3, 4), (3, 5), (3, 7), (3, 8), (3, 9), (4, 0), (4, 1), (4, 2), (4, 4), (4, 5), (4, 6), (4, 7), (4, 8), (4, 9), (5, 1), (5, 2), (5, 3), (5, 4), (5, 5), (5, 6), (5, 7), (5, 8), (5, 9), (6, 0), (6, 1), (6, 3), (6, 4), (6, 5), (6, 6), (6, 7), (6, 8), (6, 9), (7, 0), (7, 1), (7, 2), (7, 3), (7, 4), (7, 5), (7, 6), (7, 7), (7, 8), (7, 9), (8, 0), (8, 1), (8, 2), (8, 3), (8, 4), (8, 6), (8, 7), (8, 8), (8, 9), (9, 0), (9, 1), (9, 2), (9, 3), (9, 4), (9, 5), (9, 6), (9, 8), (9, 9)], 'occupied_cells': [(0, 4), (1, 1), (3, 6), (4, 3), (5, 0), (6, 2), (8, 5), (9, 7)]}","{'occupied_cells': [(0, 4), (1, 1), (3, 6), (4, 3), (5, 0), (6, 2), (8, 5), (9, 7)], 'empty_cells': [(0, 0), (0, 1), (0, 2), (0, 3), (0, 5), (0, 6), (0, 7), (0, 8), (0, 9), (1, 0), (1, 2), (1, 3), (1, 4), (1, 5), (1, 6), (1, 7), (1, 8), (1, 9), (2, 0), (2, 1), (2, 2), (2, 3), (2, 4), (2, 5), (2, 6), (2, 7), (2, 8), (2, 9), (3, 0), (3, 1), (3, 2), (3, 3), (3, 4), (3, 5), (3, 7), (3, 8), (3, 9), (4, 0), (4, 1), (4, 2), (4, 4), (4, 5), (4, 6), (4, 7), (4, 8), (4, 9), (5, 1), (5, 2), (5, 3), (5, 4), (5, 5), (5, 6), (5, 7), (5, 8), (5, 9), (6, 0), (6, 1), (6, 3), (6, 4), (6, 5), (6, 6), (6, 7), (6, 8), (6, 9), (7, 0), (7, 1), (7, 2), (7, 3), (7, 4), (7, 5), (7, 6), (7, 7), (7, 8), (7, 9), (8, 0), (8, 1), (8, 2), (8, 3), (8, 4), (8, 6), (8, 7), (8, 8), (8, 9), (9, 0), (9, 1), (9, 2), (9, 3), (9, 4), (9, 5), (9, 6), (9, 8), (9, 9)]}"
images/1664/nqueens.jpg,"0;0;0;0;0;0;0;0;Q;0;0
0;0;0;0;0;Q;0;0;0;0;0
Q;0;0;0;0;0;0;0;0;0;0
0;0;0;0;0;0;0;0;0;0;0
0;0;0;0;0;0;0;Q;0;0;0
0;0;0;0;Q;0;0;0;0;0;0
0;Q;0;0;0;0;0;0;0;0;0
0;0;0;Q;0;0;0;0;0;0;0
0;0;0;0;0;0;0;0;0;0;0
0;0;0;0;0;0;Q;0;0;0;0
0;0;Q;0;0;0;0;0;0;0;0","[3, 8]","[9, 10]","[(0, 8), (1, 5), (2, 0), (4, 7), (5, 4), (6, 1), (7, 3), (9, 6), (10, 2)]","[3, 8]","[9, 10]","{'empty_cells': [(0, 0), (0, 1), (0, 2), (0, 3), (0, 4), (0, 5), (0, 6), (0, 7), (0, 9), (0, 10), (1, 0), (1, 1), (1, 2), (1, 3), (1, 4), (1, 6), (1, 7), (1, 8), (1, 9), (1, 10), (2, 1), (2, 2), (2, 3), (2, 4), (2, 5), (2, 6), (2, 7), (2, 8), (2, 9), (2, 10), (3, 0), (3, 1), (3, 2), (3, 3), (3, 4), (3, 5), (3, 6), (3, 7), (3, 8), (3, 9), (3, 10), (4, 0), (4, 1), (4, 2), (4, 3), (4, 4), (4, 5), (4, 6), (4, 8), (4, 9), (4, 10), (5, 0), (5, 1), (5, 2), (5, 3), (5, 5), (5, 6), (5, 7), (5, 8), (5, 9), (5, 10), (6, 0), (6, 2), (6, 3), (6, 4), (6, 5), (6, 6), (6, 7), (6, 8), (6, 9), (6, 10), (7, 0), (7, 1), (7, 2), (7, 4), (7, 5), (7, 6), (7, 7), (7, 8), (7, 9), (7, 10), (8, 0), (8, 1), (8, 2), (8, 3), (8, 4), (8, 5), (8, 6), (8, 7), (8, 8), (8, 9), (8, 10), (9, 0), (9, 1), (9, 2), (9, 3), (9, 4), (9, 5), (9, 7), (9, 8), (9, 9), (9, 10), (10, 0), (10, 1), (10, 3), (10, 4), (10, 5), (10, 6), (10, 7), (10, 8), (10, 9), (10, 10)], 'occupied_cells': [(0, 8), (1, 5), (2, 0), (4, 7), (5, 4), (6, 1), (7, 3), (9, 6), (10, 2)]}","{'occupied_cells': [(0, 8), (1, 5), (2, 0), (4, 7), (5, 4), (6, 1), (7, 3), (9, 6), (10, 2)], 'empty_cells': [(0, 0), (0, 1), (0, 2), (0, 3), (0, 4), (0, 5), (0, 6), (0, 7), (0, 9), (0, 10), (1, 0), (1, 1), (1, 2), (1, 3), (1, 4), (1, 6), (1, 7), (1, 8), (1, 9), (1, 10), (2, 1), (2, 2), (2, 3), (2, 4), (2, 5), (2, 6), (2, 7), (2, 8), (2, 9), (2, 10), (3, 0), (3, 1), (3, 2), (3, 3), (3, 4), (3, 5), (3, 6), (3, 7), (3, 8), (3, 9), (3, 10), (4, 0), (4, 1), (4, 2), (4, 3), (4, 4), (4, 5), (4, 6), (4, 8), (4, 9), (4, 10), (5, 0), (5, 1), (5, 2), (5, 3), (5, 5), (5, 6), (5, 7), (5, 8), (5, 9), (5, 10), (6, 0), (6, 2), (6, 3), (6, 4), (6, 5), (6, 6), (6, 7), (6, 8), (6, 9), (6, 10), (7, 0), (7, 1), (7, 2), (7, 4), (7, 5), (7, 6), (7, 7), (7, 8), (7, 9), (7, 10), (8, 0), (8, 1), (8, 2), (8, 3), (8, 4), (8, 5), (8, 6), (8, 7), (8, 8), (8, 9), (8, 10), (9, 0), (9, 1), (9, 2), (9, 3), (9, 4), (9, 5), (9, 7), (9, 8), (9, 9), (9, 10), (10, 0), (10, 1), (10, 3), (10, 4), (10, 5), (10, 6), (10, 7), (10, 8), (10, 9), (10, 10)]}"
images/1981/nqueens.jpg,"0;0;0;0;0;0;Q;0;0;0;0
0;0;0;0;0;0;0;0;Q;0;0
0;0;Q;0;0;0;0;0;0;0;0
Q;0;0;0;0;0;0;0;0;0;0
0;0;0;0;0;0;0;Q;0;0;0
0;0;0;0;0;0;0;0;0;0;0
0;0;0;0;Q;0;0;0;0;0;0
0;Q;0;0;0;0;0;0;0;0;0
0;0;0;0;0;0;0;0;0;0;0
0;0;0;0;0;Q;0;0;0;0;0
0;0;0;Q;0;0;0;0;0;0;0","[5, 8]","[9, 10]","[(0, 6), (1, 8), (2, 2), (3, 0), (4, 7), (6, 4), (7, 1), (9, 5), (10, 3)]","[5, 8]","[9, 10]","{'empty_cells': [(0, 0), (0, 1), (0, 2), (0, 3), (0, 4), (0, 5), (0, 7), (0, 8), (0, 9), (0, 10), (1, 0), (1, 1), (1, 2), (1, 3), (1, 4), (1, 5), (1, 6), (1, 7), (1, 9), (1, 10), (2, 0), (2, 1), (2, 3), (2, 4), (2, 5), (2, 6), (2, 7), (2, 8), (2, 9), (2, 10), (3, 1), (3, 2), (3, 3), (3, 4), (3, 5), (3, 6), (3, 7), (3, 8), (3, 9), (3, 10), (4, 0), (4, 1), (4, 2), (4, 3), (4, 4), (4, 5), (4, 6), (4, 8), (4, 9), (4, 10), (5, 0), (5, 1), (5, 2), (5, 3), (5, 4), (5, 5), (5, 6), (5, 7), (5, 8), (5, 9), (5, 10), (6, 0), (6, 1), (6, 2), (6, 3), (6, 5), (6, 6), (6, 7), (6, 8), (6, 9), (6, 10), (7, 0), (7, 2), (7, 3), (7, 4), (7, 5), (7, 6), (7, 7), (7, 8), (7, 9), (7, 10), (8, 0), (8, 1), (8, 2), (8, 3), (8, 4), (8, 5), (8, 6), (8, 7), (8, 8), (8, 9), (8, 10), (9, 0), (9, 1), (9, 2), (9, 3), (9, 4), (9, 6), (9, 7), (9, 8), (9, 9), (9, 10), (10, 0), (10, 1), (10, 2), (10, 4), (10, 5), (10, 6), (10, 7), (10, 8), (10, 9), (10, 10)], 'occupied_cells': [(0, 6), (1, 8), (2, 2), (3, 0), (4, 7), (6, 4), (7, 1), (9, 5), (10, 3)]}","{'occupied_cells': [(0, 6), (1, 8), (2, 2), (3, 0), (4, 7), (6, 4), (7, 1), (9, 5), (10, 3)], 'empty_cells': [(0, 0), (0, 1), (0, 2), (0, 3), (0, 4), (0, 5), (0, 7), (0, 8), (0, 9), (0, 10), (1, 0), (1, 1), (1, 2), (1, 3), (1, 4), (1, 5), (1, 6), (1, 7), (1, 9), (1, 10), (2, 0), (2, 1), (2, 3), (2, 4), (2, 5), (2, 6), (2, 7), (2, 8), (2, 9), (2, 10), (3, 1), (3, 2), (3, 3), (3, 4), (3, 5), (3, 6), (3, 7), (3, 8), (3, 9), (3, 10), (4, 0), (4, 1), (4, 2), (4, 3), (4, 4), (4, 5), (4, 6), (4, 8), (4, 9), (4, 10), (5, 0), (5, 1), (5, 2), (5, 3), (5, 4), (5, 5), (5, 6), (5, 7), (5, 8), (5, 9), (5, 10), (6, 0), (6, 1), (6, 2), (6, 3), (6, 5), (6, 6), (6, 7), (6, 8), (6, 9), (6, 10), (7, 0), (7, 2), (7, 3), (7, 4), (7, 5), (7, 6), (7, 7), (7, 8), (7, 9), (7, 10), (8, 0), (8, 1), (8, 2), (8, 3), (8, 4), (8, 5), (8, 6), (8, 7), (8, 8), (8, 9), (8, 10), (9, 0), (9, 1), (9, 2), (9, 3), (9, 4), (9, 6), (9, 7), (9, 8), (9, 9), (9, 10), (10, 0), (10, 1), (10, 2), (10, 4), (10, 5), (10, 6), (10, 7), (10, 8), (10, 9), (10, 10)]}"
images/1083/nqueens.jpg,"0;0;0;0;0;0;0;0;0;0
0;Q;0;0;0;0;0;0;0;0
0;0;0;0;0;0;0;Q;0;0
Q;0;0;0;0;0;0;0;0;0
0;0;0;Q;0;0;0;0;0;0
0;0;0;0;0;0;Q;0;0;0
0;0;0;0;0;0;0;0;0;0
0;0;0;0;0;Q;0;0;0;0
0;0;Q;0;0;0;0;0;0;0
0;0;0;0;Q;0;0;0;0;0","[0, 6]","[8, 9]","[(1, 1), (2, 7), (3, 0), (4, 3), (5, 6), (7, 5), (8, 2), (9, 4)]","[0, 6]","[8, 9]","{'empty_cells': [(0, 0), (0, 1), (0, 2), (0, 3), (0, 4), (0, 5), (0, 6), (0, 7), (0, 8), (0, 9), (1, 0), (1, 2), (1, 3), (1, 4), (1, 5), (1, 6), (1, 7), (1, 8), (1, 9), (2, 0), (2, 1), (2, 2), (2, 3), (2, 4), (2, 5), (2, 6), (2, 8), (2, 9), (3, 1), (3, 2), (3, 3), (3, 4), (3, 5), (3, 6), (3, 7), (3, 8), (3, 9), (4, 0), (4, 1), (4, 2), (4, 4), (4, 5), (4, 6), (4, 7), (4, 8), (4, 9), (5, 0), (5, 1), (5, 2), (5, 3), (5, 4), (5, 5), (5, 7), (5, 8), (5, 9), (6, 0), (6, 1), (6, 2), (6, 3), (6, 4), (6, 5), (6, 6), (6, 7), (6, 8), (6, 9), (7, 0), (7, 1), (7, 2), (7, 3), (7, 4), (7, 6), (7, 7), (7, 8), (7, 9), (8, 0), (8, 1), (8, 3), (8, 4), (8, 5), (8, 6), (8, 7), (8, 8), (8, 9), (9, 0), (9, 1), (9, 2), (9, 3), (9, 5), (9, 6), (9, 7), (9, 8), (9, 9)], 'occupied_cells': [(1, 1), (2, 7), (3, 0), (4, 3), (5, 6), (7, 5), (8, 2), (9, 4)]}","{'occupied_cells': [(1, 1), (2, 7), (3, 0), (4, 3), (5, 6), (7, 5), (8, 2), (9, 4)], 'empty_cells': [(0, 0), (0, 1), (0, 2), (0, 3), (0, 4), (0, 5), (0, 6), (0, 7), (0, 8), (0, 9), (1, 0), (1, 2), (1, 3), (1, 4), (1, 5), (1, 6), (1, 7), (1, 8), (1, 9), (2, 0), (2, 1), (2, 2), (2, 3), (2, 4), (2, 5), (2, 6), (2, 8), (2, 9), (3, 1), (3, 2), (3, 3), (3, 4), (3, 5), (3, 6), (3, 7), (3, 8), (3, 9), (4, 0), (4, 1), (4, 2), (4, 4), (4, 5), (4, 6), (4, 7), (4, 8), (4, 9), (5, 0), (5, 1), (5, 2), (5, 3), (5, 4), (5, 5), (5, 7), (5, 8), (5, 9), (6, 0), (6, 1), (6, 2), (6, 3), (6, 4), (6, 5), (6, 6), (6, 7), (6, 8), (6, 9), (7, 0), (7, 1), (7, 2), (7, 3), (7, 4), (7, 6), (7, 7), (7, 8), (7, 9), (8, 0), (8, 1), (8, 3), (8, 4), (8, 5), (8, 6), (8, 7), (8, 8), (8, 9), (9, 0), (9, 1), (9, 2), (9, 3), (9, 5), (9, 6), (9, 7), (9, 8), (9, 9)]}"
images/1922/nqueens.jpg,"0;0;0;0;0;0;Q;0;0;0;0
0;0;0;0;Q;0;0;0;0;0;0
0;0;Q;0;0;0;0;0;0;0;0
0;0;0;0;0;0;0;0;0;0;0
0;0;0;0;0;0;0;0;Q;0;0
0;0;0;Q;0;0;0;0;0;0;0
0;Q;0;0;0;0;0;0;0;0;0
0;0;0;0;0;0;0;0;0;0;0
0;0;0;0;0;0;0;Q;0;0;0
0;0;0;0;0;Q;0;0;0;0;0
Q;0;0;0;0;0;0;0;0;0;0","[3, 7]","[9, 10]","[(0, 6), (1, 4), (2, 2), (4, 8), (5, 3), (6, 1), (8, 7), (9, 5), (10, 0)]","[3, 7]","[9, 10]","{'empty_cells': [(0, 0), (0, 1), (0, 2), (0, 3), (0, 4), (0, 5), (0, 7), (0, 8), (0, 9), (0, 10), (1, 0), (1, 1), (1, 2), (1, 3), (1, 5), (1, 6), (1, 7), (1, 8), (1, 9), (1, 10), (2, 0), (2, 1), (2, 3), (2, 4), (2, 5), (2, 6), (2, 7), (2, 8), (2, 9), (2, 10), (3, 0), (3, 1), (3, 2), (3, 3), (3, 4), (3, 5), (3, 6), (3, 7), (3, 8), (3, 9), (3, 10), (4, 0), (4, 1), (4, 2), (4, 3), (4, 4), (4, 5), (4, 6), (4, 7), (4, 9), (4, 10), (5, 0), (5, 1), (5, 2), (5, 4), (5, 5), (5, 6), (5, 7), (5, 8), (5, 9), (5, 10), (6, 0), (6, 2), (6, 3), (6, 4), (6, 5), (6, 6), (6, 7), (6, 8), (6, 9), (6, 10), (7, 0), (7, 1), (7, 2), (7, 3), (7, 4), (7, 5), (7, 6), (7, 7), (7, 8), (7, 9), (7, 10), (8, 0), (8, 1), (8, 2), (8, 3), (8, 4), (8, 5), (8, 6), (8, 8), (8, 9), (8, 10), (9, 0), (9, 1), (9, 2), (9, 3), (9, 4), (9, 6), (9, 7), (9, 8), (9, 9), (9, 10), (10, 1), (10, 2), (10, 3), (10, 4), (10, 5), (10, 6), (10, 7), (10, 8), (10, 9), (10, 10)], 'occupied_cells': [(0, 6), (1, 4), (2, 2), (4, 8), (5, 3), (6, 1), (8, 7), (9, 5), (10, 0)]}","{'occupied_cells': [(0, 6), (1, 4), (2, 2), (4, 8), (5, 3), (6, 1), (8, 7), (9, 5), (10, 0)], 'empty_cells': [(0, 0), (0, 1), (0, 2), (0, 3), (0, 4), (0, 5), (0, 7), (0, 8), (0, 9), (0, 10), (1, 0), (1, 1), (1, 2), (1, 3), (1, 5), (1, 6), (1, 7), (1, 8), (1, 9), (1, 10), (2, 0), (2, 1), (2, 3), (2, 4), (2, 5), (2, 6), (2, 7), (2, 8), (2, 9), (2, 10), (3, 0), (3, 1), (3, 2), (3, 3), (3, 4), (3, 5), (3, 6), (3, 7), (3, 8), (3, 9), (3, 10), (4, 0), (4, 1), (4, 2), (4, 3), (4, 4), (4, 5), (4, 6), (4, 7), (4, 9), (4, 10), (5, 0), (5, 1), (5, 2), (5, 4), (5, 5), (5, 6), (5, 7), (5, 8), (5, 9), (5, 10), (6, 0), (6, 2), (6, 3), (6, 4), (6, 5), (6, 6), (6, 7), (6, 8), (6, 9), (6, 10), (7, 0), (7, 1), (7, 2), (7, 3), (7, 4), (7, 5), (7, 6), (7, 7), (7, 8), (7, 9), (7, 10), (8, 0), (8, 1), (8, 2), (8, 3), (8, 4), (8, 5), (8, 6), (8, 8), (8, 9), (8, 10), (9, 0), (9, 1), (9, 2), (9, 3), (9, 4), (9, 6), (9, 7), (9, 8), (9, 9), (9, 10), (10, 1), (10, 2), (10, 3), (10, 4), (10, 5), (10, 6), (10, 7), (10, 8), (10, 9), (10, 10)]}"
images/0099/nqueens.jpg,"0;0;0;0;0;0;0;0;0
0;0;0;0;0;0;Q;0;0
0;0;0;Q;0;0;0;0;0
0;Q;0;0;0;0;0;0;0
0;0;0;0;0;0;0;0;0
0;0;0;0;0;Q;0;0;0
Q;0;0;0;0;0;0;0;0
0;0;Q;0;0;0;0;0;0
0;0;0;0;Q;0;0;0;0","[0, 4]","[7, 8]","[(1, 6), (2, 3), (3, 1), (5, 5), (6, 0), (7, 2), (8, 4)]","[0, 4]","[7, 8]","{'empty_cells': [(0, 0), (0, 1), (0, 2), (0, 3), (0, 4), (0, 5), (0, 6), (0, 7), (0, 8), (1, 0), (1, 1), (1, 2), (1, 3), (1, 4), (1, 5), (1, 7), (1, 8), (2, 0), (2, 1), (2, 2), (2, 4), (2, 5), (2, 6), (2, 7), (2, 8), (3, 0), (3, 2), (3, 3), (3, 4), (3, 5), (3, 6), (3, 7), (3, 8), (4, 0), (4, 1), (4, 2), (4, 3), (4, 4), (4, 5), (4, 6), (4, 7), (4, 8), (5, 0), (5, 1), (5, 2), (5, 3), (5, 4), (5, 6), (5, 7), (5, 8), (6, 1), (6, 2), (6, 3), (6, 4), (6, 5), (6, 6), (6, 7), (6, 8), (7, 0), (7, 1), (7, 3), (7, 4), (7, 5), (7, 6), (7, 7), (7, 8), (8, 0), (8, 1), (8, 2), (8, 3), (8, 5), (8, 6), (8, 7), (8, 8)], 'occupied_cells': [(1, 6), (2, 3), (3, 1), (5, 5), (6, 0), (7, 2), (8, 4)]}","{'occupied_cells': [(1, 6), (2, 3), (3, 1), (5, 5), (6, 0), (7, 2), (8, 4)], 'empty_cells': [(0, 0), (0, 1), (0, 2), (0, 3), (0, 4), (0, 5), (0, 6), (0, 7), (0, 8), (1, 0), (1, 1), (1, 2), (1, 3), (1, 4), (1, 5), (1, 7), (1, 8), (2, 0), (2, 1), (2, 2), (2, 4), (2, 5), (2, 6), (2, 7), (2, 8), (3, 0), (3, 2), (3, 3), (3, 4), (3, 5), (3, 6), (3, 7), (3, 8), (4, 0), (4, 1), (4, 2), (4, 3), (4, 4), (4, 5), (4, 6), (4, 7), (4, 8), (5, 0), (5, 1), (5, 2), (5, 3), (5, 4), (5, 6), (5, 7), (5, 8), (6, 1), (6, 2), (6, 3), (6, 4), (6, 5), (6, 6), (6, 7), (6, 8), (7, 0), (7, 1), (7, 3), (7, 4), (7, 5), (7, 6), (7, 7), (7, 8), (8, 0), (8, 1), (8, 2), (8, 3), (8, 5), (8, 6), (8, 7), (8, 8)]}"
images/1179/nqueens.jpg,"0;0;Q;0;0;0;0;0;0;0;0
0;0;0;0;0;0;0;0;Q;0;0
0;0;0;0;0;Q;0;0;0;0;0
0;0;0;Q;0;0;0;0;0;0;0
0;0;0;0;0;0;0;0;0;0;0
Q;0;0;0;0;0;0;0;0;0;0
0;0;0;0;0;0;0;Q;0;0;0
0;Q;0;0;0;0;0;0;0;0;0
0;0;0;0;Q;0;0;0;0;0;0
0;0;0;0;0;0;Q;0;0;0;0
0;0;0;0;0;0;0;0;0;0;0","[4, 10]","[9, 10]","[(0, 2), (1, 8), (2, 5), (3, 3), (5, 0), (6, 7), (7, 1), (8, 4), (9, 6)]","[4, 10]","[9, 10]","{'empty_cells': [(0, 0), (0, 1), (0, 3), (0, 4), (0, 5), (0, 6), (0, 7), (0, 8), (0, 9), (0, 10), (1, 0), (1, 1), (1, 2), (1, 3), (1, 4), (1, 5), (1, 6), (1, 7), (1, 9), (1, 10), (2, 0), (2, 1), (2, 2), (2, 3), (2, 4), (2, 6), (2, 7), (2, 8), (2, 9), (2, 10), (3, 0), (3, 1), (3, 2), (3, 4), (3, 5), (3, 6), (3, 7), (3, 8), (3, 9), (3, 10), (4, 0), (4, 1), (4, 2), (4, 3), (4, 4), (4, 5), (4, 6), (4, 7), (4, 8), (4, 9), (4, 10), (5, 1), (5, 2), (5, 3), (5, 4), (5, 5), (5, 6), (5, 7), (5, 8), (5, 9), (5, 10), (6, 0), (6, 1), (6, 2), (6, 3), (6, 4), (6, 5), (6, 6), (6, 8), (6, 9), (6, 10), (7, 0), (7, 2), (7, 3), (7, 4), (7, 5), (7, 6), (7, 7), (7, 8), (7, 9), (7, 10), (8, 0), (8, 1), (8, 2), (8, 3), (8, 5), (8, 6), (8, 7), (8, 8), (8, 9), (8, 10), (9, 0), (9, 1), (9, 2), (9, 3), (9, 4), (9, 5), (9, 7), (9, 8), (9, 9), (9, 10), (10, 0), (10, 1), (10, 2), (10, 3), (10, 4), (10, 5), (10, 6), (10, 7), (10, 8), (10, 9), (10, 10)], 'occupied_cells': [(0, 2), (1, 8), (2, 5), (3, 3), (5, 0), (6, 7), (7, 1), (8, 4), (9, 6)]}","{'occupied_cells': [(0, 2), (1, 8), (2, 5), (3, 3), (5, 0), (6, 7), (7, 1), (8, 4), (9, 6)], 'empty_cells': [(0, 0), (0, 1), (0, 3), (0, 4), (0, 5), (0, 6), (0, 7), (0, 8), (0, 9), (0, 10), (1, 0), (1, 1), (1, 2), (1, 3), (1, 4), (1, 5), (1, 6), (1, 7), (1, 9), (1, 10), (2, 0), (2, 1), (2, 2), (2, 3), (2, 4), (2, 6), (2, 7), (2, 8), (2, 9), (2, 10), (3, 0), (3, 1), (3, 2), (3, 4), (3, 5), (3, 6), (3, 7), (3, 8), (3, 9), (3, 10), (4, 0), (4, 1), (4, 2), (4, 3), (4, 4), (4, 5), (4, 6), (4, 7), (4, 8), (4, 9), (4, 10), (5, 1), (5, 2), (5, 3), (5, 4), (5, 5), (5, 6), (5, 7), (5, 8), (5, 9), (5, 10), (6, 0), (6, 1), (6, 2), (6, 3), (6, 4), (6, 5), (6, 6), (6, 8), (6, 9), (6, 10), (7, 0), (7, 2), (7, 3), (7, 4), (7, 5), (7, 6), (7, 7), (7, 8), (7, 9), (7, 10), (8, 0), (8, 1), (8, 2), (8, 3), (8, 5), (8, 6), (8, 7), (8, 8), (8, 9), (8, 10), (9, 0), (9, 1), (9, 2), (9, 3), (9, 4), (9, 5), (9, 7), (9, 8), (9, 9), (9, 10), (10, 0), (10, 1), (10, 2), (10, 3), (10, 4), (10, 5), (10, 6), (10, 7), (10, 8), (10, 9), (10, 10)]}"
images/0964/nqueens.jpg,"0;0;0;0;0;Q;0;0;0;0
0;0;0;0;0;0;0;0;0;0
0;0;Q;0;0;0;0;0;0;0
0;0;0;0;Q;0;0;0;0;0
0;0;0;0;0;0;0;Q;0;0
0;Q;0;0;0;0;0;0;0;0
0;0;0;0;0;0;0;0;0;0
0;0;0;0;0;0;Q;0;0;0
Q;0;0;0;0;0;0;0;0;0
0;0;0;Q;0;0;0;0;0;0","[1, 6]","[8, 9]","[(0, 5), (2, 2), (3, 4), (4, 7), (5, 1), (7, 6), (8, 0), (9, 3)]","[1, 6]","[8, 9]","{'empty_cells': [(0, 0), (0, 1), (0, 2), (0, 3), (0, 4), (0, 6), (0, 7), (0, 8), (0, 9), (1, 0), (1, 1), (1, 2), (1, 3), (1, 4), (1, 5), (1, 6), (1, 7), (1, 8), (1, 9), (2, 0), (2, 1), (2, 3), (2, 4), (2, 5), (2, 6), (2, 7), (2, 8), (2, 9), (3, 0), (3, 1), (3, 2), (3, 3), (3, 5), (3, 6), (3, 7), (3, 8), (3, 9), (4, 0), (4, 1), (4, 2), (4, 3), (4, 4), (4, 5), (4, 6), (4, 8), (4, 9), (5, 0), (5, 2), (5, 3), (5, 4), (5, 5), (5, 6), (5, 7), (5, 8), (5, 9), (6, 0), (6, 1), (6, 2), (6, 3), (6, 4), (6, 5), (6, 6), (6, 7), (6, 8), (6, 9), (7, 0), (7, 1), (7, 2), (7, 3), (7, 4), (7, 5), (7, 7), (7, 8), (7, 9), (8, 1), (8, 2), (8, 3), (8, 4), (8, 5), (8, 6), (8, 7), (8, 8), (8, 9), (9, 0), (9, 1), (9, 2), (9, 4), (9, 5), (9, 6), (9, 7), (9, 8), (9, 9)], 'occupied_cells': [(0, 5), (2, 2), (3, 4), (4, 7), (5, 1), (7, 6), (8, 0), (9, 3)]}","{'occupied_cells': [(0, 5), (2, 2), (3, 4), (4, 7), (5, 1), (7, 6), (8, 0), (9, 3)], 'empty_cells': [(0, 0), (0, 1), (0, 2), (0, 3), (0, 4), (0, 6), (0, 7), (0, 8), (0, 9), (1, 0), (1, 1), (1, 2), (1, 3), (1, 4), (1, 5), (1, 6), (1, 7), (1, 8), (1, 9), (2, 0), (2, 1), (2, 3), (2, 4), (2, 5), (2, 6), (2, 7), (2, 8), (2, 9), (3, 0), (3, 1), (3, 2), (3, 3), (3, 5), (3, 6), (3, 7), (3, 8), (3, 9), (4, 0), (4, 1), (4, 2), (4, 3), (4, 4), (4, 5), (4, 6), (4, 8), (4, 9), (5, 0), (5, 2), (5, 3), (5, 4), (5, 5), (5, 6), (5, 7), (5, 8), (5, 9), (6, 0), (6, 1), (6, 2), (6, 3), (6, 4), (6, 5), (6, 6), (6, 7), (6, 8), (6, 9), (7, 0), (7, 1), (7, 2), (7, 3), (7, 4), (7, 5), (7, 7), (7, 8), (7, 9), (8, 1), (8, 2), (8, 3), (8, 4), (8, 5), (8, 6), (8, 7), (8, 8), (8, 9), (9, 0), (9, 1), (9, 2), (9, 4), (9, 5), (9, 6), (9, 7), (9, 8), (9, 9)]}"
images/0792/nqueens.jpg,"0;0;0;0;0;0;0;0;0;0
0;0;0;0;0;0;Q;0;0;0
0;0;Q;0;0;0;0;0;0;0
Q;0;0;0;0;0;0;0;0;0
0;0;0;0;0;Q;0;0;0;0
0;Q;0;0;0;0;0;0;0;0
0;0;0;0;Q;0;0;0;0;0
0;0;0;0;0;0;0;0;0;0
0;0;0;0;0;0;0;Q;0;0
0;0;0;Q;0;0;0;0;0;0","[0, 7]","[8, 9]","[(1, 6), (2, 2), (3, 0), (4, 5), (5, 1), (6, 4), (8, 7), (9, 3)]","[0, 7]","[8, 9]","{'empty_cells': [(0, 0), (0, 1), (0, 2), (0, 3), (0, 4), (0, 5), (0, 6), (0, 7), (0, 8), (0, 9), (1, 0), (1, 1), (1, 2), (1, 3), (1, 4), (1, 5), (1, 7), (1, 8), (1, 9), (2, 0), (2, 1), (2, 3), (2, 4), (2, 5), (2, 6), (2, 7), (2, 8), (2, 9), (3, 1), (3, 2), (3, 3), (3, 4), (3, 5), (3, 6), (3, 7), (3, 8), (3, 9), (4, 0), (4, 1), (4, 2), (4, 3), (4, 4), (4, 6), (4, 7), (4, 8), (4, 9), (5, 0), (5, 2), (5, 3), (5, 4), (5, 5), (5, 6), (5, 7), (5, 8), (5, 9), (6, 0), (6, 1), (6, 2), (6, 3), (6, 5), (6, 6), (6, 7), (6, 8), (6, 9), (7, 0), (7, 1), (7, 2), (7, 3), (7, 4), (7, 5), (7, 6), (7, 7), (7, 8), (7, 9), (8, 0), (8, 1), (8, 2), (8, 3), (8, 4), (8, 5), (8, 6), (8, 8), (8, 9), (9, 0), (9, 1), (9, 2), (9, 4), (9, 5), (9, 6), (9, 7), (9, 8), (9, 9)], 'occupied_cells': [(1, 6), (2, 2), (3, 0), (4, 5), (5, 1), (6, 4), (8, 7), (9, 3)]}","{'occupied_cells': [(1, 6), (2, 2), (3, 0), (4, 5), (5, 1), (6, 4), (8, 7), (9, 3)], 'empty_cells': [(0, 0), (0, 1), (0, 2), (0, 3), (0, 4), (0, 5), (0, 6), (0, 7), (0, 8), (0, 9), (1, 0), (1, 1), (1, 2), (1, 3), (1, 4), (1, 5), (1, 7), (1, 8), (1, 9), (2, 0), (2, 1), (2, 3), (2, 4), (2, 5), (2, 6), (2, 7), (2, 8), (2, 9), (3, 1), (3, 2), (3, 3), (3, 4), (3, 5), (3, 6), (3, 7), (3, 8), (3, 9), (4, 0), (4, 1), (4, 2), (4, 3), (4, 4), (4, 6), (4, 7), (4, 8), (4, 9), (5, 0), (5, 2), (5, 3), (5, 4), (5, 5), (5, 6), (5, 7), (5, 8), (5, 9), (6, 0), (6, 1), (6, 2), (6, 3), (6, 5), (6, 6), (6, 7), (6, 8), (6, 9), (7, 0), (7, 1), (7, 2), (7, 3), (7, 4), (7, 5), (7, 6), (7, 7), (7, 8), (7, 9), (8, 0), (8, 1), (8, 2), (8, 3), (8, 4), (8, 5), (8, 6), (8, 8), (8, 9), (9, 0), (9, 1), (9, 2), (9, 4), (9, 5), (9, 6), (9, 7), (9, 8), (9, 9)]}"
images/0029/nqueens.jpg,"0;0;Q;0;0;0;0;0
0;0;0;0;Q;0;0;0
0;0;0;0;0;0;0;0
0;0;0;Q;0;0;0;0
Q;0;0;0;0;0;0;0
0;0;0;0;0;0;0;0
0;Q;0;0;0;0;0;0
0;0;0;0;0;Q;0;0","[2, 5]","[6, 7]","[(0, 2), (1, 4), (3, 3), (4, 0), (6, 1), (7, 5)]","[2, 5]","[6, 7]","{'empty_cells': [(0, 0), (0, 1), (0, 3), (0, 4), (0, 5), (0, 6), (0, 7), (1, 0), (1, 1), (1, 2), (1, 3), (1, 5), (1, 6), (1, 7), (2, 0), (2, 1), (2, 2), (2, 3), (2, 4), (2, 5), (2, 6), (2, 7), (3, 0), (3, 1), (3, 2), (3, 4), (3, 5), (3, 6), (3, 7), (4, 1), (4, 2), (4, 3), (4, 4), (4, 5), (4, 6), (4, 7), (5, 0), (5, 1), (5, 2), (5, 3), (5, 4), (5, 5), (5, 6), (5, 7), (6, 0), (6, 2), (6, 3), (6, 4), (6, 5), (6, 6), (6, 7), (7, 0), (7, 1), (7, 2), (7, 3), (7, 4), (7, 6), (7, 7)], 'occupied_cells': [(0, 2), (1, 4), (3, 3), (4, 0), (6, 1), (7, 5)]}","{'occupied_cells': [(0, 2), (1, 4), (3, 3), (4, 0), (6, 1), (7, 5)], 'empty_cells': [(0, 0), (0, 1), (0, 3), (0, 4), (0, 5), (0, 6), (0, 7), (1, 0), (1, 1), (1, 2), (1, 3), (1, 5), (1, 6), (1, 7), (2, 0), (2, 1), (2, 2), (2, 3), (2, 4), (2, 5), (2, 6), (2, 7), (3, 0), (3, 1), (3, 2), (3, 4), (3, 5), (3, 6), (3, 7), (4, 1), (4, 2), (4, 3), (4, 4), (4, 5), (4, 6), (4, 7), (5, 0), (5, 1), (5, 2), (5, 3), (5, 4), (5, 5), (5, 6), (5, 7), (6, 0), (6, 2), (6, 3), (6, 4), (6, 5), (6, 6), (6, 7), (7, 0), (7, 1), (7, 2), (7, 3), (7, 4), (7, 6), (7, 7)]}"
images/0628/nqueens.jpg,"0;0;0;0;0;0;0;0;0;0
0;0;Q;0;0;0;0;0;0;0
Q;0;0;0;0;0;0;0;0;0
0;0;0;Q;0;0;0;0;0;0
0;0;0;0;0;0;Q;0;0;0
0;0;0;0;0;0;0;0;0;0
0;Q;0;0;0;0;0;0;0;0
0;0;0;0;Q;0;0;0;0;0
0;0;0;0;0;0;0;Q;0;0
0;0;0;0;0;Q;0;0;0;0","[0, 5]","[8, 9]","[(1, 2), (2, 0), (3, 3), (4, 6), (6, 1), (7, 4), (8, 7), (9, 5)]","[0, 5]","[8, 9]","{'empty_cells': [(0, 0), (0, 1), (0, 2), (0, 3), (0, 4), (0, 5), (0, 6), (0, 7), (0, 8), (0, 9), (1, 0), (1, 1), (1, 3), (1, 4), (1, 5), (1, 6), (1, 7), (1, 8), (1, 9), (2, 1), (2, 2), (2, 3), (2, 4), (2, 5), (2, 6), (2, 7), (2, 8), (2, 9), (3, 0), (3, 1), (3, 2), (3, 4), (3, 5), (3, 6), (3, 7), (3, 8), (3, 9), (4, 0), (4, 1), (4, 2), (4, 3), (4, 4), (4, 5), (4, 7), (4, 8), (4, 9), (5, 0), (5, 1), (5, 2), (5, 3), (5, 4), (5, 5), (5, 6), (5, 7), (5, 8), (5, 9), (6, 0), (6, 2), (6, 3), (6, 4), (6, 5), (6, 6), (6, 7), (6, 8), (6, 9), (7, 0), (7, 1), (7, 2), (7, 3), (7, 5), (7, 6), (7, 7), (7, 8), (7, 9), (8, 0), (8, 1), (8, 2), (8, 3), (8, 4), (8, 5), (8, 6), (8, 8), (8, 9), (9, 0), (9, 1), (9, 2), (9, 3), (9, 4), (9, 6), (9, 7), (9, 8), (9, 9)], 'occupied_cells': [(1, 2), (2, 0), (3, 3), (4, 6), (6, 1), (7, 4), (8, 7), (9, 5)]}","{'occupied_cells': [(1, 2), (2, 0), (3, 3), (4, 6), (6, 1), (7, 4), (8, 7), (9, 5)], 'empty_cells': [(0, 0), (0, 1), (0, 2), (0, 3), (0, 4), (0, 5), (0, 6), (0, 7), (0, 8), (0, 9), (1, 0), (1, 1), (1, 3), (1, 4), (1, 5), (1, 6), (1, 7), (1, 8), (1, 9), (2, 1), (2, 2), (2, 3), (2, 4), (2, 5), (2, 6), (2, 7), (2, 8), (2, 9), (3, 0), (3, 1), (3, 2), (3, 4), (3, 5), (3, 6), (3, 7), (3, 8), (3, 9), (4, 0), (4, 1), (4, 2), (4, 3), (4, 4), (4, 5), (4, 7), (4, 8), (4, 9), (5, 0), (5, 1), (5, 2), (5, 3), (5, 4), (5, 5), (5, 6), (5, 7), (5, 8), (5, 9), (6, 0), (6, 2), (6, 3), (6, 4), (6, 5), (6, 6), (6, 7), (6, 8), (6, 9), (7, 0), (7, 1), (7, 2), (7, 3), (7, 5), (7, 6), (7, 7), (7, 8), (7, 9), (8, 0), (8, 1), (8, 2), (8, 3), (8, 4), (8, 5), (8, 6), (8, 8), (8, 9), (9, 0), (9, 1), (9, 2), (9, 3), (9, 4), (9, 6), (9, 7), (9, 8), (9, 9)]}"
images/0944/nqueens.jpg,"0;0;0;0;0;Q;0;0;0;0
0;0;0;Q;0;0;0;0;0;0
0;Q;0;0;0;0;0;0;0;0
0;0;0;0;0;0;0;Q;0;0
0;0;0;0;Q;0;0;0;0;0
0;0;0;0;0;0;0;0;0;0
Q;0;0;0;0;0;0;0;0;0
0;0;Q;0;0;0;0;0;0;0
0;0;0;0;0;0;0;0;0;0
0;0;0;0;0;0;Q;0;0;0","[5, 8]","[8, 9]","[(0, 5), (1, 3), (2, 1), (3, 7), (4, 4), (6, 0), (7, 2), (9, 6)]","[5, 8]","[8, 9]","{'empty_cells': [(0, 0), (0, 1), (0, 2), (0, 3), (0, 4), (0, 6), (0, 7), (0, 8), (0, 9), (1, 0), (1, 1), (1, 2), (1, 4), (1, 5), (1, 6), (1, 7), (1, 8), (1, 9), (2, 0), (2, 2), (2, 3), (2, 4), (2, 5), (2, 6), (2, 7), (2, 8), (2, 9), (3, 0), (3, 1), (3, 2), (3, 3), (3, 4), (3, 5), (3, 6), (3, 8), (3, 9), (4, 0), (4, 1), (4, 2), (4, 3), (4, 5), (4, 6), (4, 7), (4, 8), (4, 9), (5, 0), (5, 1), (5, 2), (5, 3), (5, 4), (5, 5), (5, 6), (5, 7), (5, 8), (5, 9), (6, 1), (6, 2), (6, 3), (6, 4), (6, 5), (6, 6), (6, 7), (6, 8), (6, 9), (7, 0), (7, 1), (7, 3), (7, 4), (7, 5), (7, 6), (7, 7), (7, 8), (7, 9), (8, 0), (8, 1), (8, 2), (8, 3), (8, 4), (8, 5), (8, 6), (8, 7), (8, 8), (8, 9), (9, 0), (9, 1), (9, 2), (9, 3), (9, 4), (9, 5), (9, 7), (9, 8), (9, 9)], 'occupied_cells': [(0, 5), (1, 3), (2, 1), (3, 7), (4, 4), (6, 0), (7, 2), (9, 6)]}","{'occupied_cells': [(0, 5), (1, 3), (2, 1), (3, 7), (4, 4), (6, 0), (7, 2), (9, 6)], 'empty_cells': [(0, 0), (0, 1), (0, 2), (0, 3), (0, 4), (0, 6), (0, 7), (0, 8), (0, 9), (1, 0), (1, 1), (1, 2), (1, 4), (1, 5), (1, 6), (1, 7), (1, 8), (1, 9), (2, 0), (2, 2), (2, 3), (2, 4), (2, 5), (2, 6), (2, 7), (2, 8), (2, 9), (3, 0), (3, 1), (3, 2), (3, 3), (3, 4), (3, 5), (3, 6), (3, 8), (3, 9), (4, 0), (4, 1), (4, 2), (4, 3), (4, 5), (4, 6), (4, 7), (4, 8), (4, 9), (5, 0), (5, 1), (5, 2), (5, 3), (5, 4), (5, 5), (5, 6), (5, 7), (5, 8), (5, 9), (6, 1), (6, 2), (6, 3), (6, 4), (6, 5), (6, 6), (6, 7), (6, 8), (6, 9), (7, 0), (7, 1), (7, 3), (7, 4), (7, 5), (7, 6), (7, 7), (7, 8), (7, 9), (8, 0), (8, 1), (8, 2), (8, 3), (8, 4), (8, 5), (8, 6), (8, 7), (8, 8), (8, 9), (9, 0), (9, 1), (9, 2), (9, 3), (9, 4), (9, 5), (9, 7), (9, 8), (9, 9)]}"
images/0572/nqueens.jpg,"Q;0;0;0;0;0;0;0;0;0
0;0;0;Q;0;0;0;0;0;0
0;0;0;0;0;0;Q;0;0;0
0;0;0;0;0;0;0;0;0;0
0;0;0;0;0;0;0;Q;0;0
0;0;0;0;Q;0;0;0;0;0
0;Q;0;0;0;0;0;0;0;0
0;0;0;0;0;0;0;0;0;0
0;0;Q;0;0;0;0;0;0;0
0;0;0;0;0;Q;0;0;0;0","[3, 7]","[8, 9]","[(0, 0), (1, 3), (2, 6), (4, 7), (5, 4), (6, 1), (8, 2), (9, 5)]","[3, 7]","[8, 9]","{'empty_cells': [(0, 1), (0, 2), (0, 3), (0, 4), (0, 5), (0, 6), (0, 7), (0, 8), (0, 9), (1, 0), (1, 1), (1, 2), (1, 4), (1, 5), (1, 6), (1, 7), (1, 8), (1, 9), (2, 0), (2, 1), (2, 2), (2, 3), (2, 4), (2, 5), (2, 7), (2, 8), (2, 9), (3, 0), (3, 1), (3, 2), (3, 3), (3, 4), (3, 5), (3, 6), (3, 7), (3, 8), (3, 9), (4, 0), (4, 1), (4, 2), (4, 3), (4, 4), (4, 5), (4, 6), (4, 8), (4, 9), (5, 0), (5, 1), (5, 2), (5, 3), (5, 5), (5, 6), (5, 7), (5, 8), (5, 9), (6, 0), (6, 2), (6, 3), (6, 4), (6, 5), (6, 6), (6, 7), (6, 8), (6, 9), (7, 0), (7, 1), (7, 2), (7, 3), (7, 4), (7, 5), (7, 6), (7, 7), (7, 8), (7, 9), (8, 0), (8, 1), (8, 3), (8, 4), (8, 5), (8, 6), (8, 7), (8, 8), (8, 9), (9, 0), (9, 1), (9, 2), (9, 3), (9, 4), (9, 6), (9, 7), (9, 8), (9, 9)], 'occupied_cells': [(0, 0), (1, 3), (2, 6), (4, 7), (5, 4), (6, 1), (8, 2), (9, 5)]}","{'occupied_cells': [(0, 0), (1, 3), (2, 6), (4, 7), (5, 4), (6, 1), (8, 2), (9, 5)], 'empty_cells': [(0, 1), (0, 2), (0, 3), (0, 4), (0, 5), (0, 6), (0, 7), (0, 8), (0, 9), (1, 0), (1, 1), (1, 2), (1, 4), (1, 5), (1, 6), (1, 7), (1, 8), (1, 9), (2, 0), (2, 1), (2, 2), (2, 3), (2, 4), (2, 5), (2, 7), (2, 8), (2, 9), (3, 0), (3, 1), (3, 2), (3, 3), (3, 4), (3, 5), (3, 6), (3, 7), (3, 8), (3, 9), (4, 0), (4, 1), (4, 2), (4, 3), (4, 4), (4, 5), (4, 6), (4, 8), (4, 9), (5, 0), (5, 1), (5, 2), (5, 3), (5, 5), (5, 6), (5, 7), (5, 8), (5, 9), (6, 0), (6, 2), (6, 3), (6, 4), (6, 5), (6, 6), (6, 7), (6, 8), (6, 9), (7, 0), (7, 1), (7, 2), (7, 3), (7, 4), (7, 5), (7, 6), (7, 7), (7, 8), (7, 9), (8, 0), (8, 1), (8, 3), (8, 4), (8, 5), (8, 6), (8, 7), (8, 8), (8, 9), (9, 0), (9, 1), (9, 2), (9, 3), (9, 4), (9, 6), (9, 7), (9, 8), (9, 9)]}"
images/0907/nqueens.jpg,"Q;0;0;0;0;0;0;0;0;0
0;0;0;0;0;0;0;Q;0;0
0;0;0;0;0;Q;0;0;0;0
0;0;Q;0;0;0;0;0;0;0
0;0;0;0;0;0;0;0;0;0
0;Q;0;0;0;0;0;0;0;0
0;0;0;0;Q;0;0;0;0;0
0;0;0;0;0;0;0;0;0;0
0;0;0;Q;0;0;0;0;0;0
0;0;0;0;0;0;Q;0;0;0","[4, 7]","[8, 9]","[(0, 0), (1, 7), (2, 5), (3, 2), (5, 1), (6, 4), (8, 3), (9, 6)]","[4, 7]","[8, 9]","{'empty_cells': [(0, 1), (0, 2), (0, 3), (0, 4), (0, 5), (0, 6), (0, 7), (0, 8), (0, 9), (1, 0), (1, 1), (1, 2), (1, 3), (1, 4), (1, 5), (1, 6), (1, 8), (1, 9), (2, 0), (2, 1), (2, 2), (2, 3), (2, 4), (2, 6), (2, 7), (2, 8), (2, 9), (3, 0), (3, 1), (3, 3), (3, 4), (3, 5), (3, 6), (3, 7), (3, 8), (3, 9), (4, 0), (4, 1), (4, 2), (4, 3), (4, 4), (4, 5), (4, 6), (4, 7), (4, 8), (4, 9), (5, 0), (5, 2), (5, 3), (5, 4), (5, 5), (5, 6), (5, 7), (5, 8), (5, 9), (6, 0), (6, 1), (6, 2), (6, 3), (6, 5), (6, 6), (6, 7), (6, 8), (6, 9), (7, 0), (7, 1), (7, 2), (7, 3), (7, 4), (7, 5), (7, 6), (7, 7), (7, 8), (7, 9), (8, 0), (8, 1), (8, 2), (8, 4), (8, 5), (8, 6), (8, 7), (8, 8), (8, 9), (9, 0), (9, 1), (9, 2), (9, 3), (9, 4), (9, 5), (9, 7), (9, 8), (9, 9)], 'occupied_cells': [(0, 0), (1, 7), (2, 5), (3, 2), (5, 1), (6, 4), (8, 3), (9, 6)]}","{'occupied_cells': [(0, 0), (1, 7), (2, 5), (3, 2), (5, 1), (6, 4), (8, 3), (9, 6)], 'empty_cells': [(0, 1), (0, 2), (0, 3), (0, 4), (0, 5), (0, 6), (0, 7), (0, 8), (0, 9), (1, 0), (1, 1), (1, 2), (1, 3), (1, 4), (1, 5), (1, 6), (1, 8), (1, 9), (2, 0), (2, 1), (2, 2), (2, 3), (2, 4), (2, 6), (2, 7), (2, 8), (2, 9), (3, 0), (3, 1), (3, 3), (3, 4), (3, 5), (3, 6), (3, 7), (3, 8), (3, 9), (4, 0), (4, 1), (4, 2), (4, 3), (4, 4), (4, 5), (4, 6), (4, 7), (4, 8), (4, 9), (5, 0), (5, 2), (5, 3), (5, 4), (5, 5), (5, 6), (5, 7), (5, 8), (5, 9), (6, 0), (6, 1), (6, 2), (6, 3), (6, 5), (6, 6), (6, 7), (6, 8), (6, 9), (7, 0), (7, 1), (7, 2), (7, 3), (7, 4), (7, 5), (7, 6), (7, 7), (7, 8), (7, 9), (8, 0), (8, 1), (8, 2), (8, 4), (8, 5), (8, 6), (8, 7), (8, 8), (8, 9), (9, 0), (9, 1), (9, 2), (9, 3), (9, 4), (9, 5), (9, 7), (9, 8), (9, 9)]}"
images/1080/nqueens.jpg,"0;0;0;0;0;0;Q;0;0;0
0;0;0;0;0;0;0;0;0;0
0;Q;0;0;0;0;0;0;0;0
0;0;0;0;Q;0;0;0;0;0
Q;0;0;0;0;0;0;0;0;0
0;0;0;Q;0;0;0;0;0;0
0;0;0;0;0;0;0;0;0;0
0;0;0;0;0;0;0;Q;0;0
0;0;0;0;0;Q;0;0;0;0
0;0;Q;0;0;0;0;0;0;0","[1, 6]","[8, 9]","[(0, 6), (2, 1), (3, 4), (4, 0), (5, 3), (7, 7), (8, 5), (9, 2)]","[1, 6]","[8, 9]","{'empty_cells': [(0, 0), (0, 1), (0, 2), (0, 3), (0, 4), (0, 5), (0, 7), (0, 8), (0, 9), (1, 0), (1, 1), (1, 2), (1, 3), (1, 4), (1, 5), (1, 6), (1, 7), (1, 8), (1, 9), (2, 0), (2, 2), (2, 3), (2, 4), (2, 5), (2, 6), (2, 7), (2, 8), (2, 9), (3, 0), (3, 1), (3, 2), (3, 3), (3, 5), (3, 6), (3, 7), (3, 8), (3, 9), (4, 1), (4, 2), (4, 3), (4, 4), (4, 5), (4, 6), (4, 7), (4, 8), (4, 9), (5, 0), (5, 1), (5, 2), (5, 4), (5, 5), (5, 6), (5, 7), (5, 8), (5, 9), (6, 0), (6, 1), (6, 2), (6, 3), (6, 4), (6, 5), (6, 6), (6, 7), (6, 8), (6, 9), (7, 0), (7, 1), (7, 2), (7, 3), (7, 4), (7, 5), (7, 6), (7, 8), (7, 9), (8, 0), (8, 1), (8, 2), (8, 3), (8, 4), (8, 6), (8, 7), (8, 8), (8, 9), (9, 0), (9, 1), (9, 3), (9, 4), (9, 5), (9, 6), (9, 7), (9, 8), (9, 9)], 'occupied_cells': [(0, 6), (2, 1), (3, 4), (4, 0), (5, 3), (7, 7), (8, 5), (9, 2)]}","{'occupied_cells': [(0, 6), (2, 1), (3, 4), (4, 0), (5, 3), (7, 7), (8, 5), (9, 2)], 'empty_cells': [(0, 0), (0, 1), (0, 2), (0, 3), (0, 4), (0, 5), (0, 7), (0, 8), (0, 9), (1, 0), (1, 1), (1, 2), (1, 3), (1, 4), (1, 5), (1, 6), (1, 7), (1, 8), (1, 9), (2, 0), (2, 2), (2, 3), (2, 4), (2, 5), (2, 6), (2, 7), (2, 8), (2, 9), (3, 0), (3, 1), (3, 2), (3, 3), (3, 5), (3, 6), (3, 7), (3, 8), (3, 9), (4, 1), (4, 2), (4, 3), (4, 4), (4, 5), (4, 6), (4, 7), (4, 8), (4, 9), (5, 0), (5, 1), (5, 2), (5, 4), (5, 5), (5, 6), (5, 7), (5, 8), (5, 9), (6, 0), (6, 1), (6, 2), (6, 3), (6, 4), (6, 5), (6, 6), (6, 7), (6, 8), (6, 9), (7, 0), (7, 1), (7, 2), (7, 3), (7, 4), (7, 5), (7, 6), (7, 8), (7, 9), (8, 0), (8, 1), (8, 2), (8, 3), (8, 4), (8, 6), (8, 7), (8, 8), (8, 9), (9, 0), (9, 1), (9, 3), (9, 4), (9, 5), (9, 6), (9, 7), (9, 8), (9, 9)]}"
images/0450/nqueens.jpg,"0;0;0;0;Q;0;0;0;0;0
Q;0;0;0;0;0;0;0;0;0
0;0;0;Q;0;0;0;0;0;0
0;0;0;0;0;0;0;0;0;0
0;0;0;0;0;0;Q;0;0;0
0;Q;0;0;0;0;0;0;0;0
0;0;0;0;0;0;0;0;0;0
0;0;Q;0;0;0;0;0;0;0
0;0;0;0;0;Q;0;0;0;0
0;0;0;0;0;0;0;Q;0;0","[3, 6]","[8, 9]","[(0, 4), (1, 0), (2, 3), (4, 6), (5, 1), (7, 2), (8, 5), (9, 7)]","[3, 6]","[8, 9]","{'empty_cells': [(0, 0), (0, 1), (0, 2), (0, 3), (0, 5), (0, 6), (0, 7), (0, 8), (0, 9), (1, 1), (1, 2), (1, 3), (1, 4), (1, 5), (1, 6), (1, 7), (1, 8), (1, 9), (2, 0), (2, 1), (2, 2), (2, 4), (2, 5), (2, 6), (2, 7), (2, 8), (2, 9), (3, 0), (3, 1), (3, 2), (3, 3), (3, 4), (3, 5), (3, 6), (3, 7), (3, 8), (3, 9), (4, 0), (4, 1), (4, 2), (4, 3), (4, 4), (4, 5), (4, 7), (4, 8), (4, 9), (5, 0), (5, 2), (5, 3), (5, 4), (5, 5), (5, 6), (5, 7), (5, 8), (5, 9), (6, 0), (6, 1), (6, 2), (6, 3), (6, 4), (6, 5), (6, 6), (6, 7), (6, 8), (6, 9), (7, 0), (7, 1), (7, 3), (7, 4), (7, 5), (7, 6), (7, 7), (7, 8), (7, 9), (8, 0), (8, 1), (8, 2), (8, 3), (8, 4), (8, 6), (8, 7), (8, 8), (8, 9), (9, 0), (9, 1), (9, 2), (9, 3), (9, 4), (9, 5), (9, 6), (9, 8), (9, 9)], 'occupied_cells': [(0, 4), (1, 0), (2, 3), (4, 6), (5, 1), (7, 2), (8, 5), (9, 7)]}","{'occupied_cells': [(0, 4), (1, 0), (2, 3), (4, 6), (5, 1), (7, 2), (8, 5), (9, 7)], 'empty_cells': [(0, 0), (0, 1), (0, 2), (0, 3), (0, 5), (0, 6), (0, 7), (0, 8), (0, 9), (1, 1), (1, 2), (1, 3), (1, 4), (1, 5), (1, 6), (1, 7), (1, 8), (1, 9), (2, 0), (2, 1), (2, 2), (2, 4), (2, 5), (2, 6), (2, 7), (2, 8), (2, 9), (3, 0), (3, 1), (3, 2), (3, 3), (3, 4), (3, 5), (3, 6), (3, 7), (3, 8), (3, 9), (4, 0), (4, 1), (4, 2), (4, 3), (4, 4), (4, 5), (4, 7), (4, 8), (4, 9), (5, 0), (5, 2), (5, 3), (5, 4), (5, 5), (5, 6), (5, 7), (5, 8), (5, 9), (6, 0), (6, 1), (6, 2), (6, 3), (6, 4), (6, 5), (6, 6), (6, 7), (6, 8), (6, 9), (7, 0), (7, 1), (7, 3), (7, 4), (7, 5), (7, 6), (7, 7), (7, 8), (7, 9), (8, 0), (8, 1), (8, 2), (8, 3), (8, 4), (8, 6), (8, 7), (8, 8), (8, 9), (9, 0), (9, 1), (9, 2), (9, 3), (9, 4), (9, 5), (9, 6), (9, 8), (9, 9)]}"
images/1609/nqueens.jpg,"0;0;0;0;0;0;0;0;Q;0;0
0;0;0;0;0;Q;0;0;0;0;0
0;0;Q;0;0;0;0;0;0;0;0
Q;0;0;0;0;0;0;0;0;0;0
0;0;0;0;0;0;0;Q;0;0;0
0;0;0;0;Q;0;0;0;0;0;0
0;Q;0;0;0;0;0;0;0;0;0
0;0;0;0;0;0;0;0;0;0;0
0;0;0;0;0;0;Q;0;0;0;0
0;0;0;0;0;0;0;0;0;0;0
0;0;0;Q;0;0;0;0;0;0;0","[7, 9]","[9, 10]","[(0, 8), (1, 5), (2, 2), (3, 0), (4, 7), (5, 4), (6, 1), (8, 6), (10, 3)]","[7, 9]","[9, 10]","{'empty_cells': [(0, 0), (0, 1), (0, 2), (0, 3), (0, 4), (0, 5), (0, 6), (0, 7), (0, 9), (0, 10), (1, 0), (1, 1), (1, 2), (1, 3), (1, 4), (1, 6), (1, 7), (1, 8), (1, 9), (1, 10), (2, 0), (2, 1), (2, 3), (2, 4), (2, 5), (2, 6), (2, 7), (2, 8), (2, 9), (2, 10), (3, 1), (3, 2), (3, 3), (3, 4), (3, 5), (3, 6), (3, 7), (3, 8), (3, 9), (3, 10), (4, 0), (4, 1), (4, 2), (4, 3), (4, 4), (4, 5), (4, 6), (4, 8), (4, 9), (4, 10), (5, 0), (5, 1), (5, 2), (5, 3), (5, 5), (5, 6), (5, 7), (5, 8), (5, 9), (5, 10), (6, 0), (6, 2), (6, 3), (6, 4), (6, 5), (6, 6), (6, 7), (6, 8), (6, 9), (6, 10), (7, 0), (7, 1), (7, 2), (7, 3), (7, 4), (7, 5), (7, 6), (7, 7), (7, 8), (7, 9), (7, 10), (8, 0), (8, 1), (8, 2), (8, 3), (8, 4), (8, 5), (8, 7), (8, 8), (8, 9), (8, 10), (9, 0), (9, 1), (9, 2), (9, 3), (9, 4), (9, 5), (9, 6), (9, 7), (9, 8), (9, 9), (9, 10), (10, 0), (10, 1), (10, 2), (10, 4), (10, 5), (10, 6), (10, 7), (10, 8), (10, 9), (10, 10)], 'occupied_cells': [(0, 8), (1, 5), (2, 2), (3, 0), (4, 7), (5, 4), (6, 1), (8, 6), (10, 3)]}","{'occupied_cells': [(0, 8), (1, 5), (2, 2), (3, 0), (4, 7), (5, 4), (6, 1), (8, 6), (10, 3)], 'empty_cells': [(0, 0), (0, 1), (0, 2), (0, 3), (0, 4), (0, 5), (0, 6), (0, 7), (0, 9), (0, 10), (1, 0), (1, 1), (1, 2), (1, 3), (1, 4), (1, 6), (1, 7), (1, 8), (1, 9), (1, 10), (2, 0), (2, 1), (2, 3), (2, 4), (2, 5), (2, 6), (2, 7), (2, 8), (2, 9), (2, 10), (3, 1), (3, 2), (3, 3), (3, 4), (3, 5), (3, 6), (3, 7), (3, 8), (3, 9), (3, 10), (4, 0), (4, 1), (4, 2), (4, 3), (4, 4), (4, 5), (4, 6), (4, 8), (4, 9), (4, 10), (5, 0), (5, 1), (5, 2), (5, 3), (5, 5), (5, 6), (5, 7), (5, 8), (5, 9), (5, 10), (6, 0), (6, 2), (6, 3), (6, 4), (6, 5), (6, 6), (6, 7), (6, 8), (6, 9), (6, 10), (7, 0), (7, 1), (7, 2), (7, 3), (7, 4), (7, 5), (7, 6), (7, 7), (7, 8), (7, 9), (7, 10), (8, 0), (8, 1), (8, 2), (8, 3), (8, 4), (8, 5), (8, 7), (8, 8), (8, 9), (8, 10), (9, 0), (9, 1), (9, 2), (9, 3), (9, 4), (9, 5), (9, 6), (9, 7), (9, 8), (9, 9), (9, 10), (10, 0), (10, 1), (10, 2), (10, 4), (10, 5), (10, 6), (10, 7), (10, 8), (10, 9), (10, 10)]}"
images/1290/nqueens.jpg,"0;0;0;0;0;0;Q;0;0;0;0
0;0;0;Q;0;0;0;0;0;0;0
0;Q;0;0;0;0;0;0;0;0;0
0;0;0;0;0;0;0;0;0;0;0
0;0;0;0;0;0;0;0;Q;0;0
0;0;0;0;0;Q;0;0;0;0;0
0;0;Q;0;0;0;0;0;0;0;0
Q;0;0;0;0;0;0;0;0;0;0
0;0;0;0;0;0;0;0;0;0;0
0;0;0;0;0;0;0;Q;0;0;0
0;0;0;0;Q;0;0;0;0;0;0","[3, 8]","[9, 10]","[(0, 6), (1, 3), (2, 1), (4, 8), (5, 5), (6, 2), (7, 0), (9, 7), (10, 4)]","[3, 8]","[9, 10]","{'empty_cells': [(0, 0), (0, 1), (0, 2), (0, 3), (0, 4), (0, 5), (0, 7), (0, 8), (0, 9), (0, 10), (1, 0), (1, 1), (1, 2), (1, 4), (1, 5), (1, 6), (1, 7), (1, 8), (1, 9), (1, 10), (2, 0), (2, 2), (2, 3), (2, 4), (2, 5), (2, 6), (2, 7), (2, 8), (2, 9), (2, 10), (3, 0), (3, 1), (3, 2), (3, 3), (3, 4), (3, 5), (3, 6), (3, 7), (3, 8), (3, 9), (3, 10), (4, 0), (4, 1), (4, 2), (4, 3), (4, 4), (4, 5), (4, 6), (4, 7), (4, 9), (4, 10), (5, 0), (5, 1), (5, 2), (5, 3), (5, 4), (5, 6), (5, 7), (5, 8), (5, 9), (5, 10), (6, 0), (6, 1), (6, 3), (6, 4), (6, 5), (6, 6), (6, 7), (6, 8), (6, 9), (6, 10), (7, 1), (7, 2), (7, 3), (7, 4), (7, 5), (7, 6), (7, 7), (7, 8), (7, 9), (7, 10), (8, 0), (8, 1), (8, 2), (8, 3), (8, 4), (8, 5), (8, 6), (8, 7), (8, 8), (8, 9), (8, 10), (9, 0), (9, 1), (9, 2), (9, 3), (9, 4), (9, 5), (9, 6), (9, 8), (9, 9), (9, 10), (10, 0), (10, 1), (10, 2), (10, 3), (10, 5), (10, 6), (10, 7), (10, 8), (10, 9), (10, 10)], 'occupied_cells': [(0, 6), (1, 3), (2, 1), (4, 8), (5, 5), (6, 2), (7, 0), (9, 7), (10, 4)]}","{'occupied_cells': [(0, 6), (1, 3), (2, 1), (4, 8), (5, 5), (6, 2), (7, 0), (9, 7), (10, 4)], 'empty_cells': [(0, 0), (0, 1), (0, 2), (0, 3), (0, 4), (0, 5), (0, 7), (0, 8), (0, 9), (0, 10), (1, 0), (1, 1), (1, 2), (1, 4), (1, 5), (1, 6), (1, 7), (1, 8), (1, 9), (1, 10), (2, 0), (2, 2), (2, 3), (2, 4), (2, 5), (2, 6), (2, 7), (2, 8), (2, 9), (2, 10), (3, 0), (3, 1), (3, 2), (3, 3), (3, 4), (3, 5), (3, 6), (3, 7), (3, 8), (3, 9), (3, 10), (4, 0), (4, 1), (4, 2), (4, 3), (4, 4), (4, 5), (4, 6), (4, 7), (4, 9), (4, 10), (5, 0), (5, 1), (5, 2), (5, 3), (5, 4), (5, 6), (5, 7), (5, 8), (5, 9), (5, 10), (6, 0), (6, 1), (6, 3), (6, 4), (6, 5), (6, 6), (6, 7), (6, 8), (6, 9), (6, 10), (7, 1), (7, 2), (7, 3), (7, 4), (7, 5), (7, 6), (7, 7), (7, 8), (7, 9), (7, 10), (8, 0), (8, 1), (8, 2), (8, 3), (8, 4), (8, 5), (8, 6), (8, 7), (8, 8), (8, 9), (8, 10), (9, 0), (9, 1), (9, 2), (9, 3), (9, 4), (9, 5), (9, 6), (9, 8), (9, 9), (9, 10), (10, 0), (10, 1), (10, 2), (10, 3), (10, 5), (10, 6), (10, 7), (10, 8), (10, 9), (10, 10)]}"
images/1078/nqueens.jpg,"0;0;0;0;Q;0;0;0;0;0
0;0;Q;0;0;0;0;0;0;0
0;0;0;0;0;0;0;0;0;0
0;0;0;0;0;Q;0;0;0;0
0;0;0;Q;0;0;0;0;0;0
0;0;0;0;0;0;0;0;0;0
Q;0;0;0;0;0;0;0;0;0
0;0;0;0;0;0;0;Q;0;0
0;Q;0;0;0;0;0;0;0;0
0;0;0;0;0;0;Q;0;0;0","[2, 5]","[8, 9]","[(0, 4), (1, 2), (3, 5), (4, 3), (6, 0), (7, 7), (8, 1), (9, 6)]","[2, 5]","[8, 9]","{'empty_cells': [(0, 0), (0, 1), (0, 2), (0, 3), (0, 5), (0, 6), (0, 7), (0, 8), (0, 9), (1, 0), (1, 1), (1, 3), (1, 4), (1, 5), (1, 6), (1, 7), (1, 8), (1, 9), (2, 0), (2, 1), (2, 2), (2, 3), (2, 4), (2, 5), (2, 6), (2, 7), (2, 8), (2, 9), (3, 0), (3, 1), (3, 2), (3, 3), (3, 4), (3, 6), (3, 7), (3, 8), (3, 9), (4, 0), (4, 1), (4, 2), (4, 4), (4, 5), (4, 6), (4, 7), (4, 8), (4, 9), (5, 0), (5, 1), (5, 2), (5, 3), (5, 4), (5, 5), (5, 6), (5, 7), (5, 8), (5, 9), (6, 1), (6, 2), (6, 3), (6, 4), (6, 5), (6, 6), (6, 7), (6, 8), (6, 9), (7, 0), (7, 1), (7, 2), (7, 3), (7, 4), (7, 5), (7, 6), (7, 8), (7, 9), (8, 0), (8, 2), (8, 3), (8, 4), (8, 5), (8, 6), (8, 7), (8, 8), (8, 9), (9, 0), (9, 1), (9, 2), (9, 3), (9, 4), (9, 5), (9, 7), (9, 8), (9, 9)], 'occupied_cells': [(0, 4), (1, 2), (3, 5), (4, 3), (6, 0), (7, 7), (8, 1), (9, 6)]}","{'occupied_cells': [(0, 4), (1, 2), (3, 5), (4, 3), (6, 0), (7, 7), (8, 1), (9, 6)], 'empty_cells': [(0, 0), (0, 1), (0, 2), (0, 3), (0, 5), (0, 6), (0, 7), (0, 8), (0, 9), (1, 0), (1, 1), (1, 3), (1, 4), (1, 5), (1, 6), (1, 7), (1, 8), (1, 9), (2, 0), (2, 1), (2, 2), (2, 3), (2, 4), (2, 5), (2, 6), (2, 7), (2, 8), (2, 9), (3, 0), (3, 1), (3, 2), (3, 3), (3, 4), (3, 6), (3, 7), (3, 8), (3, 9), (4, 0), (4, 1), (4, 2), (4, 4), (4, 5), (4, 6), (4, 7), (4, 8), (4, 9), (5, 0), (5, 1), (5, 2), (5, 3), (5, 4), (5, 5), (5, 6), (5, 7), (5, 8), (5, 9), (6, 1), (6, 2), (6, 3), (6, 4), (6, 5), (6, 6), (6, 7), (6, 8), (6, 9), (7, 0), (7, 1), (7, 2), (7, 3), (7, 4), (7, 5), (7, 6), (7, 8), (7, 9), (8, 0), (8, 2), (8, 3), (8, 4), (8, 5), (8, 6), (8, 7), (8, 8), (8, 9), (9, 0), (9, 1), (9, 2), (9, 3), (9, 4), (9, 5), (9, 7), (9, 8), (9, 9)]}"
images/0254/nqueens.jpg,"Q;0;0;0;0;0;0;0;0
0;0;0;0;0;0;Q;0;0
0;0;0;Q;0;0;0;0;0
0;0;0;0;0;0;0;0;0
0;0;Q;0;0;0;0;0;0
0;0;0;0;0;0;0;0;0
0;0;0;0;0;Q;0;0;0
0;Q;0;0;0;0;0;0;0
0;0;0;0;Q;0;0;0;0","[3, 5]","[7, 8]","[(0, 0), (1, 6), (2, 3), (4, 2), (6, 5), (7, 1), (8, 4)]","[3, 5]","[7, 8]","{'empty_cells': [(0, 1), (0, 2), (0, 3), (0, 4), (0, 5), (0, 6), (0, 7), (0, 8), (1, 0), (1, 1), (1, 2), (1, 3), (1, 4), (1, 5), (1, 7), (1, 8), (2, 0), (2, 1), (2, 2), (2, 4), (2, 5), (2, 6), (2, 7), (2, 8), (3, 0), (3, 1), (3, 2), (3, 3), (3, 4), (3, 5), (3, 6), (3, 7), (3, 8), (4, 0), (4, 1), (4, 3), (4, 4), (4, 5), (4, 6), (4, 7), (4, 8), (5, 0), (5, 1), (5, 2), (5, 3), (5, 4), (5, 5), (5, 6), (5, 7), (5, 8), (6, 0), (6, 1), (6, 2), (6, 3), (6, 4), (6, 6), (6, 7), (6, 8), (7, 0), (7, 2), (7, 3), (7, 4), (7, 5), (7, 6), (7, 7), (7, 8), (8, 0), (8, 1), (8, 2), (8, 3), (8, 5), (8, 6), (8, 7), (8, 8)], 'occupied_cells': [(0, 0), (1, 6), (2, 3), (4, 2), (6, 5), (7, 1), (8, 4)]}","{'occupied_cells': [(0, 0), (1, 6), (2, 3), (4, 2), (6, 5), (7, 1), (8, 4)], 'empty_cells': [(0, 1), (0, 2), (0, 3), (0, 4), (0, 5), (0, 6), (0, 7), (0, 8), (1, 0), (1, 1), (1, 2), (1, 3), (1, 4), (1, 5), (1, 7), (1, 8), (2, 0), (2, 1), (2, 2), (2, 4), (2, 5), (2, 6), (2, 7), (2, 8), (3, 0), (3, 1), (3, 2), (3, 3), (3, 4), (3, 5), (3, 6), (3, 7), (3, 8), (4, 0), (4, 1), (4, 3), (4, 4), (4, 5), (4, 6), (4, 7), (4, 8), (5, 0), (5, 1), (5, 2), (5, 3), (5, 4), (5, 5), (5, 6), (5, 7), (5, 8), (6, 0), (6, 1), (6, 2), (6, 3), (6, 4), (6, 6), (6, 7), (6, 8), (7, 0), (7, 2), (7, 3), (7, 4), (7, 5), (7, 6), (7, 7), (7, 8), (8, 0), (8, 1), (8, 2), (8, 3), (8, 5), (8, 6), (8, 7), (8, 8)]}"
images/0124/nqueens.jpg,"0;0;Q;0;0;0;0;0;0
0;0;0;0;0;0;0;0;0
0;0;0;0;0;Q;0;0;0
Q;0;0;0;0;0;0;0;0
0;0;0;0;0;0;0;0;0
0;Q;0;0;0;0;0;0;0
0;0;0;0;Q;0;0;0;0
0;0;0;0;0;0;Q;0;0
0;0;0;Q;0;0;0;0;0","[1, 4]","[7, 8]","[(0, 2), (2, 5), (3, 0), (5, 1), (6, 4), (7, 6), (8, 3)]","[1, 4]","[7, 8]","{'empty_cells': [(0, 0), (0, 1), (0, 3), (0, 4), (0, 5), (0, 6), (0, 7), (0, 8), (1, 0), (1, 1), (1, 2), (1, 3), (1, 4), (1, 5), (1, 6), (1, 7), (1, 8), (2, 0), (2, 1), (2, 2), (2, 3), (2, 4), (2, 6), (2, 7), (2, 8), (3, 1), (3, 2), (3, 3), (3, 4), (3, 5), (3, 6), (3, 7), (3, 8), (4, 0), (4, 1), (4, 2), (4, 3), (4, 4), (4, 5), (4, 6), (4, 7), (4, 8), (5, 0), (5, 2), (5, 3), (5, 4), (5, 5), (5, 6), (5, 7), (5, 8), (6, 0), (6, 1), (6, 2), (6, 3), (6, 5), (6, 6), (6, 7), (6, 8), (7, 0), (7, 1), (7, 2), (7, 3), (7, 4), (7, 5), (7, 7), (7, 8), (8, 0), (8, 1), (8, 2), (8, 4), (8, 5), (8, 6), (8, 7), (8, 8)], 'occupied_cells': [(0, 2), (2, 5), (3, 0), (5, 1), (6, 4), (7, 6), (8, 3)]}","{'occupied_cells': [(0, 2), (2, 5), (3, 0), (5, 1), (6, 4), (7, 6), (8, 3)], 'empty_cells': [(0, 0), (0, 1), (0, 3), (0, 4), (0, 5), (0, 6), (0, 7), (0, 8), (1, 0), (1, 1), (1, 2), (1, 3), (1, 4), (1, 5), (1, 6), (1, 7), (1, 8), (2, 0), (2, 1), (2, 2), (2, 3), (2, 4), (2, 6), (2, 7), (2, 8), (3, 1), (3, 2), (3, 3), (3, 4), (3, 5), (3, 6), (3, 7), (3, 8), (4, 0), (4, 1), (4, 2), (4, 3), (4, 4), (4, 5), (4, 6), (4, 7), (4, 8), (5, 0), (5, 2), (5, 3), (5, 4), (5, 5), (5, 6), (5, 7), (5, 8), (6, 0), (6, 1), (6, 2), (6, 3), (6, 5), (6, 6), (6, 7), (6, 8), (7, 0), (7, 1), (7, 2), (7, 3), (7, 4), (7, 5), (7, 7), (7, 8), (8, 0), (8, 1), (8, 2), (8, 4), (8, 5), (8, 6), (8, 7), (8, 8)]}"
images/1927/nqueens.jpg,"0;0;Q;0;0;0;0;0;0;0;0
0;0;0;0;0;0;0;0;0;0;0
0;0;0;0;0;0;Q;0;0;0;0
0;0;0;0;0;0;0;0;0;0;0
0;0;0;Q;0;0;0;0;0;0;0
0;0;0;0;0;Q;0;0;0;0;0
Q;0;0;0;0;0;0;0;0;0;0
0;0;0;0;0;0;0;0;Q;0;0
0;Q;0;0;0;0;0;0;0;0;0
0;0;0;0;Q;0;0;0;0;0;0
0;0;0;0;0;0;0;Q;0;0;0","[1, 3]","[9, 10]","[(0, 2), (2, 6), (4, 3), (5, 5), (6, 0), (7, 8), (8, 1), (9, 4), (10, 7)]","[1, 3]","[9, 10]","{'empty_cells': [(0, 0), (0, 1), (0, 3), (0, 4), (0, 5), (0, 6), (0, 7), (0, 8), (0, 9), (0, 10), (1, 0), (1, 1), (1, 2), (1, 3), (1, 4), (1, 5), (1, 6), (1, 7), (1, 8), (1, 9), (1, 10), (2, 0), (2, 1), (2, 2), (2, 3), (2, 4), (2, 5), (2, 7), (2, 8), (2, 9), (2, 10), (3, 0), (3, 1), (3, 2), (3, 3), (3, 4), (3, 5), (3, 6), (3, 7), (3, 8), (3, 9), (3, 10), (4, 0), (4, 1), (4, 2), (4, 4), (4, 5), (4, 6), (4, 7), (4, 8), (4, 9), (4, 10), (5, 0), (5, 1), (5, 2), (5, 3), (5, 4), (5, 6), (5, 7), (5, 8), (5, 9), (5, 10), (6, 1), (6, 2), (6, 3), (6, 4), (6, 5), (6, 6), (6, 7), (6, 8), (6, 9), (6, 10), (7, 0), (7, 1), (7, 2), (7, 3), (7, 4), (7, 5), (7, 6), (7, 7), (7, 9), (7, 10), (8, 0), (8, 2), (8, 3), (8, 4), (8, 5), (8, 6), (8, 7), (8, 8), (8, 9), (8, 10), (9, 0), (9, 1), (9, 2), (9, 3), (9, 5), (9, 6), (9, 7), (9, 8), (9, 9), (9, 10), (10, 0), (10, 1), (10, 2), (10, 3), (10, 4), (10, 5), (10, 6), (10, 8), (10, 9), (10, 10)], 'occupied_cells': [(0, 2), (2, 6), (4, 3), (5, 5), (6, 0), (7, 8), (8, 1), (9, 4), (10, 7)]}","{'occupied_cells': [(0, 2), (2, 6), (4, 3), (5, 5), (6, 0), (7, 8), (8, 1), (9, 4), (10, 7)], 'empty_cells': [(0, 0), (0, 1), (0, 3), (0, 4), (0, 5), (0, 6), (0, 7), (0, 8), (0, 9), (0, 10), (1, 0), (1, 1), (1, 2), (1, 3), (1, 4), (1, 5), (1, 6), (1, 7), (1, 8), (1, 9), (1, 10), (2, 0), (2, 1), (2, 2), (2, 3), (2, 4), (2, 5), (2, 7), (2, 8), (2, 9), (2, 10), (3, 0), (3, 1), (3, 2), (3, 3), (3, 4), (3, 5), (3, 6), (3, 7), (3, 8), (3, 9), (3, 10), (4, 0), (4, 1), (4, 2), (4, 4), (4, 5), (4, 6), (4, 7), (4, 8), (4, 9), (4, 10), (5, 0), (5, 1), (5, 2), (5, 3), (5, 4), (5, 6), (5, 7), (5, 8), (5, 9), (5, 10), (6, 1), (6, 2), (6, 3), (6, 4), (6, 5), (6, 6), (6, 7), (6, 8), (6, 9), (6, 10), (7, 0), (7, 1), (7, 2), (7, 3), (7, 4), (7, 5), (7, 6), (7, 7), (7, 9), (7, 10), (8, 0), (8, 2), (8, 3), (8, 4), (8, 5), (8, 6), (8, 7), (8, 8), (8, 9), (8, 10), (9, 0), (9, 1), (9, 2), (9, 3), (9, 5), (9, 6), (9, 7), (9, 8), (9, 9), (9, 10), (10, 0), (10, 1), (10, 2), (10, 3), (10, 4), (10, 5), (10, 6), (10, 8), (10, 9), (10, 10)]}"
images/0251/nqueens.jpg,"0;0;0;0;0;Q;0;0;0
0;0;0;0;0;0;0;0;0
0;0;Q;0;0;0;0;0;0
Q;0;0;0;0;0;0;0;0
0;0;0;0;0;0;0;0;0
0;Q;0;0;0;0;0;0;0
0;0;0;0;Q;0;0;0;0
0;0;0;0;0;0;Q;0;0
0;0;0;Q;0;0;0;0;0","[1, 4]","[7, 8]","[(0, 5), (2, 2), (3, 0), (5, 1), (6, 4), (7, 6), (8, 3)]","[1, 4]","[7, 8]","{'empty_cells': [(0, 0), (0, 1), (0, 2), (0, 3), (0, 4), (0, 6), (0, 7), (0, 8), (1, 0), (1, 1), (1, 2), (1, 3), (1, 4), (1, 5), (1, 6), (1, 7), (1, 8), (2, 0), (2, 1), (2, 3), (2, 4), (2, 5), (2, 6), (2, 7), (2, 8), (3, 1), (3, 2), (3, 3), (3, 4), (3, 5), (3, 6), (3, 7), (3, 8), (4, 0), (4, 1), (4, 2), (4, 3), (4, 4), (4, 5), (4, 6), (4, 7), (4, 8), (5, 0), (5, 2), (5, 3), (5, 4), (5, 5), (5, 6), (5, 7), (5, 8), (6, 0), (6, 1), (6, 2), (6, 3), (6, 5), (6, 6), (6, 7), (6, 8), (7, 0), (7, 1), (7, 2), (7, 3), (7, 4), (7, 5), (7, 7), (7, 8), (8, 0), (8, 1), (8, 2), (8, 4), (8, 5), (8, 6), (8, 7), (8, 8)], 'occupied_cells': [(0, 5), (2, 2), (3, 0), (5, 1), (6, 4), (7, 6), (8, 3)]}","{'occupied_cells': [(0, 5), (2, 2), (3, 0), (5, 1), (6, 4), (7, 6), (8, 3)], 'empty_cells': [(0, 0), (0, 1), (0, 2), (0, 3), (0, 4), (0, 6), (0, 7), (0, 8), (1, 0), (1, 1), (1, 2), (1, 3), (1, 4), (1, 5), (1, 6), (1, 7), (1, 8), (2, 0), (2, 1), (2, 3), (2, 4), (2, 5), (2, 6), (2, 7), (2, 8), (3, 1), (3, 2), (3, 3), (3, 4), (3, 5), (3, 6), (3, 7), (3, 8), (4, 0), (4, 1), (4, 2), (4, 3), (4, 4), (4, 5), (4, 6), (4, 7), (4, 8), (5, 0), (5, 2), (5, 3), (5, 4), (5, 5), (5, 6), (5, 7), (5, 8), (6, 0), (6, 1), (6, 2), (6, 3), (6, 5), (6, 6), (6, 7), (6, 8), (7, 0), (7, 1), (7, 2), (7, 3), (7, 4), (7, 5), (7, 7), (7, 8), (8, 0), (8, 1), (8, 2), (8, 4), (8, 5), (8, 6), (8, 7), (8, 8)]}"
images/0585/nqueens.jpg,"0;0;0;Q;0;0;0;0;0;0
0;0;0;0;0;0;0;0;0;0
0;0;0;0;Q;0;0;0;0;0
0;Q;0;0;0;0;0;0;0;0
0;0;0;0;0;0;0;0;0;0
0;0;0;0;0;0;Q;0;0;0
0;0;Q;0;0;0;0;0;0;0
0;0;0;0;0;0;0;Q;0;0
0;0;0;0;0;Q;0;0;0;0
Q;0;0;0;0;0;0;0;0;0","[1, 4]","[8, 9]","[(0, 3), (2, 4), (3, 1), (5, 6), (6, 2), (7, 7), (8, 5), (9, 0)]","[1, 4]","[8, 9]","{'empty_cells': [(0, 0), (0, 1), (0, 2), (0, 4), (0, 5), (0, 6), (0, 7), (0, 8), (0, 9), (1, 0), (1, 1), (1, 2), (1, 3), (1, 4), (1, 5), (1, 6), (1, 7), (1, 8), (1, 9), (2, 0), (2, 1), (2, 2), (2, 3), (2, 5), (2, 6), (2, 7), (2, 8), (2, 9), (3, 0), (3, 2), (3, 3), (3, 4), (3, 5), (3, 6), (3, 7), (3, 8), (3, 9), (4, 0), (4, 1), (4, 2), (4, 3), (4, 4), (4, 5), (4, 6), (4, 7), (4, 8), (4, 9), (5, 0), (5, 1), (5, 2), (5, 3), (5, 4), (5, 5), (5, 7), (5, 8), (5, 9), (6, 0), (6, 1), (6, 3), (6, 4), (6, 5), (6, 6), (6, 7), (6, 8), (6, 9), (7, 0), (7, 1), (7, 2), (7, 3), (7, 4), (7, 5), (7, 6), (7, 8), (7, 9), (8, 0), (8, 1), (8, 2), (8, 3), (8, 4), (8, 6), (8, 7), (8, 8), (8, 9), (9, 1), (9, 2), (9, 3), (9, 4), (9, 5), (9, 6), (9, 7), (9, 8), (9, 9)], 'occupied_cells': [(0, 3), (2, 4), (3, 1), (5, 6), (6, 2), (7, 7), (8, 5), (9, 0)]}","{'occupied_cells': [(0, 3), (2, 4), (3, 1), (5, 6), (6, 2), (7, 7), (8, 5), (9, 0)], 'empty_cells': [(0, 0), (0, 1), (0, 2), (0, 4), (0, 5), (0, 6), (0, 7), (0, 8), (0, 9), (1, 0), (1, 1), (1, 2), (1, 3), (1, 4), (1, 5), (1, 6), (1, 7), (1, 8), (1, 9), (2, 0), (2, 1), (2, 2), (2, 3), (2, 5), (2, 6), (2, 7), (2, 8), (2, 9), (3, 0), (3, 2), (3, 3), (3, 4), (3, 5), (3, 6), (3, 7), (3, 8), (3, 9), (4, 0), (4, 1), (4, 2), (4, 3), (4, 4), (4, 5), (4, 6), (4, 7), (4, 8), (4, 9), (5, 0), (5, 1), (5, 2), (5, 3), (5, 4), (5, 5), (5, 7), (5, 8), (5, 9), (6, 0), (6, 1), (6, 3), (6, 4), (6, 5), (6, 6), (6, 7), (6, 8), (6, 9), (7, 0), (7, 1), (7, 2), (7, 3), (7, 4), (7, 5), (7, 6), (7, 8), (7, 9), (8, 0), (8, 1), (8, 2), (8, 3), (8, 4), (8, 6), (8, 7), (8, 8), (8, 9), (9, 1), (9, 2), (9, 3), (9, 4), (9, 5), (9, 6), (9, 7), (9, 8), (9, 9)]}"
images/1568/nqueens.jpg,"0;0;0;0;0;Q;0;0;0;0;0
0;Q;0;0;0;0;0;0;0;0;0
0;0;0;0;Q;0;0;0;0;0;0
0;0;0;0;0;0;0;0;0;0;0
0;0;0;0;0;0;0;Q;0;0;0
0;0;0;0;0;0;0;0;0;0;0
0;0;0;Q;0;0;0;0;0;0;0
Q;0;0;0;0;0;0;0;0;0;0
0;0;Q;0;0;0;0;0;0;0;0
0;0;0;0;0;0;0;0;Q;0;0
0;0;0;0;0;0;Q;0;0;0;0","[3, 5]","[9, 10]","[(0, 5), (1, 1), (2, 4), (4, 7), (6, 3), (7, 0), (8, 2), (9, 8), (10, 6)]","[3, 5]","[9, 10]","{'empty_cells': [(0, 0), (0, 1), (0, 2), (0, 3), (0, 4), (0, 6), (0, 7), (0, 8), (0, 9), (0, 10), (1, 0), (1, 2), (1, 3), (1, 4), (1, 5), (1, 6), (1, 7), (1, 8), (1, 9), (1, 10), (2, 0), (2, 1), (2, 2), (2, 3), (2, 5), (2, 6), (2, 7), (2, 8), (2, 9), (2, 10), (3, 0), (3, 1), (3, 2), (3, 3), (3, 4), (3, 5), (3, 6), (3, 7), (3, 8), (3, 9), (3, 10), (4, 0), (4, 1), (4, 2), (4, 3), (4, 4), (4, 5), (4, 6), (4, 8), (4, 9), (4, 10), (5, 0), (5, 1), (5, 2), (5, 3), (5, 4), (5, 5), (5, 6), (5, 7), (5, 8), (5, 9), (5, 10), (6, 0), (6, 1), (6, 2), (6, 4), (6, 5), (6, 6), (6, 7), (6, 8), (6, 9), (6, 10), (7, 1), (7, 2), (7, 3), (7, 4), (7, 5), (7, 6), (7, 7), (7, 8), (7, 9), (7, 10), (8, 0), (8, 1), (8, 3), (8, 4), (8, 5), (8, 6), (8, 7), (8, 8), (8, 9), (8, 10), (9, 0), (9, 1), (9, 2), (9, 3), (9, 4), (9, 5), (9, 6), (9, 7), (9, 9), (9, 10), (10, 0), (10, 1), (10, 2), (10, 3), (10, 4), (10, 5), (10, 7), (10, 8), (10, 9), (10, 10)], 'occupied_cells': [(0, 5), (1, 1), (2, 4), (4, 7), (6, 3), (7, 0), (8, 2), (9, 8), (10, 6)]}","{'occupied_cells': [(0, 5), (1, 1), (2, 4), (4, 7), (6, 3), (7, 0), (8, 2), (9, 8), (10, 6)], 'empty_cells': [(0, 0), (0, 1), (0, 2), (0, 3), (0, 4), (0, 6), (0, 7), (0, 8), (0, 9), (0, 10), (1, 0), (1, 2), (1, 3), (1, 4), (1, 5), (1, 6), (1, 7), (1, 8), (1, 9), (1, 10), (2, 0), (2, 1), (2, 2), (2, 3), (2, 5), (2, 6), (2, 7), (2, 8), (2, 9), (2, 10), (3, 0), (3, 1), (3, 2), (3, 3), (3, 4), (3, 5), (3, 6), (3, 7), (3, 8), (3, 9), (3, 10), (4, 0), (4, 1), (4, 2), (4, 3), (4, 4), (4, 5), (4, 6), (4, 8), (4, 9), (4, 10), (5, 0), (5, 1), (5, 2), (5, 3), (5, 4), (5, 5), (5, 6), (5, 7), (5, 8), (5, 9), (5, 10), (6, 0), (6, 1), (6, 2), (6, 4), (6, 5), (6, 6), (6, 7), (6, 8), (6, 9), (6, 10), (7, 1), (7, 2), (7, 3), (7, 4), (7, 5), (7, 6), (7, 7), (7, 8), (7, 9), (7, 10), (8, 0), (8, 1), (8, 3), (8, 4), (8, 5), (8, 6), (8, 7), (8, 8), (8, 9), (8, 10), (9, 0), (9, 1), (9, 2), (9, 3), (9, 4), (9, 5), (9, 6), (9, 7), (9, 9), (9, 10), (10, 0), (10, 1), (10, 2), (10, 3), (10, 4), (10, 5), (10, 7), (10, 8), (10, 9), (10, 10)]}"
images/0824/nqueens.jpg,"0;0;0;0;0;0;0;0;0;0
0;0;0;0;0;0;0;Q;0;0
0;0;0;0;Q;0;0;0;0;0
0;0;Q;0;0;0;0;0;0;0
Q;0;0;0;0;0;0;0;0;0
0;0;0;0;0;Q;0;0;0;0
0;Q;0;0;0;0;0;0;0;0
0;0;0;0;0;0;0;0;0;0
0;0;0;0;0;0;Q;0;0;0
0;0;0;Q;0;0;0;0;0;0","[0, 7]","[8, 9]","[(1, 7), (2, 4), (3, 2), (4, 0), (5, 5), (6, 1), (8, 6), (9, 3)]","[0, 7]","[8, 9]","{'empty_cells': [(0, 0), (0, 1), (0, 2), (0, 3), (0, 4), (0, 5), (0, 6), (0, 7), (0, 8), (0, 9), (1, 0), (1, 1), (1, 2), (1, 3), (1, 4), (1, 5), (1, 6), (1, 8), (1, 9), (2, 0), (2, 1), (2, 2), (2, 3), (2, 5), (2, 6), (2, 7), (2, 8), (2, 9), (3, 0), (3, 1), (3, 3), (3, 4), (3, 5), (3, 6), (3, 7), (3, 8), (3, 9), (4, 1), (4, 2), (4, 3), (4, 4), (4, 5), (4, 6), (4, 7), (4, 8), (4, 9), (5, 0), (5, 1), (5, 2), (5, 3), (5, 4), (5, 6), (5, 7), (5, 8), (5, 9), (6, 0), (6, 2), (6, 3), (6, 4), (6, 5), (6, 6), (6, 7), (6, 8), (6, 9), (7, 0), (7, 1), (7, 2), (7, 3), (7, 4), (7, 5), (7, 6), (7, 7), (7, 8), (7, 9), (8, 0), (8, 1), (8, 2), (8, 3), (8, 4), (8, 5), (8, 7), (8, 8), (8, 9), (9, 0), (9, 1), (9, 2), (9, 4), (9, 5), (9, 6), (9, 7), (9, 8), (9, 9)], 'occupied_cells': [(1, 7), (2, 4), (3, 2), (4, 0), (5, 5), (6, 1), (8, 6), (9, 3)]}","{'occupied_cells': [(1, 7), (2, 4), (3, 2), (4, 0), (5, 5), (6, 1), (8, 6), (9, 3)], 'empty_cells': [(0, 0), (0, 1), (0, 2), (0, 3), (0, 4), (0, 5), (0, 6), (0, 7), (0, 8), (0, 9), (1, 0), (1, 1), (1, 2), (1, 3), (1, 4), (1, 5), (1, 6), (1, 8), (1, 9), (2, 0), (2, 1), (2, 2), (2, 3), (2, 5), (2, 6), (2, 7), (2, 8), (2, 9), (3, 0), (3, 1), (3, 3), (3, 4), (3, 5), (3, 6), (3, 7), (3, 8), (3, 9), (4, 1), (4, 2), (4, 3), (4, 4), (4, 5), (4, 6), (4, 7), (4, 8), (4, 9), (5, 0), (5, 1), (5, 2), (5, 3), (5, 4), (5, 6), (5, 7), (5, 8), (5, 9), (6, 0), (6, 2), (6, 3), (6, 4), (6, 5), (6, 6), (6, 7), (6, 8), (6, 9), (7, 0), (7, 1), (7, 2), (7, 3), (7, 4), (7, 5), (7, 6), (7, 7), (7, 8), (7, 9), (8, 0), (8, 1), (8, 2), (8, 3), (8, 4), (8, 5), (8, 7), (8, 8), (8, 9), (9, 0), (9, 1), (9, 2), (9, 4), (9, 5), (9, 6), (9, 7), (9, 8), (9, 9)]}"
images/0507/nqueens.jpg,"0;0;0;0;0;0;Q;0;0;0
0;0;Q;0;0;0;0;0;0;0
0;0;0;0;0;0;0;Q;0;0
0;Q;0;0;0;0;0;0;0;0
0;0;0;0;Q;0;0;0;0;0
Q;0;0;0;0;0;0;0;0;0
0;0;0;0;0;0;0;0;0;0
0;0;0;Q;0;0;0;0;0;0
0;0;0;0;0;Q;0;0;0;0
0;0;0;0;0;0;0;0;0;0","[6, 9]","[8, 9]","[(0, 6), (1, 2), (2, 7), (3, 1), (4, 4), (5, 0), (7, 3), (8, 5)]","[6, 9]","[8, 9]","{'empty_cells': [(0, 0), (0, 1), (0, 2), (0, 3), (0, 4), (0, 5), (0, 7), (0, 8), (0, 9), (1, 0), (1, 1), (1, 3), (1, 4), (1, 5), (1, 6), (1, 7), (1, 8), (1, 9), (2, 0), (2, 1), (2, 2), (2, 3), (2, 4), (2, 5), (2, 6), (2, 8), (2, 9), (3, 0), (3, 2), (3, 3), (3, 4), (3, 5), (3, 6), (3, 7), (3, 8), (3, 9), (4, 0), (4, 1), (4, 2), (4, 3), (4, 5), (4, 6), (4, 7), (4, 8), (4, 9), (5, 1), (5, 2), (5, 3), (5, 4), (5, 5), (5, 6), (5, 7), (5, 8), (5, 9), (6, 0), (6, 1), (6, 2), (6, 3), (6, 4), (6, 5), (6, 6), (6, 7), (6, 8), (6, 9), (7, 0), (7, 1), (7, 2), (7, 4), (7, 5), (7, 6), (7, 7), (7, 8), (7, 9), (8, 0), (8, 1), (8, 2), (8, 3), (8, 4), (8, 6), (8, 7), (8, 8), (8, 9), (9, 0), (9, 1), (9, 2), (9, 3), (9, 4), (9, 5), (9, 6), (9, 7), (9, 8), (9, 9)], 'occupied_cells': [(0, 6), (1, 2), (2, 7), (3, 1), (4, 4), (5, 0), (7, 3), (8, 5)]}","{'occupied_cells': [(0, 6), (1, 2), (2, 7), (3, 1), (4, 4), (5, 0), (7, 3), (8, 5)], 'empty_cells': [(0, 0), (0, 1), (0, 2), (0, 3), (0, 4), (0, 5), (0, 7), (0, 8), (0, 9), (1, 0), (1, 1), (1, 3), (1, 4), (1, 5), (1, 6), (1, 7), (1, 8), (1, 9), (2, 0), (2, 1), (2, 2), (2, 3), (2, 4), (2, 5), (2, 6), (2, 8), (2, 9), (3, 0), (3, 2), (3, 3), (3, 4), (3, 5), (3, 6), (3, 7), (3, 8), (3, 9), (4, 0), (4, 1), (4, 2), (4, 3), (4, 5), (4, 6), (4, 7), (4, 8), (4, 9), (5, 1), (5, 2), (5, 3), (5, 4), (5, 5), (5, 6), (5, 7), (5, 8), (5, 9), (6, 0), (6, 1), (6, 2), (6, 3), (6, 4), (6, 5), (6, 6), (6, 7), (6, 8), (6, 9), (7, 0), (7, 1), (7, 2), (7, 4), (7, 5), (7, 6), (7, 7), (7, 8), (7, 9), (8, 0), (8, 1), (8, 2), (8, 3), (8, 4), (8, 6), (8, 7), (8, 8), (8, 9), (9, 0), (9, 1), (9, 2), (9, 3), (9, 4), (9, 5), (9, 6), (9, 7), (9, 8), (9, 9)]}"
images/0889/nqueens.jpg,"0;0;0;0;Q;0;0;0;0;0
Q;0;0;0;0;0;0;0;0;0
0;0;0;0;0;0;0;Q;0;0
0;0;0;0;0;Q;0;0;0;0
0;0;Q;0;0;0;0;0;0;0
0;0;0;0;0;0;0;0;0;0
0;Q;0;0;0;0;0;0;0;0
0;0;0;Q;0;0;0;0;0;0
0;0;0;0;0;0;0;0;0;0
0;0;0;0;0;0;Q;0;0;0","[5, 8]","[8, 9]","[(0, 4), (1, 0), (2, 7), (3, 5), (4, 2), (6, 1), (7, 3), (9, 6)]","[5, 8]","[8, 9]","{'empty_cells': [(0, 0), (0, 1), (0, 2), (0, 3), (0, 5), (0, 6), (0, 7), (0, 8), (0, 9), (1, 1), (1, 2), (1, 3), (1, 4), (1, 5), (1, 6), (1, 7), (1, 8), (1, 9), (2, 0), (2, 1), (2, 2), (2, 3), (2, 4), (2, 5), (2, 6), (2, 8), (2, 9), (3, 0), (3, 1), (3, 2), (3, 3), (3, 4), (3, 6), (3, 7), (3, 8), (3, 9), (4, 0), (4, 1), (4, 3), (4, 4), (4, 5), (4, 6), (4, 7), (4, 8), (4, 9), (5, 0), (5, 1), (5, 2), (5, 3), (5, 4), (5, 5), (5, 6), (5, 7), (5, 8), (5, 9), (6, 0), (6, 2), (6, 3), (6, 4), (6, 5), (6, 6), (6, 7), (6, 8), (6, 9), (7, 0), (7, 1), (7, 2), (7, 4), (7, 5), (7, 6), (7, 7), (7, 8), (7, 9), (8, 0), (8, 1), (8, 2), (8, 3), (8, 4), (8, 5), (8, 6), (8, 7), (8, 8), (8, 9), (9, 0), (9, 1), (9, 2), (9, 3), (9, 4), (9, 5), (9, 7), (9, 8), (9, 9)], 'occupied_cells': [(0, 4), (1, 0), (2, 7), (3, 5), (4, 2), (6, 1), (7, 3), (9, 6)]}","{'occupied_cells': [(0, 4), (1, 0), (2, 7), (3, 5), (4, 2), (6, 1), (7, 3), (9, 6)], 'empty_cells': [(0, 0), (0, 1), (0, 2), (0, 3), (0, 5), (0, 6), (0, 7), (0, 8), (0, 9), (1, 1), (1, 2), (1, 3), (1, 4), (1, 5), (1, 6), (1, 7), (1, 8), (1, 9), (2, 0), (2, 1), (2, 2), (2, 3), (2, 4), (2, 5), (2, 6), (2, 8), (2, 9), (3, 0), (3, 1), (3, 2), (3, 3), (3, 4), (3, 6), (3, 7), (3, 8), (3, 9), (4, 0), (4, 1), (4, 3), (4, 4), (4, 5), (4, 6), (4, 7), (4, 8), (4, 9), (5, 0), (5, 1), (5, 2), (5, 3), (5, 4), (5, 5), (5, 6), (5, 7), (5, 8), (5, 9), (6, 0), (6, 2), (6, 3), (6, 4), (6, 5), (6, 6), (6, 7), (6, 8), (6, 9), (7, 0), (7, 1), (7, 2), (7, 4), (7, 5), (7, 6), (7, 7), (7, 8), (7, 9), (8, 0), (8, 1), (8, 2), (8, 3), (8, 4), (8, 5), (8, 6), (8, 7), (8, 8), (8, 9), (9, 0), (9, 1), (9, 2), (9, 3), (9, 4), (9, 5), (9, 7), (9, 8), (9, 9)]}"
images/0070/nqueens.jpg,"0;0;Q;0;0;0;0;0
0;0;0;0;0;Q;0;0
0;0;0;0;0;0;0;0
0;Q;0;0;0;0;0;0
0;0;0;Q;0;0;0;0
Q;0;0;0;0;0;0;0
0;0;0;0;0;0;0;0
0;0;0;0;Q;0;0;0","[2, 6]","[6, 7]","[(0, 2), (1, 5), (3, 1), (4, 3), (5, 0), (7, 4)]","[2, 6]","[6, 7]","{'empty_cells': [(0, 0), (0, 1), (0, 3), (0, 4), (0, 5), (0, 6), (0, 7), (1, 0), (1, 1), (1, 2), (1, 3), (1, 4), (1, 6), (1, 7), (2, 0), (2, 1), (2, 2), (2, 3), (2, 4), (2, 5), (2, 6), (2, 7), (3, 0), (3, 2), (3, 3), (3, 4), (3, 5), (3, 6), (3, 7), (4, 0), (4, 1), (4, 2), (4, 4), (4, 5), (4, 6), (4, 7), (5, 1), (5, 2), (5, 3), (5, 4), (5, 5), (5, 6), (5, 7), (6, 0), (6, 1), (6, 2), (6, 3), (6, 4), (6, 5), (6, 6), (6, 7), (7, 0), (7, 1), (7, 2), (7, 3), (7, 5), (7, 6), (7, 7)], 'occupied_cells': [(0, 2), (1, 5), (3, 1), (4, 3), (5, 0), (7, 4)]}","{'occupied_cells': [(0, 2), (1, 5), (3, 1), (4, 3), (5, 0), (7, 4)], 'empty_cells': [(0, 0), (0, 1), (0, 3), (0, 4), (0, 5), (0, 6), (0, 7), (1, 0), (1, 1), (1, 2), (1, 3), (1, 4), (1, 6), (1, 7), (2, 0), (2, 1), (2, 2), (2, 3), (2, 4), (2, 5), (2, 6), (2, 7), (3, 0), (3, 2), (3, 3), (3, 4), (3, 5), (3, 6), (3, 7), (4, 0), (4, 1), (4, 2), (4, 4), (4, 5), (4, 6), (4, 7), (5, 1), (5, 2), (5, 3), (5, 4), (5, 5), (5, 6), (5, 7), (6, 0), (6, 1), (6, 2), (6, 3), (6, 4), (6, 5), (6, 6), (6, 7), (7, 0), (7, 1), (7, 2), (7, 3), (7, 5), (7, 6), (7, 7)]}"
images/1608/nqueens.jpg,"0;0;0;0;0;Q;0;0;0;0;0
0;0;0;Q;0;0;0;0;0;0;0
0;0;0;0;0;0;0;0;Q;0;0
Q;0;0;0;0;0;0;0;0;0;0
0;0;Q;0;0;0;0;0;0;0;0
0;0;0;0;0;0;Q;0;0;0;0
0;Q;0;0;0;0;0;0;0;0;0
0;0;0;0;0;0;0;0;0;0;0
0;0;0;0;0;0;0;Q;0;0;0
0;0;0;0;0;0;0;0;0;0;0
0;0;0;0;Q;0;0;0;0;0;0","[7, 9]","[9, 10]","[(0, 5), (1, 3), (2, 8), (3, 0), (4, 2), (5, 6), (6, 1), (8, 7), (10, 4)]","[7, 9]","[9, 10]","{'empty_cells': [(0, 0), (0, 1), (0, 2), (0, 3), (0, 4), (0, 6), (0, 7), (0, 8), (0, 9), (0, 10), (1, 0), (1, 1), (1, 2), (1, 4), (1, 5), (1, 6), (1, 7), (1, 8), (1, 9), (1, 10), (2, 0), (2, 1), (2, 2), (2, 3), (2, 4), (2, 5), (2, 6), (2, 7), (2, 9), (2, 10), (3, 1), (3, 2), (3, 3), (3, 4), (3, 5), (3, 6), (3, 7), (3, 8), (3, 9), (3, 10), (4, 0), (4, 1), (4, 3), (4, 4), (4, 5), (4, 6), (4, 7), (4, 8), (4, 9), (4, 10), (5, 0), (5, 1), (5, 2), (5, 3), (5, 4), (5, 5), (5, 7), (5, 8), (5, 9), (5, 10), (6, 0), (6, 2), (6, 3), (6, 4), (6, 5), (6, 6), (6, 7), (6, 8), (6, 9), (6, 10), (7, 0), (7, 1), (7, 2), (7, 3), (7, 4), (7, 5), (7, 6), (7, 7), (7, 8), (7, 9), (7, 10), (8, 0), (8, 1), (8, 2), (8, 3), (8, 4), (8, 5), (8, 6), (8, 8), (8, 9), (8, 10), (9, 0), (9, 1), (9, 2), (9, 3), (9, 4), (9, 5), (9, 6), (9, 7), (9, 8), (9, 9), (9, 10), (10, 0), (10, 1), (10, 2), (10, 3), (10, 5), (10, 6), (10, 7), (10, 8), (10, 9), (10, 10)], 'occupied_cells': [(0, 5), (1, 3), (2, 8), (3, 0), (4, 2), (5, 6), (6, 1), (8, 7), (10, 4)]}","{'occupied_cells': [(0, 5), (1, 3), (2, 8), (3, 0), (4, 2), (5, 6), (6, 1), (8, 7), (10, 4)], 'empty_cells': [(0, 0), (0, 1), (0, 2), (0, 3), (0, 4), (0, 6), (0, 7), (0, 8), (0, 9), (0, 10), (1, 0), (1, 1), (1, 2), (1, 4), (1, 5), (1, 6), (1, 7), (1, 8), (1, 9), (1, 10), (2, 0), (2, 1), (2, 2), (2, 3), (2, 4), (2, 5), (2, 6), (2, 7), (2, 9), (2, 10), (3, 1), (3, 2), (3, 3), (3, 4), (3, 5), (3, 6), (3, 7), (3, 8), (3, 9), (3, 10), (4, 0), (4, 1), (4, 3), (4, 4), (4, 5), (4, 6), (4, 7), (4, 8), (4, 9), (4, 10), (5, 0), (5, 1), (5, 2), (5, 3), (5, 4), (5, 5), (5, 7), (5, 8), (5, 9), (5, 10), (6, 0), (6, 2), (6, 3), (6, 4), (6, 5), (6, 6), (6, 7), (6, 8), (6, 9), (6, 10), (7, 0), (7, 1), (7, 2), (7, 3), (7, 4), (7, 5), (7, 6), (7, 7), (7, 8), (7, 9), (7, 10), (8, 0), (8, 1), (8, 2), (8, 3), (8, 4), (8, 5), (8, 6), (8, 8), (8, 9), (8, 10), (9, 0), (9, 1), (9, 2), (9, 3), (9, 4), (9, 5), (9, 6), (9, 7), (9, 8), (9, 9), (9, 10), (10, 0), (10, 1), (10, 2), (10, 3), (10, 5), (10, 6), (10, 7), (10, 8), (10, 9), (10, 10)]}"
images/1532/nqueens.jpg,"0;0;0;0;0;0;0;Q;0;0;0
0;0;Q;0;0;0;0;0;0;0;0
0;0;0;0;Q;0;0;0;0;0;0
0;0;0;0;0;0;0;0;0;0;0
0;Q;0;0;0;0;0;0;0;0;0
0;0;0;0;0;0;0;0;Q;0;0
0;0;0;0;0;Q;0;0;0;0;0
0;0;0;Q;0;0;0;0;0;0;0
0;0;0;0;0;0;Q;0;0;0;0
Q;0;0;0;0;0;0;0;0;0;0
0;0;0;0;0;0;0;0;0;0;0","[3, 10]","[9, 10]","[(0, 7), (1, 2), (2, 4), (4, 1), (5, 8), (6, 5), (7, 3), (8, 6), (9, 0)]","[3, 10]","[9, 10]","{'empty_cells': [(0, 0), (0, 1), (0, 2), (0, 3), (0, 4), (0, 5), (0, 6), (0, 8), (0, 9), (0, 10), (1, 0), (1, 1), (1, 3), (1, 4), (1, 5), (1, 6), (1, 7), (1, 8), (1, 9), (1, 10), (2, 0), (2, 1), (2, 2), (2, 3), (2, 5), (2, 6), (2, 7), (2, 8), (2, 9), (2, 10), (3, 0), (3, 1), (3, 2), (3, 3), (3, 4), (3, 5), (3, 6), (3, 7), (3, 8), (3, 9), (3, 10), (4, 0), (4, 2), (4, 3), (4, 4), (4, 5), (4, 6), (4, 7), (4, 8), (4, 9), (4, 10), (5, 0), (5, 1), (5, 2), (5, 3), (5, 4), (5, 5), (5, 6), (5, 7), (5, 9), (5, 10), (6, 0), (6, 1), (6, 2), (6, 3), (6, 4), (6, 6), (6, 7), (6, 8), (6, 9), (6, 10), (7, 0), (7, 1), (7, 2), (7, 4), (7, 5), (7, 6), (7, 7), (7, 8), (7, 9), (7, 10), (8, 0), (8, 1), (8, 2), (8, 3), (8, 4), (8, 5), (8, 7), (8, 8), (8, 9), (8, 10), (9, 1), (9, 2), (9, 3), (9, 4), (9, 5), (9, 6), (9, 7), (9, 8), (9, 9), (9, 10), (10, 0), (10, 1), (10, 2), (10, 3), (10, 4), (10, 5), (10, 6), (10, 7), (10, 8), (10, 9), (10, 10)], 'occupied_cells': [(0, 7), (1, 2), (2, 4), (4, 1), (5, 8), (6, 5), (7, 3), (8, 6), (9, 0)]}","{'occupied_cells': [(0, 7), (1, 2), (2, 4), (4, 1), (5, 8), (6, 5), (7, 3), (8, 6), (9, 0)], 'empty_cells': [(0, 0), (0, 1), (0, 2), (0, 3), (0, 4), (0, 5), (0, 6), (0, 8), (0, 9), (0, 10), (1, 0), (1, 1), (1, 3), (1, 4), (1, 5), (1, 6), (1, 7), (1, 8), (1, 9), (1, 10), (2, 0), (2, 1), (2, 2), (2, 3), (2, 5), (2, 6), (2, 7), (2, 8), (2, 9), (2, 10), (3, 0), (3, 1), (3, 2), (3, 3), (3, 4), (3, 5), (3, 6), (3, 7), (3, 8), (3, 9), (3, 10), (4, 0), (4, 2), (4, 3), (4, 4), (4, 5), (4, 6), (4, 7), (4, 8), (4, 9), (4, 10), (5, 0), (5, 1), (5, 2), (5, 3), (5, 4), (5, 5), (5, 6), (5, 7), (5, 9), (5, 10), (6, 0), (6, 1), (6, 2), (6, 3), (6, 4), (6, 6), (6, 7), (6, 8), (6, 9), (6, 10), (7, 0), (7, 1), (7, 2), (7, 4), (7, 5), (7, 6), (7, 7), (7, 8), (7, 9), (7, 10), (8, 0), (8, 1), (8, 2), (8, 3), (8, 4), (8, 5), (8, 7), (8, 8), (8, 9), (8, 10), (9, 1), (9, 2), (9, 3), (9, 4), (9, 5), (9, 6), (9, 7), (9, 8), (9, 9), (9, 10), (10, 0), (10, 1), (10, 2), (10, 3), (10, 4), (10, 5), (10, 6), (10, 7), (10, 8), (10, 9), (10, 10)]}"
images/0247/nqueens.jpg,"0;0;0;0;0;Q;0;0;0
Q;0;0;0;0;0;0;0;0
0;0;0;0;Q;0;0;0;0
0;Q;0;0;0;0;0;0;0
0;0;0;0;0;0;0;0;0
0;0;0;0;0;0;Q;0;0
0;0;0;Q;0;0;0;0;0
0;0;0;0;0;0;0;0;0
0;0;Q;0;0;0;0;0;0","[4, 7]","[7, 8]","[(0, 5), (1, 0), (2, 4), (3, 1), (5, 6), (6, 3), (8, 2)]","[4, 7]","[7, 8]","{'empty_cells': [(0, 0), (0, 1), (0, 2), (0, 3), (0, 4), (0, 6), (0, 7), (0, 8), (1, 1), (1, 2), (1, 3), (1, 4), (1, 5), (1, 6), (1, 7), (1, 8), (2, 0), (2, 1), (2, 2), (2, 3), (2, 5), (2, 6), (2, 7), (2, 8), (3, 0), (3, 2), (3, 3), (3, 4), (3, 5), (3, 6), (3, 7), (3, 8), (4, 0), (4, 1), (4, 2), (4, 3), (4, 4), (4, 5), (4, 6), (4, 7), (4, 8), (5, 0), (5, 1), (5, 2), (5, 3), (5, 4), (5, 5), (5, 7), (5, 8), (6, 0), (6, 1), (6, 2), (6, 4), (6, 5), (6, 6), (6, 7), (6, 8), (7, 0), (7, 1), (7, 2), (7, 3), (7, 4), (7, 5), (7, 6), (7, 7), (7, 8), (8, 0), (8, 1), (8, 3), (8, 4), (8, 5), (8, 6), (8, 7), (8, 8)], 'occupied_cells': [(0, 5), (1, 0), (2, 4), (3, 1), (5, 6), (6, 3), (8, 2)]}","{'occupied_cells': [(0, 5), (1, 0), (2, 4), (3, 1), (5, 6), (6, 3), (8, 2)], 'empty_cells': [(0, 0), (0, 1), (0, 2), (0, 3), (0, 4), (0, 6), (0, 7), (0, 8), (1, 1), (1, 2), (1, 3), (1, 4), (1, 5), (1, 6), (1, 7), (1, 8), (2, 0), (2, 1), (2, 2), (2, 3), (2, 5), (2, 6), (2, 7), (2, 8), (3, 0), (3, 2), (3, 3), (3, 4), (3, 5), (3, 6), (3, 7), (3, 8), (4, 0), (4, 1), (4, 2), (4, 3), (4, 4), (4, 5), (4, 6), (4, 7), (4, 8), (5, 0), (5, 1), (5, 2), (5, 3), (5, 4), (5, 5), (5, 7), (5, 8), (6, 0), (6, 1), (6, 2), (6, 4), (6, 5), (6, 6), (6, 7), (6, 8), (7, 0), (7, 1), (7, 2), (7, 3), (7, 4), (7, 5), (7, 6), (7, 7), (7, 8), (8, 0), (8, 1), (8, 3), (8, 4), (8, 5), (8, 6), (8, 7), (8, 8)]}"
images/1450/nqueens.jpg,"0;0;Q;0;0;0;0;0;0;0;0
0;0;0;0;0;0;0;0;0;0;0
0;0;0;0;0;Q;0;0;0;0;0
0;0;0;0;0;0;0;0;0;0;0
0;0;0;0;Q;0;0;0;0;0;0
Q;0;0;0;0;0;0;0;0;0;0
0;0;0;0;0;0;0;Q;0;0;0
0;0;0;Q;0;0;0;0;0;0;0
0;Q;0;0;0;0;0;0;0;0;0
0;0;0;0;0;0;Q;0;0;0;0
0;0;0;0;0;0;0;0;Q;0;0","[1, 3]","[9, 10]","[(0, 2), (2, 5), (4, 4), (5, 0), (6, 7), (7, 3), (8, 1), (9, 6), (10, 8)]","[1, 3]","[9, 10]","{'empty_cells': [(0, 0), (0, 1), (0, 3), (0, 4), (0, 5), (0, 6), (0, 7), (0, 8), (0, 9), (0, 10), (1, 0), (1, 1), (1, 2), (1, 3), (1, 4), (1, 5), (1, 6), (1, 7), (1, 8), (1, 9), (1, 10), (2, 0), (2, 1), (2, 2), (2, 3), (2, 4), (2, 6), (2, 7), (2, 8), (2, 9), (2, 10), (3, 0), (3, 1), (3, 2), (3, 3), (3, 4), (3, 5), (3, 6), (3, 7), (3, 8), (3, 9), (3, 10), (4, 0), (4, 1), (4, 2), (4, 3), (4, 5), (4, 6), (4, 7), (4, 8), (4, 9), (4, 10), (5, 1), (5, 2), (5, 3), (5, 4), (5, 5), (5, 6), (5, 7), (5, 8), (5, 9), (5, 10), (6, 0), (6, 1), (6, 2), (6, 3), (6, 4), (6, 5), (6, 6), (6, 8), (6, 9), (6, 10), (7, 0), (7, 1), (7, 2), (7, 4), (7, 5), (7, 6), (7, 7), (7, 8), (7, 9), (7, 10), (8, 0), (8, 2), (8, 3), (8, 4), (8, 5), (8, 6), (8, 7), (8, 8), (8, 9), (8, 10), (9, 0), (9, 1), (9, 2), (9, 3), (9, 4), (9, 5), (9, 7), (9, 8), (9, 9), (9, 10), (10, 0), (10, 1), (10, 2), (10, 3), (10, 4), (10, 5), (10, 6), (10, 7), (10, 9), (10, 10)], 'occupied_cells': [(0, 2), (2, 5), (4, 4), (5, 0), (6, 7), (7, 3), (8, 1), (9, 6), (10, 8)]}","{'occupied_cells': [(0, 2), (2, 5), (4, 4), (5, 0), (6, 7), (7, 3), (8, 1), (9, 6), (10, 8)], 'empty_cells': [(0, 0), (0, 1), (0, 3), (0, 4), (0, 5), (0, 6), (0, 7), (0, 8), (0, 9), (0, 10), (1, 0), (1, 1), (1, 2), (1, 3), (1, 4), (1, 5), (1, 6), (1, 7), (1, 8), (1, 9), (1, 10), (2, 0), (2, 1), (2, 2), (2, 3), (2, 4), (2, 6), (2, 7), (2, 8), (2, 9), (2, 10), (3, 0), (3, 1), (3, 2), (3, 3), (3, 4), (3, 5), (3, 6), (3, 7), (3, 8), (3, 9), (3, 10), (4, 0), (4, 1), (4, 2), (4, 3), (4, 5), (4, 6), (4, 7), (4, 8), (4, 9), (4, 10), (5, 1), (5, 2), (5, 3), (5, 4), (5, 5), (5, 6), (5, 7), (5, 8), (5, 9), (5, 10), (6, 0), (6, 1), (6, 2), (6, 3), (6, 4), (6, 5), (6, 6), (6, 8), (6, 9), (6, 10), (7, 0), (7, 1), (7, 2), (7, 4), (7, 5), (7, 6), (7, 7), (7, 8), (7, 9), (7, 10), (8, 0), (8, 2), (8, 3), (8, 4), (8, 5), (8, 6), (8, 7), (8, 8), (8, 9), (8, 10), (9, 0), (9, 1), (9, 2), (9, 3), (9, 4), (9, 5), (9, 7), (9, 8), (9, 9), (9, 10), (10, 0), (10, 1), (10, 2), (10, 3), (10, 4), (10, 5), (10, 6), (10, 7), (10, 9), (10, 10)]}"
images/0212/nqueens.jpg,"0;0;Q;0;0;0;0;0;0
0;0;0;0;0;0;0;0;0
0;0;0;Q;0;0;0;0;0
Q;0;0;0;0;0;0;0;0
0;0;0;0;0;0;0;0;0
0;0;0;0;0;Q;0;0;0
0;Q;0;0;0;0;0;0;0
0;0;0;0;0;0;Q;0;0
0;0;0;0;Q;0;0;0;0","[1, 4]","[7, 8]","[(0, 2), (2, 3), (3, 0), (5, 5), (6, 1), (7, 6), (8, 4)]","[1, 4]","[7, 8]","{'empty_cells': [(0, 0), (0, 1), (0, 3), (0, 4), (0, 5), (0, 6), (0, 7), (0, 8), (1, 0), (1, 1), (1, 2), (1, 3), (1, 4), (1, 5), (1, 6), (1, 7), (1, 8), (2, 0), (2, 1), (2, 2), (2, 4), (2, 5), (2, 6), (2, 7), (2, 8), (3, 1), (3, 2), (3, 3), (3, 4), (3, 5), (3, 6), (3, 7), (3, 8), (4, 0), (4, 1), (4, 2), (4, 3), (4, 4), (4, 5), (4, 6), (4, 7), (4, 8), (5, 0), (5, 1), (5, 2), (5, 3), (5, 4), (5, 6), (5, 7), (5, 8), (6, 0), (6, 2), (6, 3), (6, 4), (6, 5), (6, 6), (6, 7), (6, 8), (7, 0), (7, 1), (7, 2), (7, 3), (7, 4), (7, 5), (7, 7), (7, 8), (8, 0), (8, 1), (8, 2), (8, 3), (8, 5), (8, 6), (8, 7), (8, 8)], 'occupied_cells': [(0, 2), (2, 3), (3, 0), (5, 5), (6, 1), (7, 6), (8, 4)]}","{'occupied_cells': [(0, 2), (2, 3), (3, 0), (5, 5), (6, 1), (7, 6), (8, 4)], 'empty_cells': [(0, 0), (0, 1), (0, 3), (0, 4), (0, 5), (0, 6), (0, 7), (0, 8), (1, 0), (1, 1), (1, 2), (1, 3), (1, 4), (1, 5), (1, 6), (1, 7), (1, 8), (2, 0), (2, 1), (2, 2), (2, 4), (2, 5), (2, 6), (2, 7), (2, 8), (3, 1), (3, 2), (3, 3), (3, 4), (3, 5), (3, 6), (3, 7), (3, 8), (4, 0), (4, 1), (4, 2), (4, 3), (4, 4), (4, 5), (4, 6), (4, 7), (4, 8), (5, 0), (5, 1), (5, 2), (5, 3), (5, 4), (5, 6), (5, 7), (5, 8), (6, 0), (6, 2), (6, 3), (6, 4), (6, 5), (6, 6), (6, 7), (6, 8), (7, 0), (7, 1), (7, 2), (7, 3), (7, 4), (7, 5), (7, 7), (7, 8), (8, 0), (8, 1), (8, 2), (8, 3), (8, 5), (8, 6), (8, 7), (8, 8)]}"
images/0909/nqueens.jpg,"0;0;0;Q;0;0;0;0;0;0
0;0;0;0;0;0;Q;0;0;0
0;0;Q;0;0;0;0;0;0;0
0;0;0;0;0;Q;0;0;0;0
0;Q;0;0;0;0;0;0;0;0
0;0;0;0;0;0;0;0;0;0
Q;0;0;0;0;0;0;0;0;0
0;0;0;0;0;0;0;0;0;0
0;0;0;0;Q;0;0;0;0;0
0;0;0;0;0;0;0;Q;0;0","[5, 7]","[8, 9]","[(0, 3), (1, 6), (2, 2), (3, 5), (4, 1), (6, 0), (8, 4), (9, 7)]","[5, 7]","[8, 9]","{'empty_cells': [(0, 0), (0, 1), (0, 2), (0, 4), (0, 5), (0, 6), (0, 7), (0, 8), (0, 9), (1, 0), (1, 1), (1, 2), (1, 3), (1, 4), (1, 5), (1, 7), (1, 8), (1, 9), (2, 0), (2, 1), (2, 3), (2, 4), (2, 5), (2, 6), (2, 7), (2, 8), (2, 9), (3, 0), (3, 1), (3, 2), (3, 3), (3, 4), (3, 6), (3, 7), (3, 8), (3, 9), (4, 0), (4, 2), (4, 3), (4, 4), (4, 5), (4, 6), (4, 7), (4, 8), (4, 9), (5, 0), (5, 1), (5, 2), (5, 3), (5, 4), (5, 5), (5, 6), (5, 7), (5, 8), (5, 9), (6, 1), (6, 2), (6, 3), (6, 4), (6, 5), (6, 6), (6, 7), (6, 8), (6, 9), (7, 0), (7, 1), (7, 2), (7, 3), (7, 4), (7, 5), (7, 6), (7, 7), (7, 8), (7, 9), (8, 0), (8, 1), (8, 2), (8, 3), (8, 5), (8, 6), (8, 7), (8, 8), (8, 9), (9, 0), (9, 1), (9, 2), (9, 3), (9, 4), (9, 5), (9, 6), (9, 8), (9, 9)], 'occupied_cells': [(0, 3), (1, 6), (2, 2), (3, 5), (4, 1), (6, 0), (8, 4), (9, 7)]}","{'occupied_cells': [(0, 3), (1, 6), (2, 2), (3, 5), (4, 1), (6, 0), (8, 4), (9, 7)], 'empty_cells': [(0, 0), (0, 1), (0, 2), (0, 4), (0, 5), (0, 6), (0, 7), (0, 8), (0, 9), (1, 0), (1, 1), (1, 2), (1, 3), (1, 4), (1, 5), (1, 7), (1, 8), (1, 9), (2, 0), (2, 1), (2, 3), (2, 4), (2, 5), (2, 6), (2, 7), (2, 8), (2, 9), (3, 0), (3, 1), (3, 2), (3, 3), (3, 4), (3, 6), (3, 7), (3, 8), (3, 9), (4, 0), (4, 2), (4, 3), (4, 4), (4, 5), (4, 6), (4, 7), (4, 8), (4, 9), (5, 0), (5, 1), (5, 2), (5, 3), (5, 4), (5, 5), (5, 6), (5, 7), (5, 8), (5, 9), (6, 1), (6, 2), (6, 3), (6, 4), (6, 5), (6, 6), (6, 7), (6, 8), (6, 9), (7, 0), (7, 1), (7, 2), (7, 3), (7, 4), (7, 5), (7, 6), (7, 7), (7, 8), (7, 9), (8, 0), (8, 1), (8, 2), (8, 3), (8, 5), (8, 6), (8, 7), (8, 8), (8, 9), (9, 0), (9, 1), (9, 2), (9, 3), (9, 4), (9, 5), (9, 6), (9, 8), (9, 9)]}"
images/1741/nqueens.jpg,"0;0;0;0;0;0;0;Q;0;0;0
0;0;0;0;0;0;0;0;0;0;0
0;0;0;0;0;0;0;0;Q;0;0
0;Q;0;0;0;0;0;0;0;0;0
0;0;0;0;Q;0;0;0;0;0;0
Q;0;0;0;0;0;0;0;0;0;0
0;0;0;Q;0;0;0;0;0;0;0
0;0;0;0;0;0;Q;0;0;0;0
0;0;0;0;0;0;0;0;0;0;0
0;0;0;0;0;Q;0;0;0;0;0
0;0;Q;0;0;0;0;0;0;0;0","[1, 8]","[9, 10]","[(0, 7), (2, 8), (3, 1), (4, 4), (5, 0), (6, 3), (7, 6), (9, 5), (10, 2)]","[1, 8]","[9, 10]","{'empty_cells': [(0, 0), (0, 1), (0, 2), (0, 3), (0, 4), (0, 5), (0, 6), (0, 8), (0, 9), (0, 10), (1, 0), (1, 1), (1, 2), (1, 3), (1, 4), (1, 5), (1, 6), (1, 7), (1, 8), (1, 9), (1, 10), (2, 0), (2, 1), (2, 2), (2, 3), (2, 4), (2, 5), (2, 6), (2, 7), (2, 9), (2, 10), (3, 0), (3, 2), (3, 3), (3, 4), (3, 5), (3, 6), (3, 7), (3, 8), (3, 9), (3, 10), (4, 0), (4, 1), (4, 2), (4, 3), (4, 5), (4, 6), (4, 7), (4, 8), (4, 9), (4, 10), (5, 1), (5, 2), (5, 3), (5, 4), (5, 5), (5, 6), (5, 7), (5, 8), (5, 9), (5, 10), (6, 0), (6, 1), (6, 2), (6, 4), (6, 5), (6, 6), (6, 7), (6, 8), (6, 9), (6, 10), (7, 0), (7, 1), (7, 2), (7, 3), (7, 4), (7, 5), (7, 7), (7, 8), (7, 9), (7, 10), (8, 0), (8, 1), (8, 2), (8, 3), (8, 4), (8, 5), (8, 6), (8, 7), (8, 8), (8, 9), (8, 10), (9, 0), (9, 1), (9, 2), (9, 3), (9, 4), (9, 6), (9, 7), (9, 8), (9, 9), (9, 10), (10, 0), (10, 1), (10, 3), (10, 4), (10, 5), (10, 6), (10, 7), (10, 8), (10, 9), (10, 10)], 'occupied_cells': [(0, 7), (2, 8), (3, 1), (4, 4), (5, 0), (6, 3), (7, 6), (9, 5), (10, 2)]}","{'occupied_cells': [(0, 7), (2, 8), (3, 1), (4, 4), (5, 0), (6, 3), (7, 6), (9, 5), (10, 2)], 'empty_cells': [(0, 0), (0, 1), (0, 2), (0, 3), (0, 4), (0, 5), (0, 6), (0, 8), (0, 9), (0, 10), (1, 0), (1, 1), (1, 2), (1, 3), (1, 4), (1, 5), (1, 6), (1, 7), (1, 8), (1, 9), (1, 10), (2, 0), (2, 1), (2, 2), (2, 3), (2, 4), (2, 5), (2, 6), (2, 7), (2, 9), (2, 10), (3, 0), (3, 2), (3, 3), (3, 4), (3, 5), (3, 6), (3, 7), (3, 8), (3, 9), (3, 10), (4, 0), (4, 1), (4, 2), (4, 3), (4, 5), (4, 6), (4, 7), (4, 8), (4, 9), (4, 10), (5, 1), (5, 2), (5, 3), (5, 4), (5, 5), (5, 6), (5, 7), (5, 8), (5, 9), (5, 10), (6, 0), (6, 1), (6, 2), (6, 4), (6, 5), (6, 6), (6, 7), (6, 8), (6, 9), (6, 10), (7, 0), (7, 1), (7, 2), (7, 3), (7, 4), (7, 5), (7, 7), (7, 8), (7, 9), (7, 10), (8, 0), (8, 1), (8, 2), (8, 3), (8, 4), (8, 5), (8, 6), (8, 7), (8, 8), (8, 9), (8, 10), (9, 0), (9, 1), (9, 2), (9, 3), (9, 4), (9, 6), (9, 7), (9, 8), (9, 9), (9, 10), (10, 0), (10, 1), (10, 3), (10, 4), (10, 5), (10, 6), (10, 7), (10, 8), (10, 9), (10, 10)]}"
images/1244/nqueens.jpg,"0;0;0;0;0;0;0;Q;0;0;0
Q;0;0;0;0;0;0;0;0;0;0
0;0;0;0;Q;0;0;0;0;0;0
0;Q;0;0;0;0;0;0;0;0;0
0;0;0;0;0;Q;0;0;0;0;0
0;0;0;0;0;0;0;0;0;0;0
0;0;Q;0;0;0;0;0;0;0;0
0;0;0;0;0;0;0;0;0;0;0
0;0;0;0;0;0;0;0;Q;0;0
0;0;0;0;0;0;Q;0;0;0;0
0;0;0;Q;0;0;0;0;0;0;0","[5, 7]","[9, 10]","[(0, 7), (1, 0), (2, 4), (3, 1), (4, 5), (6, 2), (8, 8), (9, 6), (10, 3)]","[5, 7]","[9, 10]","{'empty_cells': [(0, 0), (0, 1), (0, 2), (0, 3), (0, 4), (0, 5), (0, 6), (0, 8), (0, 9), (0, 10), (1, 1), (1, 2), (1, 3), (1, 4), (1, 5), (1, 6), (1, 7), (1, 8), (1, 9), (1, 10), (2, 0), (2, 1), (2, 2), (2, 3), (2, 5), (2, 6), (2, 7), (2, 8), (2, 9), (2, 10), (3, 0), (3, 2), (3, 3), (3, 4), (3, 5), (3, 6), (3, 7), (3, 8), (3, 9), (3, 10), (4, 0), (4, 1), (4, 2), (4, 3), (4, 4), (4, 6), (4, 7), (4, 8), (4, 9), (4, 10), (5, 0), (5, 1), (5, 2), (5, 3), (5, 4), (5, 5), (5, 6), (5, 7), (5, 8), (5, 9), (5, 10), (6, 0), (6, 1), (6, 3), (6, 4), (6, 5), (6, 6), (6, 7), (6, 8), (6, 9), (6, 10), (7, 0), (7, 1), (7, 2), (7, 3), (7, 4), (7, 5), (7, 6), (7, 7), (7, 8), (7, 9), (7, 10), (8, 0), (8, 1), (8, 2), (8, 3), (8, 4), (8, 5), (8, 6), (8, 7), (8, 9), (8, 10), (9, 0), (9, 1), (9, 2), (9, 3), (9, 4), (9, 5), (9, 7), (9, 8), (9, 9), (9, 10), (10, 0), (10, 1), (10, 2), (10, 4), (10, 5), (10, 6), (10, 7), (10, 8), (10, 9), (10, 10)], 'occupied_cells': [(0, 7), (1, 0), (2, 4), (3, 1), (4, 5), (6, 2), (8, 8), (9, 6), (10, 3)]}","{'occupied_cells': [(0, 7), (1, 0), (2, 4), (3, 1), (4, 5), (6, 2), (8, 8), (9, 6), (10, 3)], 'empty_cells': [(0, 0), (0, 1), (0, 2), (0, 3), (0, 4), (0, 5), (0, 6), (0, 8), (0, 9), (0, 10), (1, 1), (1, 2), (1, 3), (1, 4), (1, 5), (1, 6), (1, 7), (1, 8), (1, 9), (1, 10), (2, 0), (2, 1), (2, 2), (2, 3), (2, 5), (2, 6), (2, 7), (2, 8), (2, 9), (2, 10), (3, 0), (3, 2), (3, 3), (3, 4), (3, 5), (3, 6), (3, 7), (3, 8), (3, 9), (3, 10), (4, 0), (4, 1), (4, 2), (4, 3), (4, 4), (4, 6), (4, 7), (4, 8), (4, 9), (4, 10), (5, 0), (5, 1), (5, 2), (5, 3), (5, 4), (5, 5), (5, 6), (5, 7), (5, 8), (5, 9), (5, 10), (6, 0), (6, 1), (6, 3), (6, 4), (6, 5), (6, 6), (6, 7), (6, 8), (6, 9), (6, 10), (7, 0), (7, 1), (7, 2), (7, 3), (7, 4), (7, 5), (7, 6), (7, 7), (7, 8), (7, 9), (7, 10), (8, 0), (8, 1), (8, 2), (8, 3), (8, 4), (8, 5), (8, 6), (8, 7), (8, 9), (8, 10), (9, 0), (9, 1), (9, 2), (9, 3), (9, 4), (9, 5), (9, 7), (9, 8), (9, 9), (9, 10), (10, 0), (10, 1), (10, 2), (10, 4), (10, 5), (10, 6), (10, 7), (10, 8), (10, 9), (10, 10)]}"
images/1696/nqueens.jpg,"0;0;0;Q;0;0;0;0;0;0;0
0;0;0;0;0;0;0;0;0;0;0
0;0;0;0;0;0;Q;0;0;0;0
0;0;Q;0;0;0;0;0;0;0;0
0;0;0;0;0;0;0;0;0;0;0
0;0;0;0;0;Q;0;0;0;0;0
0;Q;0;0;0;0;0;0;0;0;0
0;0;0;0;0;0;0;0;Q;0;0
0;0;0;0;Q;0;0;0;0;0;0
Q;0;0;0;0;0;0;0;0;0;0
0;0;0;0;0;0;0;Q;0;0;0","[1, 4]","[9, 10]","[(0, 3), (2, 6), (3, 2), (5, 5), (6, 1), (7, 8), (8, 4), (9, 0), (10, 7)]","[1, 4]","[9, 10]","{'empty_cells': [(0, 0), (0, 1), (0, 2), (0, 4), (0, 5), (0, 6), (0, 7), (0, 8), (0, 9), (0, 10), (1, 0), (1, 1), (1, 2), (1, 3), (1, 4), (1, 5), (1, 6), (1, 7), (1, 8), (1, 9), (1, 10), (2, 0), (2, 1), (2, 2), (2, 3), (2, 4), (2, 5), (2, 7), (2, 8), (2, 9), (2, 10), (3, 0), (3, 1), (3, 3), (3, 4), (3, 5), (3, 6), (3, 7), (3, 8), (3, 9), (3, 10), (4, 0), (4, 1), (4, 2), (4, 3), (4, 4), (4, 5), (4, 6), (4, 7), (4, 8), (4, 9), (4, 10), (5, 0), (5, 1), (5, 2), (5, 3), (5, 4), (5, 6), (5, 7), (5, 8), (5, 9), (5, 10), (6, 0), (6, 2), (6, 3), (6, 4), (6, 5), (6, 6), (6, 7), (6, 8), (6, 9), (6, 10), (7, 0), (7, 1), (7, 2), (7, 3), (7, 4), (7, 5), (7, 6), (7, 7), (7, 9), (7, 10), (8, 0), (8, 1), (8, 2), (8, 3), (8, 5), (8, 6), (8, 7), (8, 8), (8, 9), (8, 10), (9, 1), (9, 2), (9, 3), (9, 4), (9, 5), (9, 6), (9, 7), (9, 8), (9, 9), (9, 10), (10, 0), (10, 1), (10, 2), (10, 3), (10, 4), (10, 5), (10, 6), (10, 8), (10, 9), (10, 10)], 'occupied_cells': [(0, 3), (2, 6), (3, 2), (5, 5), (6, 1), (7, 8), (8, 4), (9, 0), (10, 7)]}","{'occupied_cells': [(0, 3), (2, 6), (3, 2), (5, 5), (6, 1), (7, 8), (8, 4), (9, 0), (10, 7)], 'empty_cells': [(0, 0), (0, 1), (0, 2), (0, 4), (0, 5), (0, 6), (0, 7), (0, 8), (0, 9), (0, 10), (1, 0), (1, 1), (1, 2), (1, 3), (1, 4), (1, 5), (1, 6), (1, 7), (1, 8), (1, 9), (1, 10), (2, 0), (2, 1), (2, 2), (2, 3), (2, 4), (2, 5), (2, 7), (2, 8), (2, 9), (2, 10), (3, 0), (3, 1), (3, 3), (3, 4), (3, 5), (3, 6), (3, 7), (3, 8), (3, 9), (3, 10), (4, 0), (4, 1), (4, 2), (4, 3), (4, 4), (4, 5), (4, 6), (4, 7), (4, 8), (4, 9), (4, 10), (5, 0), (5, 1), (5, 2), (5, 3), (5, 4), (5, 6), (5, 7), (5, 8), (5, 9), (5, 10), (6, 0), (6, 2), (6, 3), (6, 4), (6, 5), (6, 6), (6, 7), (6, 8), (6, 9), (6, 10), (7, 0), (7, 1), (7, 2), (7, 3), (7, 4), (7, 5), (7, 6), (7, 7), (7, 9), (7, 10), (8, 0), (8, 1), (8, 2), (8, 3), (8, 5), (8, 6), (8, 7), (8, 8), (8, 9), (8, 10), (9, 1), (9, 2), (9, 3), (9, 4), (9, 5), (9, 6), (9, 7), (9, 8), (9, 9), (9, 10), (10, 0), (10, 1), (10, 2), (10, 3), (10, 4), (10, 5), (10, 6), (10, 8), (10, 9), (10, 10)]}"
images/1182/nqueens.jpg,"0;Q;0;0;0;0;0;0;0;0;0
0;0;0;0;0;0;Q;0;0;0;0
0;0;0;0;Q;0;0;0;0;0;0
0;0;0;0;0;0;0;0;0;0;0
0;0;0;0;0;0;0;Q;0;0;0
0;0;0;Q;0;0;0;0;0;0;0
0;0;0;0;0;0;0;0;0;0;0
0;0;Q;0;0;0;0;0;0;0;0
0;0;0;0;0;Q;0;0;0;0;0
0;0;0;0;0;0;0;0;Q;0;0
Q;0;0;0;0;0;0;0;0;0;0","[3, 6]","[9, 10]","[(0, 1), (1, 6), (2, 4), (4, 7), (5, 3), (7, 2), (8, 5), (9, 8), (10, 0)]","[3, 6]","[9, 10]","{'empty_cells': [(0, 0), (0, 2), (0, 3), (0, 4), (0, 5), (0, 6), (0, 7), (0, 8), (0, 9), (0, 10), (1, 0), (1, 1), (1, 2), (1, 3), (1, 4), (1, 5), (1, 7), (1, 8), (1, 9), (1, 10), (2, 0), (2, 1), (2, 2), (2, 3), (2, 5), (2, 6), (2, 7), (2, 8), (2, 9), (2, 10), (3, 0), (3, 1), (3, 2), (3, 3), (3, 4), (3, 5), (3, 6), (3, 7), (3, 8), (3, 9), (3, 10), (4, 0), (4, 1), (4, 2), (4, 3), (4, 4), (4, 5), (4, 6), (4, 8), (4, 9), (4, 10), (5, 0), (5, 1), (5, 2), (5, 4), (5, 5), (5, 6), (5, 7), (5, 8), (5, 9), (5, 10), (6, 0), (6, 1), (6, 2), (6, 3), (6, 4), (6, 5), (6, 6), (6, 7), (6, 8), (6, 9), (6, 10), (7, 0), (7, 1), (7, 3), (7, 4), (7, 5), (7, 6), (7, 7), (7, 8), (7, 9), (7, 10), (8, 0), (8, 1), (8, 2), (8, 3), (8, 4), (8, 6), (8, 7), (8, 8), (8, 9), (8, 10), (9, 0), (9, 1), (9, 2), (9, 3), (9, 4), (9, 5), (9, 6), (9, 7), (9, 9), (9, 10), (10, 1), (10, 2), (10, 3), (10, 4), (10, 5), (10, 6), (10, 7), (10, 8), (10, 9), (10, 10)], 'occupied_cells': [(0, 1), (1, 6), (2, 4), (4, 7), (5, 3), (7, 2), (8, 5), (9, 8), (10, 0)]}","{'occupied_cells': [(0, 1), (1, 6), (2, 4), (4, 7), (5, 3), (7, 2), (8, 5), (9, 8), (10, 0)], 'empty_cells': [(0, 0), (0, 2), (0, 3), (0, 4), (0, 5), (0, 6), (0, 7), (0, 8), (0, 9), (0, 10), (1, 0), (1, 1), (1, 2), (1, 3), (1, 4), (1, 5), (1, 7), (1, 8), (1, 9), (1, 10), (2, 0), (2, 1), (2, 2), (2, 3), (2, 5), (2, 6), (2, 7), (2, 8), (2, 9), (2, 10), (3, 0), (3, 1), (3, 2), (3, 3), (3, 4), (3, 5), (3, 6), (3, 7), (3, 8), (3, 9), (3, 10), (4, 0), (4, 1), (4, 2), (4, 3), (4, 4), (4, 5), (4, 6), (4, 8), (4, 9), (4, 10), (5, 0), (5, 1), (5, 2), (5, 4), (5, 5), (5, 6), (5, 7), (5, 8), (5, 9), (5, 10), (6, 0), (6, 1), (6, 2), (6, 3), (6, 4), (6, 5), (6, 6), (6, 7), (6, 8), (6, 9), (6, 10), (7, 0), (7, 1), (7, 3), (7, 4), (7, 5), (7, 6), (7, 7), (7, 8), (7, 9), (7, 10), (8, 0), (8, 1), (8, 2), (8, 3), (8, 4), (8, 6), (8, 7), (8, 8), (8, 9), (8, 10), (9, 0), (9, 1), (9, 2), (9, 3), (9, 4), (9, 5), (9, 6), (9, 7), (9, 9), (9, 10), (10, 1), (10, 2), (10, 3), (10, 4), (10, 5), (10, 6), (10, 7), (10, 8), (10, 9), (10, 10)]}"
images/0361/nqueens.jpg,"0;0;0;0;Q;0;0;0;0
0;0;0;0;0;0;Q;0;0
0;Q;0;0;0;0;0;0;0
0;0;0;0;0;Q;0;0;0
0;0;Q;0;0;0;0;0;0
Q;0;0;0;0;0;0;0;0
0;0;0;0;0;0;0;0;0
0;0;0;Q;0;0;0;0;0
0;0;0;0;0;0;0;0;0","[6, 8]","[7, 8]","[(0, 4), (1, 6), (2, 1), (3, 5), (4, 2), (5, 0), (7, 3)]","[6, 8]","[7, 8]","{'empty_cells': [(0, 0), (0, 1), (0, 2), (0, 3), (0, 5), (0, 6), (0, 7), (0, 8), (1, 0), (1, 1), (1, 2), (1, 3), (1, 4), (1, 5), (1, 7), (1, 8), (2, 0), (2, 2), (2, 3), (2, 4), (2, 5), (2, 6), (2, 7), (2, 8), (3, 0), (3, 1), (3, 2), (3, 3), (3, 4), (3, 6), (3, 7), (3, 8), (4, 0), (4, 1), (4, 3), (4, 4), (4, 5), (4, 6), (4, 7), (4, 8), (5, 1), (5, 2), (5, 3), (5, 4), (5, 5), (5, 6), (5, 7), (5, 8), (6, 0), (6, 1), (6, 2), (6, 3), (6, 4), (6, 5), (6, 6), (6, 7), (6, 8), (7, 0), (7, 1), (7, 2), (7, 4), (7, 5), (7, 6), (7, 7), (7, 8), (8, 0), (8, 1), (8, 2), (8, 3), (8, 4), (8, 5), (8, 6), (8, 7), (8, 8)], 'occupied_cells': [(0, 4), (1, 6), (2, 1), (3, 5), (4, 2), (5, 0), (7, 3)]}","{'occupied_cells': [(0, 4), (1, 6), (2, 1), (3, 5), (4, 2), (5, 0), (7, 3)], 'empty_cells': [(0, 0), (0, 1), (0, 2), (0, 3), (0, 5), (0, 6), (0, 7), (0, 8), (1, 0), (1, 1), (1, 2), (1, 3), (1, 4), (1, 5), (1, 7), (1, 8), (2, 0), (2, 2), (2, 3), (2, 4), (2, 5), (2, 6), (2, 7), (2, 8), (3, 0), (3, 1), (3, 2), (3, 3), (3, 4), (3, 6), (3, 7), (3, 8), (4, 0), (4, 1), (4, 3), (4, 4), (4, 5), (4, 6), (4, 7), (4, 8), (5, 1), (5, 2), (5, 3), (5, 4), (5, 5), (5, 6), (5, 7), (5, 8), (6, 0), (6, 1), (6, 2), (6, 3), (6, 4), (6, 5), (6, 6), (6, 7), (6, 8), (7, 0), (7, 1), (7, 2), (7, 4), (7, 5), (7, 6), (7, 7), (7, 8), (8, 0), (8, 1), (8, 2), (8, 3), (8, 4), (8, 5), (8, 6), (8, 7), (8, 8)]}"
images/1473/nqueens.jpg,"0;0;0;0;0;0;Q;0;0;0;0
0;0;0;Q;0;0;0;0;0;0;0
0;0;0;0;0;0;0;0;0;0;0
0;0;Q;0;0;0;0;0;0;0;0
0;0;0;0;0;0;0;Q;0;0;0
0;0;0;0;0;0;0;0;0;0;0
0;0;0;0;Q;0;0;0;0;0;0
0;Q;0;0;0;0;0;0;0;0;0
0;0;0;0;0;0;0;0;Q;0;0
Q;0;0;0;0;0;0;0;0;0;0
0;0;0;0;0;Q;0;0;0;0;0","[2, 5]","[9, 10]","[(0, 6), (1, 3), (3, 2), (4, 7), (6, 4), (7, 1), (8, 8), (9, 0), (10, 5)]","[2, 5]","[9, 10]","{'empty_cells': [(0, 0), (0, 1), (0, 2), (0, 3), (0, 4), (0, 5), (0, 7), (0, 8), (0, 9), (0, 10), (1, 0), (1, 1), (1, 2), (1, 4), (1, 5), (1, 6), (1, 7), (1, 8), (1, 9), (1, 10), (2, 0), (2, 1), (2, 2), (2, 3), (2, 4), (2, 5), (2, 6), (2, 7), (2, 8), (2, 9), (2, 10), (3, 0), (3, 1), (3, 3), (3, 4), (3, 5), (3, 6), (3, 7), (3, 8), (3, 9), (3, 10), (4, 0), (4, 1), (4, 2), (4, 3), (4, 4), (4, 5), (4, 6), (4, 8), (4, 9), (4, 10), (5, 0), (5, 1), (5, 2), (5, 3), (5, 4), (5, 5), (5, 6), (5, 7), (5, 8), (5, 9), (5, 10), (6, 0), (6, 1), (6, 2), (6, 3), (6, 5), (6, 6), (6, 7), (6, 8), (6, 9), (6, 10), (7, 0), (7, 2), (7, 3), (7, 4), (7, 5), (7, 6), (7, 7), (7, 8), (7, 9), (7, 10), (8, 0), (8, 1), (8, 2), (8, 3), (8, 4), (8, 5), (8, 6), (8, 7), (8, 9), (8, 10), (9, 1), (9, 2), (9, 3), (9, 4), (9, 5), (9, 6), (9, 7), (9, 8), (9, 9), (9, 10), (10, 0), (10, 1), (10, 2), (10, 3), (10, 4), (10, 6), (10, 7), (10, 8), (10, 9), (10, 10)], 'occupied_cells': [(0, 6), (1, 3), (3, 2), (4, 7), (6, 4), (7, 1), (8, 8), (9, 0), (10, 5)]}","{'occupied_cells': [(0, 6), (1, 3), (3, 2), (4, 7), (6, 4), (7, 1), (8, 8), (9, 0), (10, 5)], 'empty_cells': [(0, 0), (0, 1), (0, 2), (0, 3), (0, 4), (0, 5), (0, 7), (0, 8), (0, 9), (0, 10), (1, 0), (1, 1), (1, 2), (1, 4), (1, 5), (1, 6), (1, 7), (1, 8), (1, 9), (1, 10), (2, 0), (2, 1), (2, 2), (2, 3), (2, 4), (2, 5), (2, 6), (2, 7), (2, 8), (2, 9), (2, 10), (3, 0), (3, 1), (3, 3), (3, 4), (3, 5), (3, 6), (3, 7), (3, 8), (3, 9), (3, 10), (4, 0), (4, 1), (4, 2), (4, 3), (4, 4), (4, 5), (4, 6), (4, 8), (4, 9), (4, 10), (5, 0), (5, 1), (5, 2), (5, 3), (5, 4), (5, 5), (5, 6), (5, 7), (5, 8), (5, 9), (5, 10), (6, 0), (6, 1), (6, 2), (6, 3), (6, 5), (6, 6), (6, 7), (6, 8), (6, 9), (6, 10), (7, 0), (7, 2), (7, 3), (7, 4), (7, 5), (7, 6), (7, 7), (7, 8), (7, 9), (7, 10), (8, 0), (8, 1), (8, 2), (8, 3), (8, 4), (8, 5), (8, 6), (8, 7), (8, 9), (8, 10), (9, 1), (9, 2), (9, 3), (9, 4), (9, 5), (9, 6), (9, 7), (9, 8), (9, 9), (9, 10), (10, 0), (10, 1), (10, 2), (10, 3), (10, 4), (10, 6), (10, 7), (10, 8), (10, 9), (10, 10)]}"
images/0678/nqueens.jpg,"0;0;0;0;0;Q;0;0;0;0
0;0;0;Q;0;0;0;0;0;0
0;0;0;0;0;0;0;0;0;0
Q;0;0;0;0;0;0;0;0;0
0;0;Q;0;0;0;0;0;0;0
0;0;0;0;0;0;0;0;0;0
0;0;0;0;0;0;Q;0;0;0
0;Q;0;0;0;0;0;0;0;0
0;0;0;0;0;0;0;Q;0;0
0;0;0;0;Q;0;0;0;0;0","[2, 5]","[8, 9]","[(0, 5), (1, 3), (3, 0), (4, 2), (6, 6), (7, 1), (8, 7), (9, 4)]","[2, 5]","[8, 9]","{'empty_cells': [(0, 0), (0, 1), (0, 2), (0, 3), (0, 4), (0, 6), (0, 7), (0, 8), (0, 9), (1, 0), (1, 1), (1, 2), (1, 4), (1, 5), (1, 6), (1, 7), (1, 8), (1, 9), (2, 0), (2, 1), (2, 2), (2, 3), (2, 4), (2, 5), (2, 6), (2, 7), (2, 8), (2, 9), (3, 1), (3, 2), (3, 3), (3, 4), (3, 5), (3, 6), (3, 7), (3, 8), (3, 9), (4, 0), (4, 1), (4, 3), (4, 4), (4, 5), (4, 6), (4, 7), (4, 8), (4, 9), (5, 0), (5, 1), (5, 2), (5, 3), (5, 4), (5, 5), (5, 6), (5, 7), (5, 8), (5, 9), (6, 0), (6, 1), (6, 2), (6, 3), (6, 4), (6, 5), (6, 7), (6, 8), (6, 9), (7, 0), (7, 2), (7, 3), (7, 4), (7, 5), (7, 6), (7, 7), (7, 8), (7, 9), (8, 0), (8, 1), (8, 2), (8, 3), (8, 4), (8, 5), (8, 6), (8, 8), (8, 9), (9, 0), (9, 1), (9, 2), (9, 3), (9, 5), (9, 6), (9, 7), (9, 8), (9, 9)], 'occupied_cells': [(0, 5), (1, 3), (3, 0), (4, 2), (6, 6), (7, 1), (8, 7), (9, 4)]}","{'occupied_cells': [(0, 5), (1, 3), (3, 0), (4, 2), (6, 6), (7, 1), (8, 7), (9, 4)], 'empty_cells': [(0, 0), (0, 1), (0, 2), (0, 3), (0, 4), (0, 6), (0, 7), (0, 8), (0, 9), (1, 0), (1, 1), (1, 2), (1, 4), (1, 5), (1, 6), (1, 7), (1, 8), (1, 9), (2, 0), (2, 1), (2, 2), (2, 3), (2, 4), (2, 5), (2, 6), (2, 7), (2, 8), (2, 9), (3, 1), (3, 2), (3, 3), (3, 4), (3, 5), (3, 6), (3, 7), (3, 8), (3, 9), (4, 0), (4, 1), (4, 3), (4, 4), (4, 5), (4, 6), (4, 7), (4, 8), (4, 9), (5, 0), (5, 1), (5, 2), (5, 3), (5, 4), (5, 5), (5, 6), (5, 7), (5, 8), (5, 9), (6, 0), (6, 1), (6, 2), (6, 3), (6, 4), (6, 5), (6, 7), (6, 8), (6, 9), (7, 0), (7, 2), (7, 3), (7, 4), (7, 5), (7, 6), (7, 7), (7, 8), (7, 9), (8, 0), (8, 1), (8, 2), (8, 3), (8, 4), (8, 5), (8, 6), (8, 8), (8, 9), (9, 0), (9, 1), (9, 2), (9, 3), (9, 5), (9, 6), (9, 7), (9, 8), (9, 9)]}"
images/1621/nqueens.jpg,"0;0;Q;0;0;0;0;0;0;0;0
0;0;0;0;0;Q;0;0;0;0;0
0;Q;0;0;0;0;0;0;0;0;0
0;0;0;0;0;0;0;0;Q;0;0
0;0;0;0;Q;0;0;0;0;0;0
Q;0;0;0;0;0;0;0;0;0;0
0;0;0;0;0;0;0;0;0;0;0
0;0;0;Q;0;0;0;0;0;0;0
0;0;0;0;0;0;Q;0;0;0;0
0;0;0;0;0;0;0;0;0;0;0
0;0;0;0;0;0;0;Q;0;0;0","[6, 9]","[9, 10]","[(0, 2), (1, 5), (2, 1), (3, 8), (4, 4), (5, 0), (7, 3), (8, 6), (10, 7)]","[6, 9]","[9, 10]","{'empty_cells': [(0, 0), (0, 1), (0, 3), (0, 4), (0, 5), (0, 6), (0, 7), (0, 8), (0, 9), (0, 10), (1, 0), (1, 1), (1, 2), (1, 3), (1, 4), (1, 6), (1, 7), (1, 8), (1, 9), (1, 10), (2, 0), (2, 2), (2, 3), (2, 4), (2, 5), (2, 6), (2, 7), (2, 8), (2, 9), (2, 10), (3, 0), (3, 1), (3, 2), (3, 3), (3, 4), (3, 5), (3, 6), (3, 7), (3, 9), (3, 10), (4, 0), (4, 1), (4, 2), (4, 3), (4, 5), (4, 6), (4, 7), (4, 8), (4, 9), (4, 10), (5, 1), (5, 2), (5, 3), (5, 4), (5, 5), (5, 6), (5, 7), (5, 8), (5, 9), (5, 10), (6, 0), (6, 1), (6, 2), (6, 3), (6, 4), (6, 5), (6, 6), (6, 7), (6, 8), (6, 9), (6, 10), (7, 0), (7, 1), (7, 2), (7, 4), (7, 5), (7, 6), (7, 7), (7, 8), (7, 9), (7, 10), (8, 0), (8, 1), (8, 2), (8, 3), (8, 4), (8, 5), (8, 7), (8, 8), (8, 9), (8, 10), (9, 0), (9, 1), (9, 2), (9, 3), (9, 4), (9, 5), (9, 6), (9, 7), (9, 8), (9, 9), (9, 10), (10, 0), (10, 1), (10, 2), (10, 3), (10, 4), (10, 5), (10, 6), (10, 8), (10, 9), (10, 10)], 'occupied_cells': [(0, 2), (1, 5), (2, 1), (3, 8), (4, 4), (5, 0), (7, 3), (8, 6), (10, 7)]}","{'occupied_cells': [(0, 2), (1, 5), (2, 1), (3, 8), (4, 4), (5, 0), (7, 3), (8, 6), (10, 7)], 'empty_cells': [(0, 0), (0, 1), (0, 3), (0, 4), (0, 5), (0, 6), (0, 7), (0, 8), (0, 9), (0, 10), (1, 0), (1, 1), (1, 2), (1, 3), (1, 4), (1, 6), (1, 7), (1, 8), (1, 9), (1, 10), (2, 0), (2, 2), (2, 3), (2, 4), (2, 5), (2, 6), (2, 7), (2, 8), (2, 9), (2, 10), (3, 0), (3, 1), (3, 2), (3, 3), (3, 4), (3, 5), (3, 6), (3, 7), (3, 9), (3, 10), (4, 0), (4, 1), (4, 2), (4, 3), (4, 5), (4, 6), (4, 7), (4, 8), (4, 9), (4, 10), (5, 1), (5, 2), (5, 3), (5, 4), (5, 5), (5, 6), (5, 7), (5, 8), (5, 9), (5, 10), (6, 0), (6, 1), (6, 2), (6, 3), (6, 4), (6, 5), (6, 6), (6, 7), (6, 8), (6, 9), (6, 10), (7, 0), (7, 1), (7, 2), (7, 4), (7, 5), (7, 6), (7, 7), (7, 8), (7, 9), (7, 10), (8, 0), (8, 1), (8, 2), (8, 3), (8, 4), (8, 5), (8, 7), (8, 8), (8, 9), (8, 10), (9, 0), (9, 1), (9, 2), (9, 3), (9, 4), (9, 5), (9, 6), (9, 7), (9, 8), (9, 9), (9, 10), (10, 0), (10, 1), (10, 2), (10, 3), (10, 4), (10, 5), (10, 6), (10, 8), (10, 9), (10, 10)]}"
images/1089/nqueens.jpg,"0;0;0;0;0;0;Q;0;0;0
0;Q;0;0;0;0;0;0;0;0
0;0;0;0;0;0;0;Q;0;0
Q;0;0;0;0;0;0;0;0;0
0;0;0;0;0;0;0;0;0;0
0;0;0;Q;0;0;0;0;0;0
0;0;0;0;0;Q;0;0;0;0
0;0;0;0;0;0;0;0;0;0
0;0;Q;0;0;0;0;0;0;0
0;0;0;0;Q;0;0;0;0;0","[4, 7]","[8, 9]","[(0, 6), (1, 1), (2, 7), (3, 0), (5, 3), (6, 5), (8, 2), (9, 4)]","[4, 7]","[8, 9]","{'empty_cells': [(0, 0), (0, 1), (0, 2), (0, 3), (0, 4), (0, 5), (0, 7), (0, 8), (0, 9), (1, 0), (1, 2), (1, 3), (1, 4), (1, 5), (1, 6), (1, 7), (1, 8), (1, 9), (2, 0), (2, 1), (2, 2), (2, 3), (2, 4), (2, 5), (2, 6), (2, 8), (2, 9), (3, 1), (3, 2), (3, 3), (3, 4), (3, 5), (3, 6), (3, 7), (3, 8), (3, 9), (4, 0), (4, 1), (4, 2), (4, 3), (4, 4), (4, 5), (4, 6), (4, 7), (4, 8), (4, 9), (5, 0), (5, 1), (5, 2), (5, 4), (5, 5), (5, 6), (5, 7), (5, 8), (5, 9), (6, 0), (6, 1), (6, 2), (6, 3), (6, 4), (6, 6), (6, 7), (6, 8), (6, 9), (7, 0), (7, 1), (7, 2), (7, 3), (7, 4), (7, 5), (7, 6), (7, 7), (7, 8), (7, 9), (8, 0), (8, 1), (8, 3), (8, 4), (8, 5), (8, 6), (8, 7), (8, 8), (8, 9), (9, 0), (9, 1), (9, 2), (9, 3), (9, 5), (9, 6), (9, 7), (9, 8), (9, 9)], 'occupied_cells': [(0, 6), (1, 1), (2, 7), (3, 0), (5, 3), (6, 5), (8, 2), (9, 4)]}","{'occupied_cells': [(0, 6), (1, 1), (2, 7), (3, 0), (5, 3), (6, 5), (8, 2), (9, 4)], 'empty_cells': [(0, 0), (0, 1), (0, 2), (0, 3), (0, 4), (0, 5), (0, 7), (0, 8), (0, 9), (1, 0), (1, 2), (1, 3), (1, 4), (1, 5), (1, 6), (1, 7), (1, 8), (1, 9), (2, 0), (2, 1), (2, 2), (2, 3), (2, 4), (2, 5), (2, 6), (2, 8), (2, 9), (3, 1), (3, 2), (3, 3), (3, 4), (3, 5), (3, 6), (3, 7), (3, 8), (3, 9), (4, 0), (4, 1), (4, 2), (4, 3), (4, 4), (4, 5), (4, 6), (4, 7), (4, 8), (4, 9), (5, 0), (5, 1), (5, 2), (5, 4), (5, 5), (5, 6), (5, 7), (5, 8), (5, 9), (6, 0), (6, 1), (6, 2), (6, 3), (6, 4), (6, 6), (6, 7), (6, 8), (6, 9), (7, 0), (7, 1), (7, 2), (7, 3), (7, 4), (7, 5), (7, 6), (7, 7), (7, 8), (7, 9), (8, 0), (8, 1), (8, 3), (8, 4), (8, 5), (8, 6), (8, 7), (8, 8), (8, 9), (9, 0), (9, 1), (9, 2), (9, 3), (9, 5), (9, 6), (9, 7), (9, 8), (9, 9)]}"
images/1987/nqueens.jpg,"0;0;0;Q;0;0;0;0;0;0;0
0;0;0;0;0;0;Q;0;0;0;0
0;0;Q;0;0;0;0;0;0;0;0
0;0;0;0;0;0;0;0;0;0;0
0;0;0;0;0;0;0;0;Q;0;0
Q;0;0;0;0;0;0;0;0;0;0
0;0;0;0;Q;0;0;0;0;0;0
0;0;0;0;0;0;0;0;0;0;0
0;Q;0;0;0;0;0;0;0;0;0
0;0;0;0;0;Q;0;0;0;0;0
0;0;0;0;0;0;0;Q;0;0;0","[3, 7]","[9, 10]","[(0, 3), (1, 6), (2, 2), (4, 8), (5, 0), (6, 4), (8, 1), (9, 5), (10, 7)]","[3, 7]","[9, 10]","{'empty_cells': [(0, 0), (0, 1), (0, 2), (0, 4), (0, 5), (0, 6), (0, 7), (0, 8), (0, 9), (0, 10), (1, 0), (1, 1), (1, 2), (1, 3), (1, 4), (1, 5), (1, 7), (1, 8), (1, 9), (1, 10), (2, 0), (2, 1), (2, 3), (2, 4), (2, 5), (2, 6), (2, 7), (2, 8), (2, 9), (2, 10), (3, 0), (3, 1), (3, 2), (3, 3), (3, 4), (3, 5), (3, 6), (3, 7), (3, 8), (3, 9), (3, 10), (4, 0), (4, 1), (4, 2), (4, 3), (4, 4), (4, 5), (4, 6), (4, 7), (4, 9), (4, 10), (5, 1), (5, 2), (5, 3), (5, 4), (5, 5), (5, 6), (5, 7), (5, 8), (5, 9), (5, 10), (6, 0), (6, 1), (6, 2), (6, 3), (6, 5), (6, 6), (6, 7), (6, 8), (6, 9), (6, 10), (7, 0), (7, 1), (7, 2), (7, 3), (7, 4), (7, 5), (7, 6), (7, 7), (7, 8), (7, 9), (7, 10), (8, 0), (8, 2), (8, 3), (8, 4), (8, 5), (8, 6), (8, 7), (8, 8), (8, 9), (8, 10), (9, 0), (9, 1), (9, 2), (9, 3), (9, 4), (9, 6), (9, 7), (9, 8), (9, 9), (9, 10), (10, 0), (10, 1), (10, 2), (10, 3), (10, 4), (10, 5), (10, 6), (10, 8), (10, 9), (10, 10)], 'occupied_cells': [(0, 3), (1, 6), (2, 2), (4, 8), (5, 0), (6, 4), (8, 1), (9, 5), (10, 7)]}","{'occupied_cells': [(0, 3), (1, 6), (2, 2), (4, 8), (5, 0), (6, 4), (8, 1), (9, 5), (10, 7)], 'empty_cells': [(0, 0), (0, 1), (0, 2), (0, 4), (0, 5), (0, 6), (0, 7), (0, 8), (0, 9), (0, 10), (1, 0), (1, 1), (1, 2), (1, 3), (1, 4), (1, 5), (1, 7), (1, 8), (1, 9), (1, 10), (2, 0), (2, 1), (2, 3), (2, 4), (2, 5), (2, 6), (2, 7), (2, 8), (2, 9), (2, 10), (3, 0), (3, 1), (3, 2), (3, 3), (3, 4), (3, 5), (3, 6), (3, 7), (3, 8), (3, 9), (3, 10), (4, 0), (4, 1), (4, 2), (4, 3), (4, 4), (4, 5), (4, 6), (4, 7), (4, 9), (4, 10), (5, 1), (5, 2), (5, 3), (5, 4), (5, 5), (5, 6), (5, 7), (5, 8), (5, 9), (5, 10), (6, 0), (6, 1), (6, 2), (6, 3), (6, 5), (6, 6), (6, 7), (6, 8), (6, 9), (6, 10), (7, 0), (7, 1), (7, 2), (7, 3), (7, 4), (7, 5), (7, 6), (7, 7), (7, 8), (7, 9), (7, 10), (8, 0), (8, 2), (8, 3), (8, 4), (8, 5), (8, 6), (8, 7), (8, 8), (8, 9), (8, 10), (9, 0), (9, 1), (9, 2), (9, 3), (9, 4), (9, 6), (9, 7), (9, 8), (9, 9), (9, 10), (10, 0), (10, 1), (10, 2), (10, 3), (10, 4), (10, 5), (10, 6), (10, 8), (10, 9), (10, 10)]}"
images/1847/nqueens.jpg,"0;Q;0;0;0;0;0;0;0;0;0
0;0;0;0;0;0;0;0;0;0;0
0;0;0;0;0;Q;0;0;0;0;0
0;0;0;0;0;0;0;Q;0;0;0
0;0;0;0;Q;0;0;0;0;0;0
Q;0;0;0;0;0;0;0;0;0;0
0;0;0;Q;0;0;0;0;0;0;0
0;0;0;0;0;0;0;0;0;0;0
0;0;0;0;0;0;Q;0;0;0;0
0;0;0;0;0;0;0;0;Q;0;0
0;0;Q;0;0;0;0;0;0;0;0","[1, 7]","[9, 10]","[(0, 1), (2, 5), (3, 7), (4, 4), (5, 0), (6, 3), (8, 6), (9, 8), (10, 2)]","[1, 7]","[9, 10]","{'empty_cells': [(0, 0), (0, 2), (0, 3), (0, 4), (0, 5), (0, 6), (0, 7), (0, 8), (0, 9), (0, 10), (1, 0), (1, 1), (1, 2), (1, 3), (1, 4), (1, 5), (1, 6), (1, 7), (1, 8), (1, 9), (1, 10), (2, 0), (2, 1), (2, 2), (2, 3), (2, 4), (2, 6), (2, 7), (2, 8), (2, 9), (2, 10), (3, 0), (3, 1), (3, 2), (3, 3), (3, 4), (3, 5), (3, 6), (3, 8), (3, 9), (3, 10), (4, 0), (4, 1), (4, 2), (4, 3), (4, 5), (4, 6), (4, 7), (4, 8), (4, 9), (4, 10), (5, 1), (5, 2), (5, 3), (5, 4), (5, 5), (5, 6), (5, 7), (5, 8), (5, 9), (5, 10), (6, 0), (6, 1), (6, 2), (6, 4), (6, 5), (6, 6), (6, 7), (6, 8), (6, 9), (6, 10), (7, 0), (7, 1), (7, 2), (7, 3), (7, 4), (7, 5), (7, 6), (7, 7), (7, 8), (7, 9), (7, 10), (8, 0), (8, 1), (8, 2), (8, 3), (8, 4), (8, 5), (8, 7), (8, 8), (8, 9), (8, 10), (9, 0), (9, 1), (9, 2), (9, 3), (9, 4), (9, 5), (9, 6), (9, 7), (9, 9), (9, 10), (10, 0), (10, 1), (10, 3), (10, 4), (10, 5), (10, 6), (10, 7), (10, 8), (10, 9), (10, 10)], 'occupied_cells': [(0, 1), (2, 5), (3, 7), (4, 4), (5, 0), (6, 3), (8, 6), (9, 8), (10, 2)]}","{'occupied_cells': [(0, 1), (2, 5), (3, 7), (4, 4), (5, 0), (6, 3), (8, 6), (9, 8), (10, 2)], 'empty_cells': [(0, 0), (0, 2), (0, 3), (0, 4), (0, 5), (0, 6), (0, 7), (0, 8), (0, 9), (0, 10), (1, 0), (1, 1), (1, 2), (1, 3), (1, 4), (1, 5), (1, 6), (1, 7), (1, 8), (1, 9), (1, 10), (2, 0), (2, 1), (2, 2), (2, 3), (2, 4), (2, 6), (2, 7), (2, 8), (2, 9), (2, 10), (3, 0), (3, 1), (3, 2), (3, 3), (3, 4), (3, 5), (3, 6), (3, 8), (3, 9), (3, 10), (4, 0), (4, 1), (4, 2), (4, 3), (4, 5), (4, 6), (4, 7), (4, 8), (4, 9), (4, 10), (5, 1), (5, 2), (5, 3), (5, 4), (5, 5), (5, 6), (5, 7), (5, 8), (5, 9), (5, 10), (6, 0), (6, 1), (6, 2), (6, 4), (6, 5), (6, 6), (6, 7), (6, 8), (6, 9), (6, 10), (7, 0), (7, 1), (7, 2), (7, 3), (7, 4), (7, 5), (7, 6), (7, 7), (7, 8), (7, 9), (7, 10), (8, 0), (8, 1), (8, 2), (8, 3), (8, 4), (8, 5), (8, 7), (8, 8), (8, 9), (8, 10), (9, 0), (9, 1), (9, 2), (9, 3), (9, 4), (9, 5), (9, 6), (9, 7), (9, 9), (9, 10), (10, 0), (10, 1), (10, 3), (10, 4), (10, 5), (10, 6), (10, 7), (10, 8), (10, 9), (10, 10)]}"
images/0987/nqueens.jpg,"0;0;0;Q;0;0;0;0;0;0
0;Q;0;0;0;0;0;0;0;0
0;0;0;0;0;0;0;Q;0;0
0;0;0;0;0;Q;0;0;0;0
0;0;0;0;0;0;0;0;0;0
Q;0;0;0;0;0;0;0;0;0
0;0;0;0;Q;0;0;0;0;0
0;0;0;0;0;0;Q;0;0;0
0;0;0;0;0;0;0;0;0;0
0;0;Q;0;0;0;0;0;0;0","[4, 8]","[8, 9]","[(0, 3), (1, 1), (2, 7), (3, 5), (5, 0), (6, 4), (7, 6), (9, 2)]","[4, 8]","[8, 9]","{'empty_cells': [(0, 0), (0, 1), (0, 2), (0, 4), (0, 5), (0, 6), (0, 7), (0, 8), (0, 9), (1, 0), (1, 2), (1, 3), (1, 4), (1, 5), (1, 6), (1, 7), (1, 8), (1, 9), (2, 0), (2, 1), (2, 2), (2, 3), (2, 4), (2, 5), (2, 6), (2, 8), (2, 9), (3, 0), (3, 1), (3, 2), (3, 3), (3, 4), (3, 6), (3, 7), (3, 8), (3, 9), (4, 0), (4, 1), (4, 2), (4, 3), (4, 4), (4, 5), (4, 6), (4, 7), (4, 8), (4, 9), (5, 1), (5, 2), (5, 3), (5, 4), (5, 5), (5, 6), (5, 7), (5, 8), (5, 9), (6, 0), (6, 1), (6, 2), (6, 3), (6, 5), (6, 6), (6, 7), (6, 8), (6, 9), (7, 0), (7, 1), (7, 2), (7, 3), (7, 4), (7, 5), (7, 7), (7, 8), (7, 9), (8, 0), (8, 1), (8, 2), (8, 3), (8, 4), (8, 5), (8, 6), (8, 7), (8, 8), (8, 9), (9, 0), (9, 1), (9, 3), (9, 4), (9, 5), (9, 6), (9, 7), (9, 8), (9, 9)], 'occupied_cells': [(0, 3), (1, 1), (2, 7), (3, 5), (5, 0), (6, 4), (7, 6), (9, 2)]}","{'occupied_cells': [(0, 3), (1, 1), (2, 7), (3, 5), (5, 0), (6, 4), (7, 6), (9, 2)], 'empty_cells': [(0, 0), (0, 1), (0, 2), (0, 4), (0, 5), (0, 6), (0, 7), (0, 8), (0, 9), (1, 0), (1, 2), (1, 3), (1, 4), (1, 5), (1, 6), (1, 7), (1, 8), (1, 9), (2, 0), (2, 1), (2, 2), (2, 3), (2, 4), (2, 5), (2, 6), (2, 8), (2, 9), (3, 0), (3, 1), (3, 2), (3, 3), (3, 4), (3, 6), (3, 7), (3, 8), (3, 9), (4, 0), (4, 1), (4, 2), (4, 3), (4, 4), (4, 5), (4, 6), (4, 7), (4, 8), (4, 9), (5, 1), (5, 2), (5, 3), (5, 4), (5, 5), (5, 6), (5, 7), (5, 8), (5, 9), (6, 0), (6, 1), (6, 2), (6, 3), (6, 5), (6, 6), (6, 7), (6, 8), (6, 9), (7, 0), (7, 1), (7, 2), (7, 3), (7, 4), (7, 5), (7, 7), (7, 8), (7, 9), (8, 0), (8, 1), (8, 2), (8, 3), (8, 4), (8, 5), (8, 6), (8, 7), (8, 8), (8, 9), (9, 0), (9, 1), (9, 3), (9, 4), (9, 5), (9, 6), (9, 7), (9, 8), (9, 9)]}"
images/1512/nqueens.jpg,"0;0;0;0;Q;0;0;0;0;0;0
0;0;0;0;0;0;0;0;0;0;0
0;0;0;0;0;0;0;Q;0;0;0
0;0;0;Q;0;0;0;0;0;0;0
0;Q;0;0;0;0;0;0;0;0;0
0;0;0;0;0;0;0;0;Q;0;0
0;0;0;0;0;Q;0;0;0;0;0
Q;0;0;0;0;0;0;0;0;0;0
0;0;0;0;0;0;Q;0;0;0;0
0;0;0;0;0;0;0;0;0;0;0
0;0;Q;0;0;0;0;0;0;0;0","[1, 9]","[9, 10]","[(0, 4), (2, 7), (3, 3), (4, 1), (5, 8), (6, 5), (7, 0), (8, 6), (10, 2)]","[1, 9]","[9, 10]","{'empty_cells': [(0, 0), (0, 1), (0, 2), (0, 3), (0, 5), (0, 6), (0, 7), (0, 8), (0, 9), (0, 10), (1, 0), (1, 1), (1, 2), (1, 3), (1, 4), (1, 5), (1, 6), (1, 7), (1, 8), (1, 9), (1, 10), (2, 0), (2, 1), (2, 2), (2, 3), (2, 4), (2, 5), (2, 6), (2, 8), (2, 9), (2, 10), (3, 0), (3, 1), (3, 2), (3, 4), (3, 5), (3, 6), (3, 7), (3, 8), (3, 9), (3, 10), (4, 0), (4, 2), (4, 3), (4, 4), (4, 5), (4, 6), (4, 7), (4, 8), (4, 9), (4, 10), (5, 0), (5, 1), (5, 2), (5, 3), (5, 4), (5, 5), (5, 6), (5, 7), (5, 9), (5, 10), (6, 0), (6, 1), (6, 2), (6, 3), (6, 4), (6, 6), (6, 7), (6, 8), (6, 9), (6, 10), (7, 1), (7, 2), (7, 3), (7, 4), (7, 5), (7, 6), (7, 7), (7, 8), (7, 9), (7, 10), (8, 0), (8, 1), (8, 2), (8, 3), (8, 4), (8, 5), (8, 7), (8, 8), (8, 9), (8, 10), (9, 0), (9, 1), (9, 2), (9, 3), (9, 4), (9, 5), (9, 6), (9, 7), (9, 8), (9, 9), (9, 10), (10, 0), (10, 1), (10, 3), (10, 4), (10, 5), (10, 6), (10, 7), (10, 8), (10, 9), (10, 10)], 'occupied_cells': [(0, 4), (2, 7), (3, 3), (4, 1), (5, 8), (6, 5), (7, 0), (8, 6), (10, 2)]}","{'occupied_cells': [(0, 4), (2, 7), (3, 3), (4, 1), (5, 8), (6, 5), (7, 0), (8, 6), (10, 2)], 'empty_cells': [(0, 0), (0, 1), (0, 2), (0, 3), (0, 5), (0, 6), (0, 7), (0, 8), (0, 9), (0, 10), (1, 0), (1, 1), (1, 2), (1, 3), (1, 4), (1, 5), (1, 6), (1, 7), (1, 8), (1, 9), (1, 10), (2, 0), (2, 1), (2, 2), (2, 3), (2, 4), (2, 5), (2, 6), (2, 8), (2, 9), (2, 10), (3, 0), (3, 1), (3, 2), (3, 4), (3, 5), (3, 6), (3, 7), (3, 8), (3, 9), (3, 10), (4, 0), (4, 2), (4, 3), (4, 4), (4, 5), (4, 6), (4, 7), (4, 8), (4, 9), (4, 10), (5, 0), (5, 1), (5, 2), (5, 3), (5, 4), (5, 5), (5, 6), (5, 7), (5, 9), (5, 10), (6, 0), (6, 1), (6, 2), (6, 3), (6, 4), (6, 6), (6, 7), (6, 8), (6, 9), (6, 10), (7, 1), (7, 2), (7, 3), (7, 4), (7, 5), (7, 6), (7, 7), (7, 8), (7, 9), (7, 10), (8, 0), (8, 1), (8, 2), (8, 3), (8, 4), (8, 5), (8, 7), (8, 8), (8, 9), (8, 10), (9, 0), (9, 1), (9, 2), (9, 3), (9, 4), (9, 5), (9, 6), (9, 7), (9, 8), (9, 9), (9, 10), (10, 0), (10, 1), (10, 3), (10, 4), (10, 5), (10, 6), (10, 7), (10, 8), (10, 9), (10, 10)]}"
images/0111/nqueens.jpg,"0;0;0;0;0;Q;0;0;0
0;0;0;Q;0;0;0;0;0
0;Q;0;0;0;0;0;0;0
0;0;0;0;0;0;0;0;0
0;0;0;0;Q;0;0;0;0
0;0;0;0;0;0;0;0;0
Q;0;0;0;0;0;0;0;0
0;0;Q;0;0;0;0;0;0
0;0;0;0;0;0;Q;0;0","[3, 5]","[7, 8]","[(0, 5), (1, 3), (2, 1), (4, 4), (6, 0), (7, 2), (8, 6)]","[3, 5]","[7, 8]","{'empty_cells': [(0, 0), (0, 1), (0, 2), (0, 3), (0, 4), (0, 6), (0, 7), (0, 8), (1, 0), (1, 1), (1, 2), (1, 4), (1, 5), (1, 6), (1, 7), (1, 8), (2, 0), (2, 2), (2, 3), (2, 4), (2, 5), (2, 6), (2, 7), (2, 8), (3, 0), (3, 1), (3, 2), (3, 3), (3, 4), (3, 5), (3, 6), (3, 7), (3, 8), (4, 0), (4, 1), (4, 2), (4, 3), (4, 5), (4, 6), (4, 7), (4, 8), (5, 0), (5, 1), (5, 2), (5, 3), (5, 4), (5, 5), (5, 6), (5, 7), (5, 8), (6, 1), (6, 2), (6, 3), (6, 4), (6, 5), (6, 6), (6, 7), (6, 8), (7, 0), (7, 1), (7, 3), (7, 4), (7, 5), (7, 6), (7, 7), (7, 8), (8, 0), (8, 1), (8, 2), (8, 3), (8, 4), (8, 5), (8, 7), (8, 8)], 'occupied_cells': [(0, 5), (1, 3), (2, 1), (4, 4), (6, 0), (7, 2), (8, 6)]}","{'occupied_cells': [(0, 5), (1, 3), (2, 1), (4, 4), (6, 0), (7, 2), (8, 6)], 'empty_cells': [(0, 0), (0, 1), (0, 2), (0, 3), (0, 4), (0, 6), (0, 7), (0, 8), (1, 0), (1, 1), (1, 2), (1, 4), (1, 5), (1, 6), (1, 7), (1, 8), (2, 0), (2, 2), (2, 3), (2, 4), (2, 5), (2, 6), (2, 7), (2, 8), (3, 0), (3, 1), (3, 2), (3, 3), (3, 4), (3, 5), (3, 6), (3, 7), (3, 8), (4, 0), (4, 1), (4, 2), (4, 3), (4, 5), (4, 6), (4, 7), (4, 8), (5, 0), (5, 1), (5, 2), (5, 3), (5, 4), (5, 5), (5, 6), (5, 7), (5, 8), (6, 1), (6, 2), (6, 3), (6, 4), (6, 5), (6, 6), (6, 7), (6, 8), (7, 0), (7, 1), (7, 3), (7, 4), (7, 5), (7, 6), (7, 7), (7, 8), (8, 0), (8, 1), (8, 2), (8, 3), (8, 4), (8, 5), (8, 7), (8, 8)]}"
images/1487/nqueens.jpg,"0;0;0;0;0;Q;0;0;0;0;0
0;0;Q;0;0;0;0;0;0;0;0
0;0;0;0;0;0;Q;0;0;0;0
0;Q;0;0;0;0;0;0;0;0;0
0;0;0;0;0;0;0;0;0;0;0
0;0;0;0;0;0;0;Q;0;0;0
0;0;0;0;0;0;0;0;0;0;0
0;0;0;0;Q;0;0;0;0;0;0
0;0;0;0;0;0;0;0;Q;0;0
Q;0;0;0;0;0;0;0;0;0;0
0;0;0;Q;0;0;0;0;0;0;0","[4, 6]","[9, 10]","[(0, 5), (1, 2), (2, 6), (3, 1), (5, 7), (7, 4), (8, 8), (9, 0), (10, 3)]","[4, 6]","[9, 10]","{'empty_cells': [(0, 0), (0, 1), (0, 2), (0, 3), (0, 4), (0, 6), (0, 7), (0, 8), (0, 9), (0, 10), (1, 0), (1, 1), (1, 3), (1, 4), (1, 5), (1, 6), (1, 7), (1, 8), (1, 9), (1, 10), (2, 0), (2, 1), (2, 2), (2, 3), (2, 4), (2, 5), (2, 7), (2, 8), (2, 9), (2, 10), (3, 0), (3, 2), (3, 3), (3, 4), (3, 5), (3, 6), (3, 7), (3, 8), (3, 9), (3, 10), (4, 0), (4, 1), (4, 2), (4, 3), (4, 4), (4, 5), (4, 6), (4, 7), (4, 8), (4, 9), (4, 10), (5, 0), (5, 1), (5, 2), (5, 3), (5, 4), (5, 5), (5, 6), (5, 8), (5, 9), (5, 10), (6, 0), (6, 1), (6, 2), (6, 3), (6, 4), (6, 5), (6, 6), (6, 7), (6, 8), (6, 9), (6, 10), (7, 0), (7, 1), (7, 2), (7, 3), (7, 5), (7, 6), (7, 7), (7, 8), (7, 9), (7, 10), (8, 0), (8, 1), (8, 2), (8, 3), (8, 4), (8, 5), (8, 6), (8, 7), (8, 9), (8, 10), (9, 1), (9, 2), (9, 3), (9, 4), (9, 5), (9, 6), (9, 7), (9, 8), (9, 9), (9, 10), (10, 0), (10, 1), (10, 2), (10, 4), (10, 5), (10, 6), (10, 7), (10, 8), (10, 9), (10, 10)], 'occupied_cells': [(0, 5), (1, 2), (2, 6), (3, 1), (5, 7), (7, 4), (8, 8), (9, 0), (10, 3)]}","{'occupied_cells': [(0, 5), (1, 2), (2, 6), (3, 1), (5, 7), (7, 4), (8, 8), (9, 0), (10, 3)], 'empty_cells': [(0, 0), (0, 1), (0, 2), (0, 3), (0, 4), (0, 6), (0, 7), (0, 8), (0, 9), (0, 10), (1, 0), (1, 1), (1, 3), (1, 4), (1, 5), (1, 6), (1, 7), (1, 8), (1, 9), (1, 10), (2, 0), (2, 1), (2, 2), (2, 3), (2, 4), (2, 5), (2, 7), (2, 8), (2, 9), (2, 10), (3, 0), (3, 2), (3, 3), (3, 4), (3, 5), (3, 6), (3, 7), (3, 8), (3, 9), (3, 10), (4, 0), (4, 1), (4, 2), (4, 3), (4, 4), (4, 5), (4, 6), (4, 7), (4, 8), (4, 9), (4, 10), (5, 0), (5, 1), (5, 2), (5, 3), (5, 4), (5, 5), (5, 6), (5, 8), (5, 9), (5, 10), (6, 0), (6, 1), (6, 2), (6, 3), (6, 4), (6, 5), (6, 6), (6, 7), (6, 8), (6, 9), (6, 10), (7, 0), (7, 1), (7, 2), (7, 3), (7, 5), (7, 6), (7, 7), (7, 8), (7, 9), (7, 10), (8, 0), (8, 1), (8, 2), (8, 3), (8, 4), (8, 5), (8, 6), (8, 7), (8, 9), (8, 10), (9, 1), (9, 2), (9, 3), (9, 4), (9, 5), (9, 6), (9, 7), (9, 8), (9, 9), (9, 10), (10, 0), (10, 1), (10, 2), (10, 4), (10, 5), (10, 6), (10, 7), (10, 8), (10, 9), (10, 10)]}"
images/1453/nqueens.jpg,"0;0;0;0;0;0;0;0;0;0;0
0;0;0;0;0;0;0;Q;0;0;0
0;Q;0;0;0;0;0;0;0;0;0
0;0;0;0;Q;0;0;0;0;0;0
0;0;Q;0;0;0;0;0;0;0;0
Q;0;0;0;0;0;0;0;0;0;0
0;0;0;0;0;0;0;0;Q;0;0
0;0;0;0;0;0;0;0;0;0;0
0;0;0;0;0;Q;0;0;0;0;0
0;0;0;Q;0;0;0;0;0;0;0
0;0;0;0;0;0;Q;0;0;0;0","[0, 7]","[9, 10]","[(1, 7), (2, 1), (3, 4), (4, 2), (5, 0), (6, 8), (8, 5), (9, 3), (10, 6)]","[0, 7]","[9, 10]","{'empty_cells': [(0, 0), (0, 1), (0, 2), (0, 3), (0, 4), (0, 5), (0, 6), (0, 7), (0, 8), (0, 9), (0, 10), (1, 0), (1, 1), (1, 2), (1, 3), (1, 4), (1, 5), (1, 6), (1, 8), (1, 9), (1, 10), (2, 0), (2, 2), (2, 3), (2, 4), (2, 5), (2, 6), (2, 7), (2, 8), (2, 9), (2, 10), (3, 0), (3, 1), (3, 2), (3, 3), (3, 5), (3, 6), (3, 7), (3, 8), (3, 9), (3, 10), (4, 0), (4, 1), (4, 3), (4, 4), (4, 5), (4, 6), (4, 7), (4, 8), (4, 9), (4, 10), (5, 1), (5, 2), (5, 3), (5, 4), (5, 5), (5, 6), (5, 7), (5, 8), (5, 9), (5, 10), (6, 0), (6, 1), (6, 2), (6, 3), (6, 4), (6, 5), (6, 6), (6, 7), (6, 9), (6, 10), (7, 0), (7, 1), (7, 2), (7, 3), (7, 4), (7, 5), (7, 6), (7, 7), (7, 8), (7, 9), (7, 10), (8, 0), (8, 1), (8, 2), (8, 3), (8, 4), (8, 6), (8, 7), (8, 8), (8, 9), (8, 10), (9, 0), (9, 1), (9, 2), (9, 4), (9, 5), (9, 6), (9, 7), (9, 8), (9, 9), (9, 10), (10, 0), (10, 1), (10, 2), (10, 3), (10, 4), (10, 5), (10, 7), (10, 8), (10, 9), (10, 10)], 'occupied_cells': [(1, 7), (2, 1), (3, 4), (4, 2), (5, 0), (6, 8), (8, 5), (9, 3), (10, 6)]}","{'occupied_cells': [(1, 7), (2, 1), (3, 4), (4, 2), (5, 0), (6, 8), (8, 5), (9, 3), (10, 6)], 'empty_cells': [(0, 0), (0, 1), (0, 2), (0, 3), (0, 4), (0, 5), (0, 6), (0, 7), (0, 8), (0, 9), (0, 10), (1, 0), (1, 1), (1, 2), (1, 3), (1, 4), (1, 5), (1, 6), (1, 8), (1, 9), (1, 10), (2, 0), (2, 2), (2, 3), (2, 4), (2, 5), (2, 6), (2, 7), (2, 8), (2, 9), (2, 10), (3, 0), (3, 1), (3, 2), (3, 3), (3, 5), (3, 6), (3, 7), (3, 8), (3, 9), (3, 10), (4, 0), (4, 1), (4, 3), (4, 4), (4, 5), (4, 6), (4, 7), (4, 8), (4, 9), (4, 10), (5, 1), (5, 2), (5, 3), (5, 4), (5, 5), (5, 6), (5, 7), (5, 8), (5, 9), (5, 10), (6, 0), (6, 1), (6, 2), (6, 3), (6, 4), (6, 5), (6, 6), (6, 7), (6, 9), (6, 10), (7, 0), (7, 1), (7, 2), (7, 3), (7, 4), (7, 5), (7, 6), (7, 7), (7, 8), (7, 9), (7, 10), (8, 0), (8, 1), (8, 2), (8, 3), (8, 4), (8, 6), (8, 7), (8, 8), (8, 9), (8, 10), (9, 0), (9, 1), (9, 2), (9, 4), (9, 5), (9, 6), (9, 7), (9, 8), (9, 9), (9, 10), (10, 0), (10, 1), (10, 2), (10, 3), (10, 4), (10, 5), (10, 7), (10, 8), (10, 9), (10, 10)]}"
images/0383/nqueens.jpg,"0;0;0;0;0;Q;0;0;0
0;0;0;0;0;0;0;0;0
0;0;Q;0;0;0;0;0;0
0;0;0;0;0;0;Q;0;0
0;0;0;0;0;0;0;0;0
0;Q;0;0;0;0;0;0;0
0;0;0;0;Q;0;0;0;0
Q;0;0;0;0;0;0;0;0
0;0;0;Q;0;0;0;0;0","[1, 4]","[7, 8]","[(0, 5), (2, 2), (3, 6), (5, 1), (6, 4), (7, 0), (8, 3)]","[1, 4]","[7, 8]","{'empty_cells': [(0, 0), (0, 1), (0, 2), (0, 3), (0, 4), (0, 6), (0, 7), (0, 8), (1, 0), (1, 1), (1, 2), (1, 3), (1, 4), (1, 5), (1, 6), (1, 7), (1, 8), (2, 0), (2, 1), (2, 3), (2, 4), (2, 5), (2, 6), (2, 7), (2, 8), (3, 0), (3, 1), (3, 2), (3, 3), (3, 4), (3, 5), (3, 7), (3, 8), (4, 0), (4, 1), (4, 2), (4, 3), (4, 4), (4, 5), (4, 6), (4, 7), (4, 8), (5, 0), (5, 2), (5, 3), (5, 4), (5, 5), (5, 6), (5, 7), (5, 8), (6, 0), (6, 1), (6, 2), (6, 3), (6, 5), (6, 6), (6, 7), (6, 8), (7, 1), (7, 2), (7, 3), (7, 4), (7, 5), (7, 6), (7, 7), (7, 8), (8, 0), (8, 1), (8, 2), (8, 4), (8, 5), (8, 6), (8, 7), (8, 8)], 'occupied_cells': [(0, 5), (2, 2), (3, 6), (5, 1), (6, 4), (7, 0), (8, 3)]}","{'occupied_cells': [(0, 5), (2, 2), (3, 6), (5, 1), (6, 4), (7, 0), (8, 3)], 'empty_cells': [(0, 0), (0, 1), (0, 2), (0, 3), (0, 4), (0, 6), (0, 7), (0, 8), (1, 0), (1, 1), (1, 2), (1, 3), (1, 4), (1, 5), (1, 6), (1, 7), (1, 8), (2, 0), (2, 1), (2, 3), (2, 4), (2, 5), (2, 6), (2, 7), (2, 8), (3, 0), (3, 1), (3, 2), (3, 3), (3, 4), (3, 5), (3, 7), (3, 8), (4, 0), (4, 1), (4, 2), (4, 3), (4, 4), (4, 5), (4, 6), (4, 7), (4, 8), (5, 0), (5, 2), (5, 3), (5, 4), (5, 5), (5, 6), (5, 7), (5, 8), (6, 0), (6, 1), (6, 2), (6, 3), (6, 5), (6, 6), (6, 7), (6, 8), (7, 1), (7, 2), (7, 3), (7, 4), (7, 5), (7, 6), (7, 7), (7, 8), (8, 0), (8, 1), (8, 2), (8, 4), (8, 5), (8, 6), (8, 7), (8, 8)]}"
images/1395/nqueens.jpg,"0;0;0;Q;0;0;0;0;0;0;0
0;0;0;0;0;0;0;0;0;0;0
0;0;0;0;Q;0;0;0;0;0;0
0;0;0;0;0;0;0;0;0;0;0
0;0;0;0;0;Q;0;0;0;0;0
Q;0;0;0;0;0;0;0;0;0;0
0;0;Q;0;0;0;0;0;0;0;0
0;0;0;0;0;0;Q;0;0;0;0
0;0;0;0;0;0;0;0;Q;0;0
0;Q;0;0;0;0;0;0;0;0;0
0;0;0;0;0;0;0;Q;0;0;0","[1, 3]","[9, 10]","[(0, 3), (2, 4), (4, 5), (5, 0), (6, 2), (7, 6), (8, 8), (9, 1), (10, 7)]","[1, 3]","[9, 10]","{'empty_cells': [(0, 0), (0, 1), (0, 2), (0, 4), (0, 5), (0, 6), (0, 7), (0, 8), (0, 9), (0, 10), (1, 0), (1, 1), (1, 2), (1, 3), (1, 4), (1, 5), (1, 6), (1, 7), (1, 8), (1, 9), (1, 10), (2, 0), (2, 1), (2, 2), (2, 3), (2, 5), (2, 6), (2, 7), (2, 8), (2, 9), (2, 10), (3, 0), (3, 1), (3, 2), (3, 3), (3, 4), (3, 5), (3, 6), (3, 7), (3, 8), (3, 9), (3, 10), (4, 0), (4, 1), (4, 2), (4, 3), (4, 4), (4, 6), (4, 7), (4, 8), (4, 9), (4, 10), (5, 1), (5, 2), (5, 3), (5, 4), (5, 5), (5, 6), (5, 7), (5, 8), (5, 9), (5, 10), (6, 0), (6, 1), (6, 3), (6, 4), (6, 5), (6, 6), (6, 7), (6, 8), (6, 9), (6, 10), (7, 0), (7, 1), (7, 2), (7, 3), (7, 4), (7, 5), (7, 7), (7, 8), (7, 9), (7, 10), (8, 0), (8, 1), (8, 2), (8, 3), (8, 4), (8, 5), (8, 6), (8, 7), (8, 9), (8, 10), (9, 0), (9, 2), (9, 3), (9, 4), (9, 5), (9, 6), (9, 7), (9, 8), (9, 9), (9, 10), (10, 0), (10, 1), (10, 2), (10, 3), (10, 4), (10, 5), (10, 6), (10, 8), (10, 9), (10, 10)], 'occupied_cells': [(0, 3), (2, 4), (4, 5), (5, 0), (6, 2), (7, 6), (8, 8), (9, 1), (10, 7)]}","{'occupied_cells': [(0, 3), (2, 4), (4, 5), (5, 0), (6, 2), (7, 6), (8, 8), (9, 1), (10, 7)], 'empty_cells': [(0, 0), (0, 1), (0, 2), (0, 4), (0, 5), (0, 6), (0, 7), (0, 8), (0, 9), (0, 10), (1, 0), (1, 1), (1, 2), (1, 3), (1, 4), (1, 5), (1, 6), (1, 7), (1, 8), (1, 9), (1, 10), (2, 0), (2, 1), (2, 2), (2, 3), (2, 5), (2, 6), (2, 7), (2, 8), (2, 9), (2, 10), (3, 0), (3, 1), (3, 2), (3, 3), (3, 4), (3, 5), (3, 6), (3, 7), (3, 8), (3, 9), (3, 10), (4, 0), (4, 1), (4, 2), (4, 3), (4, 4), (4, 6), (4, 7), (4, 8), (4, 9), (4, 10), (5, 1), (5, 2), (5, 3), (5, 4), (5, 5), (5, 6), (5, 7), (5, 8), (5, 9), (5, 10), (6, 0), (6, 1), (6, 3), (6, 4), (6, 5), (6, 6), (6, 7), (6, 8), (6, 9), (6, 10), (7, 0), (7, 1), (7, 2), (7, 3), (7, 4), (7, 5), (7, 7), (7, 8), (7, 9), (7, 10), (8, 0), (8, 1), (8, 2), (8, 3), (8, 4), (8, 5), (8, 6), (8, 7), (8, 9), (8, 10), (9, 0), (9, 2), (9, 3), (9, 4), (9, 5), (9, 6), (9, 7), (9, 8), (9, 9), (9, 10), (10, 0), (10, 1), (10, 2), (10, 3), (10, 4), (10, 5), (10, 6), (10, 8), (10, 9), (10, 10)]}"
images/1054/nqueens.jpg,"0;0;0;0;0;0;Q;0;0;0
0;0;0;0;Q;0;0;0;0;0
Q;0;0;0;0;0;0;0;0;0
0;0;0;0;0;0;0;Q;0;0
0;0;0;0;0;Q;0;0;0;0
0;0;Q;0;0;0;0;0;0;0
0;0;0;0;0;0;0;0;0;0
0;Q;0;0;0;0;0;0;0;0
0;0;0;Q;0;0;0;0;0;0
0;0;0;0;0;0;0;0;0;0","[6, 9]","[8, 9]","[(0, 6), (1, 4), (2, 0), (3, 7), (4, 5), (5, 2), (7, 1), (8, 3)]","[6, 9]","[8, 9]","{'empty_cells': [(0, 0), (0, 1), (0, 2), (0, 3), (0, 4), (0, 5), (0, 7), (0, 8), (0, 9), (1, 0), (1, 1), (1, 2), (1, 3), (1, 5), (1, 6), (1, 7), (1, 8), (1, 9), (2, 1), (2, 2), (2, 3), (2, 4), (2, 5), (2, 6), (2, 7), (2, 8), (2, 9), (3, 0), (3, 1), (3, 2), (3, 3), (3, 4), (3, 5), (3, 6), (3, 8), (3, 9), (4, 0), (4, 1), (4, 2), (4, 3), (4, 4), (4, 6), (4, 7), (4, 8), (4, 9), (5, 0), (5, 1), (5, 3), (5, 4), (5, 5), (5, 6), (5, 7), (5, 8), (5, 9), (6, 0), (6, 1), (6, 2), (6, 3), (6, 4), (6, 5), (6, 6), (6, 7), (6, 8), (6, 9), (7, 0), (7, 2), (7, 3), (7, 4), (7, 5), (7, 6), (7, 7), (7, 8), (7, 9), (8, 0), (8, 1), (8, 2), (8, 4), (8, 5), (8, 6), (8, 7), (8, 8), (8, 9), (9, 0), (9, 1), (9, 2), (9, 3), (9, 4), (9, 5), (9, 6), (9, 7), (9, 8), (9, 9)], 'occupied_cells': [(0, 6), (1, 4), (2, 0), (3, 7), (4, 5), (5, 2), (7, 1), (8, 3)]}","{'occupied_cells': [(0, 6), (1, 4), (2, 0), (3, 7), (4, 5), (5, 2), (7, 1), (8, 3)], 'empty_cells': [(0, 0), (0, 1), (0, 2), (0, 3), (0, 4), (0, 5), (0, 7), (0, 8), (0, 9), (1, 0), (1, 1), (1, 2), (1, 3), (1, 5), (1, 6), (1, 7), (1, 8), (1, 9), (2, 1), (2, 2), (2, 3), (2, 4), (2, 5), (2, 6), (2, 7), (2, 8), (2, 9), (3, 0), (3, 1), (3, 2), (3, 3), (3, 4), (3, 5), (3, 6), (3, 8), (3, 9), (4, 0), (4, 1), (4, 2), (4, 3), (4, 4), (4, 6), (4, 7), (4, 8), (4, 9), (5, 0), (5, 1), (5, 3), (5, 4), (5, 5), (5, 6), (5, 7), (5, 8), (5, 9), (6, 0), (6, 1), (6, 2), (6, 3), (6, 4), (6, 5), (6, 6), (6, 7), (6, 8), (6, 9), (7, 0), (7, 2), (7, 3), (7, 4), (7, 5), (7, 6), (7, 7), (7, 8), (7, 9), (8, 0), (8, 1), (8, 2), (8, 4), (8, 5), (8, 6), (8, 7), (8, 8), (8, 9), (9, 0), (9, 1), (9, 2), (9, 3), (9, 4), (9, 5), (9, 6), (9, 7), (9, 8), (9, 9)]}"
images/0755/nqueens.jpg,"0;0;0;0;Q;0;0;0;0;0
0;0;Q;0;0;0;0;0;0;0
Q;0;0;0;0;0;0;0;0;0
0;0;0;0;0;0;0;0;0;0
0;0;0;0;0;0;Q;0;0;0
0;0;0;0;0;0;0;0;0;0
0;0;0;Q;0;0;0;0;0;0
0;Q;0;0;0;0;0;0;0;0
0;0;0;0;0;0;0;Q;0;0
0;0;0;0;0;Q;0;0;0;0","[3, 5]","[8, 9]","[(0, 4), (1, 2), (2, 0), (4, 6), (6, 3), (7, 1), (8, 7), (9, 5)]","[3, 5]","[8, 9]","{'empty_cells': [(0, 0), (0, 1), (0, 2), (0, 3), (0, 5), (0, 6), (0, 7), (0, 8), (0, 9), (1, 0), (1, 1), (1, 3), (1, 4), (1, 5), (1, 6), (1, 7), (1, 8), (1, 9), (2, 1), (2, 2), (2, 3), (2, 4), (2, 5), (2, 6), (2, 7), (2, 8), (2, 9), (3, 0), (3, 1), (3, 2), (3, 3), (3, 4), (3, 5), (3, 6), (3, 7), (3, 8), (3, 9), (4, 0), (4, 1), (4, 2), (4, 3), (4, 4), (4, 5), (4, 7), (4, 8), (4, 9), (5, 0), (5, 1), (5, 2), (5, 3), (5, 4), (5, 5), (5, 6), (5, 7), (5, 8), (5, 9), (6, 0), (6, 1), (6, 2), (6, 4), (6, 5), (6, 6), (6, 7), (6, 8), (6, 9), (7, 0), (7, 2), (7, 3), (7, 4), (7, 5), (7, 6), (7, 7), (7, 8), (7, 9), (8, 0), (8, 1), (8, 2), (8, 3), (8, 4), (8, 5), (8, 6), (8, 8), (8, 9), (9, 0), (9, 1), (9, 2), (9, 3), (9, 4), (9, 6), (9, 7), (9, 8), (9, 9)], 'occupied_cells': [(0, 4), (1, 2), (2, 0), (4, 6), (6, 3), (7, 1), (8, 7), (9, 5)]}","{'occupied_cells': [(0, 4), (1, 2), (2, 0), (4, 6), (6, 3), (7, 1), (8, 7), (9, 5)], 'empty_cells': [(0, 0), (0, 1), (0, 2), (0, 3), (0, 5), (0, 6), (0, 7), (0, 8), (0, 9), (1, 0), (1, 1), (1, 3), (1, 4), (1, 5), (1, 6), (1, 7), (1, 8), (1, 9), (2, 1), (2, 2), (2, 3), (2, 4), (2, 5), (2, 6), (2, 7), (2, 8), (2, 9), (3, 0), (3, 1), (3, 2), (3, 3), (3, 4), (3, 5), (3, 6), (3, 7), (3, 8), (3, 9), (4, 0), (4, 1), (4, 2), (4, 3), (4, 4), (4, 5), (4, 7), (4, 8), (4, 9), (5, 0), (5, 1), (5, 2), (5, 3), (5, 4), (5, 5), (5, 6), (5, 7), (5, 8), (5, 9), (6, 0), (6, 1), (6, 2), (6, 4), (6, 5), (6, 6), (6, 7), (6, 8), (6, 9), (7, 0), (7, 2), (7, 3), (7, 4), (7, 5), (7, 6), (7, 7), (7, 8), (7, 9), (8, 0), (8, 1), (8, 2), (8, 3), (8, 4), (8, 5), (8, 6), (8, 8), (8, 9), (9, 0), (9, 1), (9, 2), (9, 3), (9, 4), (9, 6), (9, 7), (9, 8), (9, 9)]}"
images/0324/nqueens.jpg,"0;0;Q;0;0;0;0;0;0
0;0;0;0;0;Q;0;0;0
0;0;0;0;0;0;0;0;0
0;Q;0;0;0;0;0;0;0
0;0;0;0;0;0;0;0;0
Q;0;0;0;0;0;0;0;0
0;0;0;Q;0;0;0;0;0
0;0;0;0;0;0;Q;0;0
0;0;0;0;Q;0;0;0;0","[2, 4]","[7, 8]","[(0, 2), (1, 5), (3, 1), (5, 0), (6, 3), (7, 6), (8, 4)]","[2, 4]","[7, 8]","{'empty_cells': [(0, 0), (0, 1), (0, 3), (0, 4), (0, 5), (0, 6), (0, 7), (0, 8), (1, 0), (1, 1), (1, 2), (1, 3), (1, 4), (1, 6), (1, 7), (1, 8), (2, 0), (2, 1), (2, 2), (2, 3), (2, 4), (2, 5), (2, 6), (2, 7), (2, 8), (3, 0), (3, 2), (3, 3), (3, 4), (3, 5), (3, 6), (3, 7), (3, 8), (4, 0), (4, 1), (4, 2), (4, 3), (4, 4), (4, 5), (4, 6), (4, 7), (4, 8), (5, 1), (5, 2), (5, 3), (5, 4), (5, 5), (5, 6), (5, 7), (5, 8), (6, 0), (6, 1), (6, 2), (6, 4), (6, 5), (6, 6), (6, 7), (6, 8), (7, 0), (7, 1), (7, 2), (7, 3), (7, 4), (7, 5), (7, 7), (7, 8), (8, 0), (8, 1), (8, 2), (8, 3), (8, 5), (8, 6), (8, 7), (8, 8)], 'occupied_cells': [(0, 2), (1, 5), (3, 1), (5, 0), (6, 3), (7, 6), (8, 4)]}","{'occupied_cells': [(0, 2), (1, 5), (3, 1), (5, 0), (6, 3), (7, 6), (8, 4)], 'empty_cells': [(0, 0), (0, 1), (0, 3), (0, 4), (0, 5), (0, 6), (0, 7), (0, 8), (1, 0), (1, 1), (1, 2), (1, 3), (1, 4), (1, 6), (1, 7), (1, 8), (2, 0), (2, 1), (2, 2), (2, 3), (2, 4), (2, 5), (2, 6), (2, 7), (2, 8), (3, 0), (3, 2), (3, 3), (3, 4), (3, 5), (3, 6), (3, 7), (3, 8), (4, 0), (4, 1), (4, 2), (4, 3), (4, 4), (4, 5), (4, 6), (4, 7), (4, 8), (5, 1), (5, 2), (5, 3), (5, 4), (5, 5), (5, 6), (5, 7), (5, 8), (6, 0), (6, 1), (6, 2), (6, 4), (6, 5), (6, 6), (6, 7), (6, 8), (7, 0), (7, 1), (7, 2), (7, 3), (7, 4), (7, 5), (7, 7), (7, 8), (8, 0), (8, 1), (8, 2), (8, 3), (8, 5), (8, 6), (8, 7), (8, 8)]}"
images/1623/nqueens.jpg,"0;0;0;0;0;0;Q;0;0;0;0
0;0;0;0;0;0;0;0;0;0;0
0;Q;0;0;0;0;0;0;0;0;0
0;0;0;0;Q;0;0;0;0;0;0
0;0;0;0;0;0;0;0;0;0;0
0;0;0;0;0;Q;0;0;0;0;0
0;0;0;0;0;0;0;0;Q;0;0
0;0;Q;0;0;0;0;0;0;0;0
Q;0;0;0;0;0;0;0;0;0;0
0;0;0;Q;0;0;0;0;0;0;0
0;0;0;0;0;0;0;Q;0;0;0","[1, 4]","[9, 10]","[(0, 6), (2, 1), (3, 4), (5, 5), (6, 8), (7, 2), (8, 0), (9, 3), (10, 7)]","[1, 4]","[9, 10]","{'empty_cells': [(0, 0), (0, 1), (0, 2), (0, 3), (0, 4), (0, 5), (0, 7), (0, 8), (0, 9), (0, 10), (1, 0), (1, 1), (1, 2), (1, 3), (1, 4), (1, 5), (1, 6), (1, 7), (1, 8), (1, 9), (1, 10), (2, 0), (2, 2), (2, 3), (2, 4), (2, 5), (2, 6), (2, 7), (2, 8), (2, 9), (2, 10), (3, 0), (3, 1), (3, 2), (3, 3), (3, 5), (3, 6), (3, 7), (3, 8), (3, 9), (3, 10), (4, 0), (4, 1), (4, 2), (4, 3), (4, 4), (4, 5), (4, 6), (4, 7), (4, 8), (4, 9), (4, 10), (5, 0), (5, 1), (5, 2), (5, 3), (5, 4), (5, 6), (5, 7), (5, 8), (5, 9), (5, 10), (6, 0), (6, 1), (6, 2), (6, 3), (6, 4), (6, 5), (6, 6), (6, 7), (6, 9), (6, 10), (7, 0), (7, 1), (7, 3), (7, 4), (7, 5), (7, 6), (7, 7), (7, 8), (7, 9), (7, 10), (8, 1), (8, 2), (8, 3), (8, 4), (8, 5), (8, 6), (8, 7), (8, 8), (8, 9), (8, 10), (9, 0), (9, 1), (9, 2), (9, 4), (9, 5), (9, 6), (9, 7), (9, 8), (9, 9), (9, 10), (10, 0), (10, 1), (10, 2), (10, 3), (10, 4), (10, 5), (10, 6), (10, 8), (10, 9), (10, 10)], 'occupied_cells': [(0, 6), (2, 1), (3, 4), (5, 5), (6, 8), (7, 2), (8, 0), (9, 3), (10, 7)]}","{'occupied_cells': [(0, 6), (2, 1), (3, 4), (5, 5), (6, 8), (7, 2), (8, 0), (9, 3), (10, 7)], 'empty_cells': [(0, 0), (0, 1), (0, 2), (0, 3), (0, 4), (0, 5), (0, 7), (0, 8), (0, 9), (0, 10), (1, 0), (1, 1), (1, 2), (1, 3), (1, 4), (1, 5), (1, 6), (1, 7), (1, 8), (1, 9), (1, 10), (2, 0), (2, 2), (2, 3), (2, 4), (2, 5), (2, 6), (2, 7), (2, 8), (2, 9), (2, 10), (3, 0), (3, 1), (3, 2), (3, 3), (3, 5), (3, 6), (3, 7), (3, 8), (3, 9), (3, 10), (4, 0), (4, 1), (4, 2), (4, 3), (4, 4), (4, 5), (4, 6), (4, 7), (4, 8), (4, 9), (4, 10), (5, 0), (5, 1), (5, 2), (5, 3), (5, 4), (5, 6), (5, 7), (5, 8), (5, 9), (5, 10), (6, 0), (6, 1), (6, 2), (6, 3), (6, 4), (6, 5), (6, 6), (6, 7), (6, 9), (6, 10), (7, 0), (7, 1), (7, 3), (7, 4), (7, 5), (7, 6), (7, 7), (7, 8), (7, 9), (7, 10), (8, 1), (8, 2), (8, 3), (8, 4), (8, 5), (8, 6), (8, 7), (8, 8), (8, 9), (8, 10), (9, 0), (9, 1), (9, 2), (9, 4), (9, 5), (9, 6), (9, 7), (9, 8), (9, 9), (9, 10), (10, 0), (10, 1), (10, 2), (10, 3), (10, 4), (10, 5), (10, 6), (10, 8), (10, 9), (10, 10)]}"
images/0787/nqueens.jpg,"0;0;0;Q;0;0;0;0;0;0
0;0;0;0;0;0;Q;0;0;0
0;0;0;0;0;0;0;0;0;0
0;0;0;0;0;Q;0;0;0;0
0;Q;0;0;0;0;0;0;0;0
0;0;0;0;0;0;0;0;0;0
Q;0;0;0;0;0;0;0;0;0
0;0;Q;0;0;0;0;0;0;0
0;0;0;0;Q;0;0;0;0;0
0;0;0;0;0;0;0;Q;0;0","[2, 5]","[8, 9]","[(0, 3), (1, 6), (3, 5), (4, 1), (6, 0), (7, 2), (8, 4), (9, 7)]","[2, 5]","[8, 9]","{'empty_cells': [(0, 0), (0, 1), (0, 2), (0, 4), (0, 5), (0, 6), (0, 7), (0, 8), (0, 9), (1, 0), (1, 1), (1, 2), (1, 3), (1, 4), (1, 5), (1, 7), (1, 8), (1, 9), (2, 0), (2, 1), (2, 2), (2, 3), (2, 4), (2, 5), (2, 6), (2, 7), (2, 8), (2, 9), (3, 0), (3, 1), (3, 2), (3, 3), (3, 4), (3, 6), (3, 7), (3, 8), (3, 9), (4, 0), (4, 2), (4, 3), (4, 4), (4, 5), (4, 6), (4, 7), (4, 8), (4, 9), (5, 0), (5, 1), (5, 2), (5, 3), (5, 4), (5, 5), (5, 6), (5, 7), (5, 8), (5, 9), (6, 1), (6, 2), (6, 3), (6, 4), (6, 5), (6, 6), (6, 7), (6, 8), (6, 9), (7, 0), (7, 1), (7, 3), (7, 4), (7, 5), (7, 6), (7, 7), (7, 8), (7, 9), (8, 0), (8, 1), (8, 2), (8, 3), (8, 5), (8, 6), (8, 7), (8, 8), (8, 9), (9, 0), (9, 1), (9, 2), (9, 3), (9, 4), (9, 5), (9, 6), (9, 8), (9, 9)], 'occupied_cells': [(0, 3), (1, 6), (3, 5), (4, 1), (6, 0), (7, 2), (8, 4), (9, 7)]}","{'occupied_cells': [(0, 3), (1, 6), (3, 5), (4, 1), (6, 0), (7, 2), (8, 4), (9, 7)], 'empty_cells': [(0, 0), (0, 1), (0, 2), (0, 4), (0, 5), (0, 6), (0, 7), (0, 8), (0, 9), (1, 0), (1, 1), (1, 2), (1, 3), (1, 4), (1, 5), (1, 7), (1, 8), (1, 9), (2, 0), (2, 1), (2, 2), (2, 3), (2, 4), (2, 5), (2, 6), (2, 7), (2, 8), (2, 9), (3, 0), (3, 1), (3, 2), (3, 3), (3, 4), (3, 6), (3, 7), (3, 8), (3, 9), (4, 0), (4, 2), (4, 3), (4, 4), (4, 5), (4, 6), (4, 7), (4, 8), (4, 9), (5, 0), (5, 1), (5, 2), (5, 3), (5, 4), (5, 5), (5, 6), (5, 7), (5, 8), (5, 9), (6, 1), (6, 2), (6, 3), (6, 4), (6, 5), (6, 6), (6, 7), (6, 8), (6, 9), (7, 0), (7, 1), (7, 3), (7, 4), (7, 5), (7, 6), (7, 7), (7, 8), (7, 9), (8, 0), (8, 1), (8, 2), (8, 3), (8, 5), (8, 6), (8, 7), (8, 8), (8, 9), (9, 0), (9, 1), (9, 2), (9, 3), (9, 4), (9, 5), (9, 6), (9, 8), (9, 9)]}"
images/0368/nqueens.jpg,"Q;0;0;0;0;0;0;0;0
0;0;0;Q;0;0;0;0;0
0;0;0;0;0;0;0;0;0
0;0;Q;0;0;0;0;0;0
0;0;0;0;0;0;0;0;0
0;0;0;0;0;0;Q;0;0
0;0;0;0;Q;0;0;0;0
0;Q;0;0;0;0;0;0;0
0;0;0;0;0;Q;0;0;0","[2, 4]","[7, 8]","[(0, 0), (1, 3), (3, 2), (5, 6), (6, 4), (7, 1), (8, 5)]","[2, 4]","[7, 8]","{'empty_cells': [(0, 1), (0, 2), (0, 3), (0, 4), (0, 5), (0, 6), (0, 7), (0, 8), (1, 0), (1, 1), (1, 2), (1, 4), (1, 5), (1, 6), (1, 7), (1, 8), (2, 0), (2, 1), (2, 2), (2, 3), (2, 4), (2, 5), (2, 6), (2, 7), (2, 8), (3, 0), (3, 1), (3, 3), (3, 4), (3, 5), (3, 6), (3, 7), (3, 8), (4, 0), (4, 1), (4, 2), (4, 3), (4, 4), (4, 5), (4, 6), (4, 7), (4, 8), (5, 0), (5, 1), (5, 2), (5, 3), (5, 4), (5, 5), (5, 7), (5, 8), (6, 0), (6, 1), (6, 2), (6, 3), (6, 5), (6, 6), (6, 7), (6, 8), (7, 0), (7, 2), (7, 3), (7, 4), (7, 5), (7, 6), (7, 7), (7, 8), (8, 0), (8, 1), (8, 2), (8, 3), (8, 4), (8, 6), (8, 7), (8, 8)], 'occupied_cells': [(0, 0), (1, 3), (3, 2), (5, 6), (6, 4), (7, 1), (8, 5)]}","{'occupied_cells': [(0, 0), (1, 3), (3, 2), (5, 6), (6, 4), (7, 1), (8, 5)], 'empty_cells': [(0, 1), (0, 2), (0, 3), (0, 4), (0, 5), (0, 6), (0, 7), (0, 8), (1, 0), (1, 1), (1, 2), (1, 4), (1, 5), (1, 6), (1, 7), (1, 8), (2, 0), (2, 1), (2, 2), (2, 3), (2, 4), (2, 5), (2, 6), (2, 7), (2, 8), (3, 0), (3, 1), (3, 3), (3, 4), (3, 5), (3, 6), (3, 7), (3, 8), (4, 0), (4, 1), (4, 2), (4, 3), (4, 4), (4, 5), (4, 6), (4, 7), (4, 8), (5, 0), (5, 1), (5, 2), (5, 3), (5, 4), (5, 5), (5, 7), (5, 8), (6, 0), (6, 1), (6, 2), (6, 3), (6, 5), (6, 6), (6, 7), (6, 8), (7, 0), (7, 2), (7, 3), (7, 4), (7, 5), (7, 6), (7, 7), (7, 8), (8, 0), (8, 1), (8, 2), (8, 3), (8, 4), (8, 6), (8, 7), (8, 8)]}"
images/1819/nqueens.jpg,"0;0;0;0;0;0;Q;0;0;0;0
0;0;0;0;0;0;0;0;0;0;0
0;0;0;0;0;0;0;Q;0;0;0
0;0;Q;0;0;0;0;0;0;0;0
0;0;0;0;Q;0;0;0;0;0;0
0;0;0;0;0;0;0;0;0;0;0
0;Q;0;0;0;0;0;0;0;0;0
0;0;0;0;0;0;0;0;Q;0;0
0;0;0;0;0;Q;0;0;0;0;0
0;0;0;Q;0;0;0;0;0;0;0
Q;0;0;0;0;0;0;0;0;0;0","[1, 5]","[9, 10]","[(0, 6), (2, 7), (3, 2), (4, 4), (6, 1), (7, 8), (8, 5), (9, 3), (10, 0)]","[1, 5]","[9, 10]","{'empty_cells': [(0, 0), (0, 1), (0, 2), (0, 3), (0, 4), (0, 5), (0, 7), (0, 8), (0, 9), (0, 10), (1, 0), (1, 1), (1, 2), (1, 3), (1, 4), (1, 5), (1, 6), (1, 7), (1, 8), (1, 9), (1, 10), (2, 0), (2, 1), (2, 2), (2, 3), (2, 4), (2, 5), (2, 6), (2, 8), (2, 9), (2, 10), (3, 0), (3, 1), (3, 3), (3, 4), (3, 5), (3, 6), (3, 7), (3, 8), (3, 9), (3, 10), (4, 0), (4, 1), (4, 2), (4, 3), (4, 5), (4, 6), (4, 7), (4, 8), (4, 9), (4, 10), (5, 0), (5, 1), (5, 2), (5, 3), (5, 4), (5, 5), (5, 6), (5, 7), (5, 8), (5, 9), (5, 10), (6, 0), (6, 2), (6, 3), (6, 4), (6, 5), (6, 6), (6, 7), (6, 8), (6, 9), (6, 10), (7, 0), (7, 1), (7, 2), (7, 3), (7, 4), (7, 5), (7, 6), (7, 7), (7, 9), (7, 10), (8, 0), (8, 1), (8, 2), (8, 3), (8, 4), (8, 6), (8, 7), (8, 8), (8, 9), (8, 10), (9, 0), (9, 1), (9, 2), (9, 4), (9, 5), (9, 6), (9, 7), (9, 8), (9, 9), (9, 10), (10, 1), (10, 2), (10, 3), (10, 4), (10, 5), (10, 6), (10, 7), (10, 8), (10, 9), (10, 10)], 'occupied_cells': [(0, 6), (2, 7), (3, 2), (4, 4), (6, 1), (7, 8), (8, 5), (9, 3), (10, 0)]}","{'occupied_cells': [(0, 6), (2, 7), (3, 2), (4, 4), (6, 1), (7, 8), (8, 5), (9, 3), (10, 0)], 'empty_cells': [(0, 0), (0, 1), (0, 2), (0, 3), (0, 4), (0, 5), (0, 7), (0, 8), (0, 9), (0, 10), (1, 0), (1, 1), (1, 2), (1, 3), (1, 4), (1, 5), (1, 6), (1, 7), (1, 8), (1, 9), (1, 10), (2, 0), (2, 1), (2, 2), (2, 3), (2, 4), (2, 5), (2, 6), (2, 8), (2, 9), (2, 10), (3, 0), (3, 1), (3, 3), (3, 4), (3, 5), (3, 6), (3, 7), (3, 8), (3, 9), (3, 10), (4, 0), (4, 1), (4, 2), (4, 3), (4, 5), (4, 6), (4, 7), (4, 8), (4, 9), (4, 10), (5, 0), (5, 1), (5, 2), (5, 3), (5, 4), (5, 5), (5, 6), (5, 7), (5, 8), (5, 9), (5, 10), (6, 0), (6, 2), (6, 3), (6, 4), (6, 5), (6, 6), (6, 7), (6, 8), (6, 9), (6, 10), (7, 0), (7, 1), (7, 2), (7, 3), (7, 4), (7, 5), (7, 6), (7, 7), (7, 9), (7, 10), (8, 0), (8, 1), (8, 2), (8, 3), (8, 4), (8, 6), (8, 7), (8, 8), (8, 9), (8, 10), (9, 0), (9, 1), (9, 2), (9, 4), (9, 5), (9, 6), (9, 7), (9, 8), (9, 9), (9, 10), (10, 1), (10, 2), (10, 3), (10, 4), (10, 5), (10, 6), (10, 7), (10, 8), (10, 9), (10, 10)]}"
images/0069/nqueens.jpg,"0;0;0;0;0;0;0;0
Q;0;0;0;0;0;0;0
0;0;Q;0;0;0;0;0
0;0;0;0;0;0;0;0
0;0;0;0;0;Q;0;0
0;0;0;Q;0;0;0;0
0;Q;0;0;0;0;0;0
0;0;0;0;Q;0;0;0","[0, 3]","[6, 7]","[(1, 0), (2, 2), (4, 5), (5, 3), (6, 1), (7, 4)]","[0, 3]","[6, 7]","{'empty_cells': [(0, 0), (0, 1), (0, 2), (0, 3), (0, 4), (0, 5), (0, 6), (0, 7), (1, 1), (1, 2), (1, 3), (1, 4), (1, 5), (1, 6), (1, 7), (2, 0), (2, 1), (2, 3), (2, 4), (2, 5), (2, 6), (2, 7), (3, 0), (3, 1), (3, 2), (3, 3), (3, 4), (3, 5), (3, 6), (3, 7), (4, 0), (4, 1), (4, 2), (4, 3), (4, 4), (4, 6), (4, 7), (5, 0), (5, 1), (5, 2), (5, 4), (5, 5), (5, 6), (5, 7), (6, 0), (6, 2), (6, 3), (6, 4), (6, 5), (6, 6), (6, 7), (7, 0), (7, 1), (7, 2), (7, 3), (7, 5), (7, 6), (7, 7)], 'occupied_cells': [(1, 0), (2, 2), (4, 5), (5, 3), (6, 1), (7, 4)]}","{'occupied_cells': [(1, 0), (2, 2), (4, 5), (5, 3), (6, 1), (7, 4)], 'empty_cells': [(0, 0), (0, 1), (0, 2), (0, 3), (0, 4), (0, 5), (0, 6), (0, 7), (1, 1), (1, 2), (1, 3), (1, 4), (1, 5), (1, 6), (1, 7), (2, 0), (2, 1), (2, 3), (2, 4), (2, 5), (2, 6), (2, 7), (3, 0), (3, 1), (3, 2), (3, 3), (3, 4), (3, 5), (3, 6), (3, 7), (4, 0), (4, 1), (4, 2), (4, 3), (4, 4), (4, 6), (4, 7), (5, 0), (5, 1), (5, 2), (5, 4), (5, 5), (5, 6), (5, 7), (6, 0), (6, 2), (6, 3), (6, 4), (6, 5), (6, 6), (6, 7), (7, 0), (7, 1), (7, 2), (7, 3), (7, 5), (7, 6), (7, 7)]}"
images/0857/nqueens.jpg,"0;0;0;0;0;0;Q;0;0;0
0;0;0;Q;0;0;0;0;0;0
0;Q;0;0;0;0;0;0;0;0
0;0;0;0;Q;0;0;0;0;0
0;0;0;0;0;0;0;Q;0;0
0;0;0;0;0;0;0;0;0;0
0;0;Q;0;0;0;0;0;0;0
0;0;0;0;0;Q;0;0;0;0
0;0;0;0;0;0;0;0;0;0
Q;0;0;0;0;0;0;0;0;0","[5, 8]","[8, 9]","[(0, 6), (1, 3), (2, 1), (3, 4), (4, 7), (6, 2), (7, 5), (9, 0)]","[5, 8]","[8, 9]","{'empty_cells': [(0, 0), (0, 1), (0, 2), (0, 3), (0, 4), (0, 5), (0, 7), (0, 8), (0, 9), (1, 0), (1, 1), (1, 2), (1, 4), (1, 5), (1, 6), (1, 7), (1, 8), (1, 9), (2, 0), (2, 2), (2, 3), (2, 4), (2, 5), (2, 6), (2, 7), (2, 8), (2, 9), (3, 0), (3, 1), (3, 2), (3, 3), (3, 5), (3, 6), (3, 7), (3, 8), (3, 9), (4, 0), (4, 1), (4, 2), (4, 3), (4, 4), (4, 5), (4, 6), (4, 8), (4, 9), (5, 0), (5, 1), (5, 2), (5, 3), (5, 4), (5, 5), (5, 6), (5, 7), (5, 8), (5, 9), (6, 0), (6, 1), (6, 3), (6, 4), (6, 5), (6, 6), (6, 7), (6, 8), (6, 9), (7, 0), (7, 1), (7, 2), (7, 3), (7, 4), (7, 6), (7, 7), (7, 8), (7, 9), (8, 0), (8, 1), (8, 2), (8, 3), (8, 4), (8, 5), (8, 6), (8, 7), (8, 8), (8, 9), (9, 1), (9, 2), (9, 3), (9, 4), (9, 5), (9, 6), (9, 7), (9, 8), (9, 9)], 'occupied_cells': [(0, 6), (1, 3), (2, 1), (3, 4), (4, 7), (6, 2), (7, 5), (9, 0)]}","{'occupied_cells': [(0, 6), (1, 3), (2, 1), (3, 4), (4, 7), (6, 2), (7, 5), (9, 0)], 'empty_cells': [(0, 0), (0, 1), (0, 2), (0, 3), (0, 4), (0, 5), (0, 7), (0, 8), (0, 9), (1, 0), (1, 1), (1, 2), (1, 4), (1, 5), (1, 6), (1, 7), (1, 8), (1, 9), (2, 0), (2, 2), (2, 3), (2, 4), (2, 5), (2, 6), (2, 7), (2, 8), (2, 9), (3, 0), (3, 1), (3, 2), (3, 3), (3, 5), (3, 6), (3, 7), (3, 8), (3, 9), (4, 0), (4, 1), (4, 2), (4, 3), (4, 4), (4, 5), (4, 6), (4, 8), (4, 9), (5, 0), (5, 1), (5, 2), (5, 3), (5, 4), (5, 5), (5, 6), (5, 7), (5, 8), (5, 9), (6, 0), (6, 1), (6, 3), (6, 4), (6, 5), (6, 6), (6, 7), (6, 8), (6, 9), (7, 0), (7, 1), (7, 2), (7, 3), (7, 4), (7, 6), (7, 7), (7, 8), (7, 9), (8, 0), (8, 1), (8, 2), (8, 3), (8, 4), (8, 5), (8, 6), (8, 7), (8, 8), (8, 9), (9, 1), (9, 2), (9, 3), (9, 4), (9, 5), (9, 6), (9, 7), (9, 8), (9, 9)]}"
images/1483/nqueens.jpg,"0;0;0;0;0;0;0;0;Q;0;0
0;0;0;Q;0;0;0;0;0;0;0
0;Q;0;0;0;0;0;0;0;0;0
0;0;0;0;0;0;0;Q;0;0;0
0;0;0;0;0;0;0;0;0;0;0
0;0;Q;0;0;0;0;0;0;0;0
Q;0;0;0;0;0;0;0;0;0;0
0;0;0;0;0;Q;0;0;0;0;0
0;0;0;0;0;0;0;0;0;0;0
0;0;0;0;Q;0;0;0;0;0;0
0;0;0;0;0;0;Q;0;0;0;0","[4, 8]","[9, 10]","[(0, 8), (1, 3), (2, 1), (3, 7), (5, 2), (6, 0), (7, 5), (9, 4), (10, 6)]","[4, 8]","[9, 10]","{'empty_cells': [(0, 0), (0, 1), (0, 2), (0, 3), (0, 4), (0, 5), (0, 6), (0, 7), (0, 9), (0, 10), (1, 0), (1, 1), (1, 2), (1, 4), (1, 5), (1, 6), (1, 7), (1, 8), (1, 9), (1, 10), (2, 0), (2, 2), (2, 3), (2, 4), (2, 5), (2, 6), (2, 7), (2, 8), (2, 9), (2, 10), (3, 0), (3, 1), (3, 2), (3, 3), (3, 4), (3, 5), (3, 6), (3, 8), (3, 9), (3, 10), (4, 0), (4, 1), (4, 2), (4, 3), (4, 4), (4, 5), (4, 6), (4, 7), (4, 8), (4, 9), (4, 10), (5, 0), (5, 1), (5, 3), (5, 4), (5, 5), (5, 6), (5, 7), (5, 8), (5, 9), (5, 10), (6, 1), (6, 2), (6, 3), (6, 4), (6, 5), (6, 6), (6, 7), (6, 8), (6, 9), (6, 10), (7, 0), (7, 1), (7, 2), (7, 3), (7, 4), (7, 6), (7, 7), (7, 8), (7, 9), (7, 10), (8, 0), (8, 1), (8, 2), (8, 3), (8, 4), (8, 5), (8, 6), (8, 7), (8, 8), (8, 9), (8, 10), (9, 0), (9, 1), (9, 2), (9, 3), (9, 5), (9, 6), (9, 7), (9, 8), (9, 9), (9, 10), (10, 0), (10, 1), (10, 2), (10, 3), (10, 4), (10, 5), (10, 7), (10, 8), (10, 9), (10, 10)], 'occupied_cells': [(0, 8), (1, 3), (2, 1), (3, 7), (5, 2), (6, 0), (7, 5), (9, 4), (10, 6)]}","{'occupied_cells': [(0, 8), (1, 3), (2, 1), (3, 7), (5, 2), (6, 0), (7, 5), (9, 4), (10, 6)], 'empty_cells': [(0, 0), (0, 1), (0, 2), (0, 3), (0, 4), (0, 5), (0, 6), (0, 7), (0, 9), (0, 10), (1, 0), (1, 1), (1, 2), (1, 4), (1, 5), (1, 6), (1, 7), (1, 8), (1, 9), (1, 10), (2, 0), (2, 2), (2, 3), (2, 4), (2, 5), (2, 6), (2, 7), (2, 8), (2, 9), (2, 10), (3, 0), (3, 1), (3, 2), (3, 3), (3, 4), (3, 5), (3, 6), (3, 8), (3, 9), (3, 10), (4, 0), (4, 1), (4, 2), (4, 3), (4, 4), (4, 5), (4, 6), (4, 7), (4, 8), (4, 9), (4, 10), (5, 0), (5, 1), (5, 3), (5, 4), (5, 5), (5, 6), (5, 7), (5, 8), (5, 9), (5, 10), (6, 1), (6, 2), (6, 3), (6, 4), (6, 5), (6, 6), (6, 7), (6, 8), (6, 9), (6, 10), (7, 0), (7, 1), (7, 2), (7, 3), (7, 4), (7, 6), (7, 7), (7, 8), (7, 9), (7, 10), (8, 0), (8, 1), (8, 2), (8, 3), (8, 4), (8, 5), (8, 6), (8, 7), (8, 8), (8, 9), (8, 10), (9, 0), (9, 1), (9, 2), (9, 3), (9, 5), (9, 6), (9, 7), (9, 8), (9, 9), (9, 10), (10, 0), (10, 1), (10, 2), (10, 3), (10, 4), (10, 5), (10, 7), (10, 8), (10, 9), (10, 10)]}"
images/1555/nqueens.jpg,"0;0;0;0;0;Q;0;0;0;0;0
0;0;0;0;0;0;0;0;0;0;0
0;0;Q;0;0;0;0;0;0;0;0
0;0;0;0;0;0;Q;0;0;0;0
0;0;0;Q;0;0;0;0;0;0;0
0;0;0;0;0;0;0;Q;0;0;0
0;0;0;0;0;0;0;0;0;0;0
0;0;0;0;0;0;0;0;Q;0;0
Q;0;0;0;0;0;0;0;0;0;0
0;0;0;0;Q;0;0;0;0;0;0
0;Q;0;0;0;0;0;0;0;0;0","[1, 6]","[9, 10]","[(0, 5), (2, 2), (3, 6), (4, 3), (5, 7), (7, 8), (8, 0), (9, 4), (10, 1)]","[1, 6]","[9, 10]","{'empty_cells': [(0, 0), (0, 1), (0, 2), (0, 3), (0, 4), (0, 6), (0, 7), (0, 8), (0, 9), (0, 10), (1, 0), (1, 1), (1, 2), (1, 3), (1, 4), (1, 5), (1, 6), (1, 7), (1, 8), (1, 9), (1, 10), (2, 0), (2, 1), (2, 3), (2, 4), (2, 5), (2, 6), (2, 7), (2, 8), (2, 9), (2, 10), (3, 0), (3, 1), (3, 2), (3, 3), (3, 4), (3, 5), (3, 7), (3, 8), (3, 9), (3, 10), (4, 0), (4, 1), (4, 2), (4, 4), (4, 5), (4, 6), (4, 7), (4, 8), (4, 9), (4, 10), (5, 0), (5, 1), (5, 2), (5, 3), (5, 4), (5, 5), (5, 6), (5, 8), (5, 9), (5, 10), (6, 0), (6, 1), (6, 2), (6, 3), (6, 4), (6, 5), (6, 6), (6, 7), (6, 8), (6, 9), (6, 10), (7, 0), (7, 1), (7, 2), (7, 3), (7, 4), (7, 5), (7, 6), (7, 7), (7, 9), (7, 10), (8, 1), (8, 2), (8, 3), (8, 4), (8, 5), (8, 6), (8, 7), (8, 8), (8, 9), (8, 10), (9, 0), (9, 1), (9, 2), (9, 3), (9, 5), (9, 6), (9, 7), (9, 8), (9, 9), (9, 10), (10, 0), (10, 2), (10, 3), (10, 4), (10, 5), (10, 6), (10, 7), (10, 8), (10, 9), (10, 10)], 'occupied_cells': [(0, 5), (2, 2), (3, 6), (4, 3), (5, 7), (7, 8), (8, 0), (9, 4), (10, 1)]}","{'occupied_cells': [(0, 5), (2, 2), (3, 6), (4, 3), (5, 7), (7, 8), (8, 0), (9, 4), (10, 1)], 'empty_cells': [(0, 0), (0, 1), (0, 2), (0, 3), (0, 4), (0, 6), (0, 7), (0, 8), (0, 9), (0, 10), (1, 0), (1, 1), (1, 2), (1, 3), (1, 4), (1, 5), (1, 6), (1, 7), (1, 8), (1, 9), (1, 10), (2, 0), (2, 1), (2, 3), (2, 4), (2, 5), (2, 6), (2, 7), (2, 8), (2, 9), (2, 10), (3, 0), (3, 1), (3, 2), (3, 3), (3, 4), (3, 5), (3, 7), (3, 8), (3, 9), (3, 10), (4, 0), (4, 1), (4, 2), (4, 4), (4, 5), (4, 6), (4, 7), (4, 8), (4, 9), (4, 10), (5, 0), (5, 1), (5, 2), (5, 3), (5, 4), (5, 5), (5, 6), (5, 8), (5, 9), (5, 10), (6, 0), (6, 1), (6, 2), (6, 3), (6, 4), (6, 5), (6, 6), (6, 7), (6, 8), (6, 9), (6, 10), (7, 0), (7, 1), (7, 2), (7, 3), (7, 4), (7, 5), (7, 6), (7, 7), (7, 9), (7, 10), (8, 1), (8, 2), (8, 3), (8, 4), (8, 5), (8, 6), (8, 7), (8, 8), (8, 9), (8, 10), (9, 0), (9, 1), (9, 2), (9, 3), (9, 5), (9, 6), (9, 7), (9, 8), (9, 9), (9, 10), (10, 0), (10, 2), (10, 3), (10, 4), (10, 5), (10, 6), (10, 7), (10, 8), (10, 9), (10, 10)]}"
images/1691/nqueens.jpg,"Q;0;0;0;0;0;0;0;0;0;0
0;0;0;0;0;0;0;0;Q;0;0
0;0;0;0;Q;0;0;0;0;0;0
0;Q;0;0;0;0;0;0;0;0;0
0;0;0;0;0;0;0;Q;0;0;0
0;0;Q;0;0;0;0;0;0;0;0
0;0;0;0;0;0;0;0;0;0;0
0;0;0;0;0;0;Q;0;0;0;0
0;0;0;0;0;0;0;0;0;0;0
0;0;0;Q;0;0;0;0;0;0;0
0;0;0;0;0;Q;0;0;0;0;0","[6, 8]","[9, 10]","[(0, 0), (1, 8), (2, 4), (3, 1), (4, 7), (5, 2), (7, 6), (9, 3), (10, 5)]","[6, 8]","[9, 10]","{'empty_cells': [(0, 1), (0, 2), (0, 3), (0, 4), (0, 5), (0, 6), (0, 7), (0, 8), (0, 9), (0, 10), (1, 0), (1, 1), (1, 2), (1, 3), (1, 4), (1, 5), (1, 6), (1, 7), (1, 9), (1, 10), (2, 0), (2, 1), (2, 2), (2, 3), (2, 5), (2, 6), (2, 7), (2, 8), (2, 9), (2, 10), (3, 0), (3, 2), (3, 3), (3, 4), (3, 5), (3, 6), (3, 7), (3, 8), (3, 9), (3, 10), (4, 0), (4, 1), (4, 2), (4, 3), (4, 4), (4, 5), (4, 6), (4, 8), (4, 9), (4, 10), (5, 0), (5, 1), (5, 3), (5, 4), (5, 5), (5, 6), (5, 7), (5, 8), (5, 9), (5, 10), (6, 0), (6, 1), (6, 2), (6, 3), (6, 4), (6, 5), (6, 6), (6, 7), (6, 8), (6, 9), (6, 10), (7, 0), (7, 1), (7, 2), (7, 3), (7, 4), (7, 5), (7, 7), (7, 8), (7, 9), (7, 10), (8, 0), (8, 1), (8, 2), (8, 3), (8, 4), (8, 5), (8, 6), (8, 7), (8, 8), (8, 9), (8, 10), (9, 0), (9, 1), (9, 2), (9, 4), (9, 5), (9, 6), (9, 7), (9, 8), (9, 9), (9, 10), (10, 0), (10, 1), (10, 2), (10, 3), (10, 4), (10, 6), (10, 7), (10, 8), (10, 9), (10, 10)], 'occupied_cells': [(0, 0), (1, 8), (2, 4), (3, 1), (4, 7), (5, 2), (7, 6), (9, 3), (10, 5)]}","{'occupied_cells': [(0, 0), (1, 8), (2, 4), (3, 1), (4, 7), (5, 2), (7, 6), (9, 3), (10, 5)], 'empty_cells': [(0, 1), (0, 2), (0, 3), (0, 4), (0, 5), (0, 6), (0, 7), (0, 8), (0, 9), (0, 10), (1, 0), (1, 1), (1, 2), (1, 3), (1, 4), (1, 5), (1, 6), (1, 7), (1, 9), (1, 10), (2, 0), (2, 1), (2, 2), (2, 3), (2, 5), (2, 6), (2, 7), (2, 8), (2, 9), (2, 10), (3, 0), (3, 2), (3, 3), (3, 4), (3, 5), (3, 6), (3, 7), (3, 8), (3, 9), (3, 10), (4, 0), (4, 1), (4, 2), (4, 3), (4, 4), (4, 5), (4, 6), (4, 8), (4, 9), (4, 10), (5, 0), (5, 1), (5, 3), (5, 4), (5, 5), (5, 6), (5, 7), (5, 8), (5, 9), (5, 10), (6, 0), (6, 1), (6, 2), (6, 3), (6, 4), (6, 5), (6, 6), (6, 7), (6, 8), (6, 9), (6, 10), (7, 0), (7, 1), (7, 2), (7, 3), (7, 4), (7, 5), (7, 7), (7, 8), (7, 9), (7, 10), (8, 0), (8, 1), (8, 2), (8, 3), (8, 4), (8, 5), (8, 6), (8, 7), (8, 8), (8, 9), (8, 10), (9, 0), (9, 1), (9, 2), (9, 4), (9, 5), (9, 6), (9, 7), (9, 8), (9, 9), (9, 10), (10, 0), (10, 1), (10, 2), (10, 3), (10, 4), (10, 6), (10, 7), (10, 8), (10, 9), (10, 10)]}"
images/1474/nqueens.jpg,"0;0;0;0;0;Q;0;0;0;0;0
0;0;0;0;0;0;0;0;0;0;0
0;Q;0;0;0;0;0;0;0;0;0
0;0;0;Q;0;0;0;0;0;0;0
0;0;0;0;0;0;0;0;Q;0;0
0;0;0;0;0;0;Q;0;0;0;0
0;0;Q;0;0;0;0;0;0;0;0
Q;0;0;0;0;0;0;0;0;0;0
0;0;0;0;0;0;0;0;0;0;0
0;0;0;0;0;0;0;Q;0;0;0
0;0;0;0;Q;0;0;0;0;0;0","[1, 8]","[9, 10]","[(0, 5), (2, 1), (3, 3), (4, 8), (5, 6), (6, 2), (7, 0), (9, 7), (10, 4)]","[1, 8]","[9, 10]","{'empty_cells': [(0, 0), (0, 1), (0, 2), (0, 3), (0, 4), (0, 6), (0, 7), (0, 8), (0, 9), (0, 10), (1, 0), (1, 1), (1, 2), (1, 3), (1, 4), (1, 5), (1, 6), (1, 7), (1, 8), (1, 9), (1, 10), (2, 0), (2, 2), (2, 3), (2, 4), (2, 5), (2, 6), (2, 7), (2, 8), (2, 9), (2, 10), (3, 0), (3, 1), (3, 2), (3, 4), (3, 5), (3, 6), (3, 7), (3, 8), (3, 9), (3, 10), (4, 0), (4, 1), (4, 2), (4, 3), (4, 4), (4, 5), (4, 6), (4, 7), (4, 9), (4, 10), (5, 0), (5, 1), (5, 2), (5, 3), (5, 4), (5, 5), (5, 7), (5, 8), (5, 9), (5, 10), (6, 0), (6, 1), (6, 3), (6, 4), (6, 5), (6, 6), (6, 7), (6, 8), (6, 9), (6, 10), (7, 1), (7, 2), (7, 3), (7, 4), (7, 5), (7, 6), (7, 7), (7, 8), (7, 9), (7, 10), (8, 0), (8, 1), (8, 2), (8, 3), (8, 4), (8, 5), (8, 6), (8, 7), (8, 8), (8, 9), (8, 10), (9, 0), (9, 1), (9, 2), (9, 3), (9, 4), (9, 5), (9, 6), (9, 8), (9, 9), (9, 10), (10, 0), (10, 1), (10, 2), (10, 3), (10, 5), (10, 6), (10, 7), (10, 8), (10, 9), (10, 10)], 'occupied_cells': [(0, 5), (2, 1), (3, 3), (4, 8), (5, 6), (6, 2), (7, 0), (9, 7), (10, 4)]}","{'occupied_cells': [(0, 5), (2, 1), (3, 3), (4, 8), (5, 6), (6, 2), (7, 0), (9, 7), (10, 4)], 'empty_cells': [(0, 0), (0, 1), (0, 2), (0, 3), (0, 4), (0, 6), (0, 7), (0, 8), (0, 9), (0, 10), (1, 0), (1, 1), (1, 2), (1, 3), (1, 4), (1, 5), (1, 6), (1, 7), (1, 8), (1, 9), (1, 10), (2, 0), (2, 2), (2, 3), (2, 4), (2, 5), (2, 6), (2, 7), (2, 8), (2, 9), (2, 10), (3, 0), (3, 1), (3, 2), (3, 4), (3, 5), (3, 6), (3, 7), (3, 8), (3, 9), (3, 10), (4, 0), (4, 1), (4, 2), (4, 3), (4, 4), (4, 5), (4, 6), (4, 7), (4, 9), (4, 10), (5, 0), (5, 1), (5, 2), (5, 3), (5, 4), (5, 5), (5, 7), (5, 8), (5, 9), (5, 10), (6, 0), (6, 1), (6, 3), (6, 4), (6, 5), (6, 6), (6, 7), (6, 8), (6, 9), (6, 10), (7, 1), (7, 2), (7, 3), (7, 4), (7, 5), (7, 6), (7, 7), (7, 8), (7, 9), (7, 10), (8, 0), (8, 1), (8, 2), (8, 3), (8, 4), (8, 5), (8, 6), (8, 7), (8, 8), (8, 9), (8, 10), (9, 0), (9, 1), (9, 2), (9, 3), (9, 4), (9, 5), (9, 6), (9, 8), (9, 9), (9, 10), (10, 0), (10, 1), (10, 2), (10, 3), (10, 5), (10, 6), (10, 7), (10, 8), (10, 9), (10, 10)]}"
images/1798/nqueens.jpg,"0;0;0;0;0;Q;0;0;0;0;0
Q;0;0;0;0;0;0;0;0;0;0
0;0;0;0;0;0;0;0;0;0;0
0;0;0;0;0;0;Q;0;0;0;0
0;0;0;0;Q;0;0;0;0;0;0
0;0;Q;0;0;0;0;0;0;0;0
0;0;0;0;0;0;0;0;Q;0;0
0;0;0;Q;0;0;0;0;0;0;0
0;0;0;0;0;0;0;0;0;0;0
0;0;0;0;0;0;0;Q;0;0;0
0;Q;0;0;0;0;0;0;0;0;0","[2, 8]","[9, 10]","[(0, 5), (1, 0), (3, 6), (4, 4), (5, 2), (6, 8), (7, 3), (9, 7), (10, 1)]","[2, 8]","[9, 10]","{'empty_cells': [(0, 0), (0, 1), (0, 2), (0, 3), (0, 4), (0, 6), (0, 7), (0, 8), (0, 9), (0, 10), (1, 1), (1, 2), (1, 3), (1, 4), (1, 5), (1, 6), (1, 7), (1, 8), (1, 9), (1, 10), (2, 0), (2, 1), (2, 2), (2, 3), (2, 4), (2, 5), (2, 6), (2, 7), (2, 8), (2, 9), (2, 10), (3, 0), (3, 1), (3, 2), (3, 3), (3, 4), (3, 5), (3, 7), (3, 8), (3, 9), (3, 10), (4, 0), (4, 1), (4, 2), (4, 3), (4, 5), (4, 6), (4, 7), (4, 8), (4, 9), (4, 10), (5, 0), (5, 1), (5, 3), (5, 4), (5, 5), (5, 6), (5, 7), (5, 8), (5, 9), (5, 10), (6, 0), (6, 1), (6, 2), (6, 3), (6, 4), (6, 5), (6, 6), (6, 7), (6, 9), (6, 10), (7, 0), (7, 1), (7, 2), (7, 4), (7, 5), (7, 6), (7, 7), (7, 8), (7, 9), (7, 10), (8, 0), (8, 1), (8, 2), (8, 3), (8, 4), (8, 5), (8, 6), (8, 7), (8, 8), (8, 9), (8, 10), (9, 0), (9, 1), (9, 2), (9, 3), (9, 4), (9, 5), (9, 6), (9, 8), (9, 9), (9, 10), (10, 0), (10, 2), (10, 3), (10, 4), (10, 5), (10, 6), (10, 7), (10, 8), (10, 9), (10, 10)], 'occupied_cells': [(0, 5), (1, 0), (3, 6), (4, 4), (5, 2), (6, 8), (7, 3), (9, 7), (10, 1)]}","{'occupied_cells': [(0, 5), (1, 0), (3, 6), (4, 4), (5, 2), (6, 8), (7, 3), (9, 7), (10, 1)], 'empty_cells': [(0, 0), (0, 1), (0, 2), (0, 3), (0, 4), (0, 6), (0, 7), (0, 8), (0, 9), (0, 10), (1, 1), (1, 2), (1, 3), (1, 4), (1, 5), (1, 6), (1, 7), (1, 8), (1, 9), (1, 10), (2, 0), (2, 1), (2, 2), (2, 3), (2, 4), (2, 5), (2, 6), (2, 7), (2, 8), (2, 9), (2, 10), (3, 0), (3, 1), (3, 2), (3, 3), (3, 4), (3, 5), (3, 7), (3, 8), (3, 9), (3, 10), (4, 0), (4, 1), (4, 2), (4, 3), (4, 5), (4, 6), (4, 7), (4, 8), (4, 9), (4, 10), (5, 0), (5, 1), (5, 3), (5, 4), (5, 5), (5, 6), (5, 7), (5, 8), (5, 9), (5, 10), (6, 0), (6, 1), (6, 2), (6, 3), (6, 4), (6, 5), (6, 6), (6, 7), (6, 9), (6, 10), (7, 0), (7, 1), (7, 2), (7, 4), (7, 5), (7, 6), (7, 7), (7, 8), (7, 9), (7, 10), (8, 0), (8, 1), (8, 2), (8, 3), (8, 4), (8, 5), (8, 6), (8, 7), (8, 8), (8, 9), (8, 10), (9, 0), (9, 1), (9, 2), (9, 3), (9, 4), (9, 5), (9, 6), (9, 8), (9, 9), (9, 10), (10, 0), (10, 2), (10, 3), (10, 4), (10, 5), (10, 6), (10, 7), (10, 8), (10, 9), (10, 10)]}"
images/0478/nqueens.jpg,"0;0;0;0;0;0;Q;0;0;0
0;0;0;0;0;0;0;0;0;0
0;0;0;0;0;Q;0;0;0;0
0;0;Q;0;0;0;0;0;0;0
Q;0;0;0;0;0;0;0;0;0
0;0;0;0;0;0;0;Q;0;0
0;0;0;0;Q;0;0;0;0;0
0;Q;0;0;0;0;0;0;0;0
0;0;0;Q;0;0;0;0;0;0
0;0;0;0;0;0;0;0;0;0","[1, 9]","[8, 9]","[(0, 6), (2, 5), (3, 2), (4, 0), (5, 7), (6, 4), (7, 1), (8, 3)]","[1, 9]","[8, 9]","{'empty_cells': [(0, 0), (0, 1), (0, 2), (0, 3), (0, 4), (0, 5), (0, 7), (0, 8), (0, 9), (1, 0), (1, 1), (1, 2), (1, 3), (1, 4), (1, 5), (1, 6), (1, 7), (1, 8), (1, 9), (2, 0), (2, 1), (2, 2), (2, 3), (2, 4), (2, 6), (2, 7), (2, 8), (2, 9), (3, 0), (3, 1), (3, 3), (3, 4), (3, 5), (3, 6), (3, 7), (3, 8), (3, 9), (4, 1), (4, 2), (4, 3), (4, 4), (4, 5), (4, 6), (4, 7), (4, 8), (4, 9), (5, 0), (5, 1), (5, 2), (5, 3), (5, 4), (5, 5), (5, 6), (5, 8), (5, 9), (6, 0), (6, 1), (6, 2), (6, 3), (6, 5), (6, 6), (6, 7), (6, 8), (6, 9), (7, 0), (7, 2), (7, 3), (7, 4), (7, 5), (7, 6), (7, 7), (7, 8), (7, 9), (8, 0), (8, 1), (8, 2), (8, 4), (8, 5), (8, 6), (8, 7), (8, 8), (8, 9), (9, 0), (9, 1), (9, 2), (9, 3), (9, 4), (9, 5), (9, 6), (9, 7), (9, 8), (9, 9)], 'occupied_cells': [(0, 6), (2, 5), (3, 2), (4, 0), (5, 7), (6, 4), (7, 1), (8, 3)]}","{'occupied_cells': [(0, 6), (2, 5), (3, 2), (4, 0), (5, 7), (6, 4), (7, 1), (8, 3)], 'empty_cells': [(0, 0), (0, 1), (0, 2), (0, 3), (0, 4), (0, 5), (0, 7), (0, 8), (0, 9), (1, 0), (1, 1), (1, 2), (1, 3), (1, 4), (1, 5), (1, 6), (1, 7), (1, 8), (1, 9), (2, 0), (2, 1), (2, 2), (2, 3), (2, 4), (2, 6), (2, 7), (2, 8), (2, 9), (3, 0), (3, 1), (3, 3), (3, 4), (3, 5), (3, 6), (3, 7), (3, 8), (3, 9), (4, 1), (4, 2), (4, 3), (4, 4), (4, 5), (4, 6), (4, 7), (4, 8), (4, 9), (5, 0), (5, 1), (5, 2), (5, 3), (5, 4), (5, 5), (5, 6), (5, 8), (5, 9), (6, 0), (6, 1), (6, 2), (6, 3), (6, 5), (6, 6), (6, 7), (6, 8), (6, 9), (7, 0), (7, 2), (7, 3), (7, 4), (7, 5), (7, 6), (7, 7), (7, 8), (7, 9), (8, 0), (8, 1), (8, 2), (8, 4), (8, 5), (8, 6), (8, 7), (8, 8), (8, 9), (9, 0), (9, 1), (9, 2), (9, 3), (9, 4), (9, 5), (9, 6), (9, 7), (9, 8), (9, 9)]}"
images/0281/nqueens.jpg,"0;0;0;Q;0;0;0;0;0
0;Q;0;0;0;0;0;0;0
0;0;0;0;0;0;0;0;0
0;0;Q;0;0;0;0;0;0
0;0;0;0;0;0;0;0;0
0;0;0;0;0;0;Q;0;0
0;0;0;0;Q;0;0;0;0
Q;0;0;0;0;0;0;0;0
0;0;0;0;0;Q;0;0;0","[2, 4]","[7, 8]","[(0, 3), (1, 1), (3, 2), (5, 6), (6, 4), (7, 0), (8, 5)]","[2, 4]","[7, 8]","{'empty_cells': [(0, 0), (0, 1), (0, 2), (0, 4), (0, 5), (0, 6), (0, 7), (0, 8), (1, 0), (1, 2), (1, 3), (1, 4), (1, 5), (1, 6), (1, 7), (1, 8), (2, 0), (2, 1), (2, 2), (2, 3), (2, 4), (2, 5), (2, 6), (2, 7), (2, 8), (3, 0), (3, 1), (3, 3), (3, 4), (3, 5), (3, 6), (3, 7), (3, 8), (4, 0), (4, 1), (4, 2), (4, 3), (4, 4), (4, 5), (4, 6), (4, 7), (4, 8), (5, 0), (5, 1), (5, 2), (5, 3), (5, 4), (5, 5), (5, 7), (5, 8), (6, 0), (6, 1), (6, 2), (6, 3), (6, 5), (6, 6), (6, 7), (6, 8), (7, 1), (7, 2), (7, 3), (7, 4), (7, 5), (7, 6), (7, 7), (7, 8), (8, 0), (8, 1), (8, 2), (8, 3), (8, 4), (8, 6), (8, 7), (8, 8)], 'occupied_cells': [(0, 3), (1, 1), (3, 2), (5, 6), (6, 4), (7, 0), (8, 5)]}","{'occupied_cells': [(0, 3), (1, 1), (3, 2), (5, 6), (6, 4), (7, 0), (8, 5)], 'empty_cells': [(0, 0), (0, 1), (0, 2), (0, 4), (0, 5), (0, 6), (0, 7), (0, 8), (1, 0), (1, 2), (1, 3), (1, 4), (1, 5), (1, 6), (1, 7), (1, 8), (2, 0), (2, 1), (2, 2), (2, 3), (2, 4), (2, 5), (2, 6), (2, 7), (2, 8), (3, 0), (3, 1), (3, 3), (3, 4), (3, 5), (3, 6), (3, 7), (3, 8), (4, 0), (4, 1), (4, 2), (4, 3), (4, 4), (4, 5), (4, 6), (4, 7), (4, 8), (5, 0), (5, 1), (5, 2), (5, 3), (5, 4), (5, 5), (5, 7), (5, 8), (6, 0), (6, 1), (6, 2), (6, 3), (6, 5), (6, 6), (6, 7), (6, 8), (7, 1), (7, 2), (7, 3), (7, 4), (7, 5), (7, 6), (7, 7), (7, 8), (8, 0), (8, 1), (8, 2), (8, 3), (8, 4), (8, 6), (8, 7), (8, 8)]}"
images/1647/nqueens.jpg,"0;0;0;Q;0;0;0;0;0;0;0
0;0;0;0;0;0;0;0;Q;0;0
0;0;0;0;Q;0;0;0;0;0;0
0;0;0;0;0;0;0;0;0;0;0
Q;0;0;0;0;0;0;0;0;0;0
0;0;0;0;0;Q;0;0;0;0;0
0;0;0;0;0;0;0;0;0;0;0
0;Q;0;0;0;0;0;0;0;0;0
0;0;0;0;0;0;Q;0;0;0;0
0;0;Q;0;0;0;0;0;0;0;0
0;0;0;0;0;0;0;Q;0;0;0","[3, 6]","[9, 10]","[(0, 3), (1, 8), (2, 4), (4, 0), (5, 5), (7, 1), (8, 6), (9, 2), (10, 7)]","[3, 6]","[9, 10]","{'empty_cells': [(0, 0), (0, 1), (0, 2), (0, 4), (0, 5), (0, 6), (0, 7), (0, 8), (0, 9), (0, 10), (1, 0), (1, 1), (1, 2), (1, 3), (1, 4), (1, 5), (1, 6), (1, 7), (1, 9), (1, 10), (2, 0), (2, 1), (2, 2), (2, 3), (2, 5), (2, 6), (2, 7), (2, 8), (2, 9), (2, 10), (3, 0), (3, 1), (3, 2), (3, 3), (3, 4), (3, 5), (3, 6), (3, 7), (3, 8), (3, 9), (3, 10), (4, 1), (4, 2), (4, 3), (4, 4), (4, 5), (4, 6), (4, 7), (4, 8), (4, 9), (4, 10), (5, 0), (5, 1), (5, 2), (5, 3), (5, 4), (5, 6), (5, 7), (5, 8), (5, 9), (5, 10), (6, 0), (6, 1), (6, 2), (6, 3), (6, 4), (6, 5), (6, 6), (6, 7), (6, 8), (6, 9), (6, 10), (7, 0), (7, 2), (7, 3), (7, 4), (7, 5), (7, 6), (7, 7), (7, 8), (7, 9), (7, 10), (8, 0), (8, 1), (8, 2), (8, 3), (8, 4), (8, 5), (8, 7), (8, 8), (8, 9), (8, 10), (9, 0), (9, 1), (9, 3), (9, 4), (9, 5), (9, 6), (9, 7), (9, 8), (9, 9), (9, 10), (10, 0), (10, 1), (10, 2), (10, 3), (10, 4), (10, 5), (10, 6), (10, 8), (10, 9), (10, 10)], 'occupied_cells': [(0, 3), (1, 8), (2, 4), (4, 0), (5, 5), (7, 1), (8, 6), (9, 2), (10, 7)]}","{'occupied_cells': [(0, 3), (1, 8), (2, 4), (4, 0), (5, 5), (7, 1), (8, 6), (9, 2), (10, 7)], 'empty_cells': [(0, 0), (0, 1), (0, 2), (0, 4), (0, 5), (0, 6), (0, 7), (0, 8), (0, 9), (0, 10), (1, 0), (1, 1), (1, 2), (1, 3), (1, 4), (1, 5), (1, 6), (1, 7), (1, 9), (1, 10), (2, 0), (2, 1), (2, 2), (2, 3), (2, 5), (2, 6), (2, 7), (2, 8), (2, 9), (2, 10), (3, 0), (3, 1), (3, 2), (3, 3), (3, 4), (3, 5), (3, 6), (3, 7), (3, 8), (3, 9), (3, 10), (4, 1), (4, 2), (4, 3), (4, 4), (4, 5), (4, 6), (4, 7), (4, 8), (4, 9), (4, 10), (5, 0), (5, 1), (5, 2), (5, 3), (5, 4), (5, 6), (5, 7), (5, 8), (5, 9), (5, 10), (6, 0), (6, 1), (6, 2), (6, 3), (6, 4), (6, 5), (6, 6), (6, 7), (6, 8), (6, 9), (6, 10), (7, 0), (7, 2), (7, 3), (7, 4), (7, 5), (7, 6), (7, 7), (7, 8), (7, 9), (7, 10), (8, 0), (8, 1), (8, 2), (8, 3), (8, 4), (8, 5), (8, 7), (8, 8), (8, 9), (8, 10), (9, 0), (9, 1), (9, 3), (9, 4), (9, 5), (9, 6), (9, 7), (9, 8), (9, 9), (9, 10), (10, 0), (10, 1), (10, 2), (10, 3), (10, 4), (10, 5), (10, 6), (10, 8), (10, 9), (10, 10)]}"
images/1556/nqueens.jpg,"0;0;0;0;0;Q;0;0;0;0;0
Q;0;0;0;0;0;0;0;0;0;0
0;0;0;0;0;0;0;0;0;0;0
0;Q;0;0;0;0;0;0;0;0;0
0;0;0;0;0;0;0;0;0;0;0
0;0;0;0;0;0;0;Q;0;0;0
0;0;0;Q;0;0;0;0;0;0;0
0;0;0;0;0;0;0;0;Q;0;0
0;0;Q;0;0;0;0;0;0;0;0
0;0;0;0;Q;0;0;0;0;0;0
0;0;0;0;0;0;Q;0;0;0;0","[2, 4]","[9, 10]","[(0, 5), (1, 0), (3, 1), (5, 7), (6, 3), (7, 8), (8, 2), (9, 4), (10, 6)]","[2, 4]","[9, 10]","{'empty_cells': [(0, 0), (0, 1), (0, 2), (0, 3), (0, 4), (0, 6), (0, 7), (0, 8), (0, 9), (0, 10), (1, 1), (1, 2), (1, 3), (1, 4), (1, 5), (1, 6), (1, 7), (1, 8), (1, 9), (1, 10), (2, 0), (2, 1), (2, 2), (2, 3), (2, 4), (2, 5), (2, 6), (2, 7), (2, 8), (2, 9), (2, 10), (3, 0), (3, 2), (3, 3), (3, 4), (3, 5), (3, 6), (3, 7), (3, 8), (3, 9), (3, 10), (4, 0), (4, 1), (4, 2), (4, 3), (4, 4), (4, 5), (4, 6), (4, 7), (4, 8), (4, 9), (4, 10), (5, 0), (5, 1), (5, 2), (5, 3), (5, 4), (5, 5), (5, 6), (5, 8), (5, 9), (5, 10), (6, 0), (6, 1), (6, 2), (6, 4), (6, 5), (6, 6), (6, 7), (6, 8), (6, 9), (6, 10), (7, 0), (7, 1), (7, 2), (7, 3), (7, 4), (7, 5), (7, 6), (7, 7), (7, 9), (7, 10), (8, 0), (8, 1), (8, 3), (8, 4), (8, 5), (8, 6), (8, 7), (8, 8), (8, 9), (8, 10), (9, 0), (9, 1), (9, 2), (9, 3), (9, 5), (9, 6), (9, 7), (9, 8), (9, 9), (9, 10), (10, 0), (10, 1), (10, 2), (10, 3), (10, 4), (10, 5), (10, 7), (10, 8), (10, 9), (10, 10)], 'occupied_cells': [(0, 5), (1, 0), (3, 1), (5, 7), (6, 3), (7, 8), (8, 2), (9, 4), (10, 6)]}","{'occupied_cells': [(0, 5), (1, 0), (3, 1), (5, 7), (6, 3), (7, 8), (8, 2), (9, 4), (10, 6)], 'empty_cells': [(0, 0), (0, 1), (0, 2), (0, 3), (0, 4), (0, 6), (0, 7), (0, 8), (0, 9), (0, 10), (1, 1), (1, 2), (1, 3), (1, 4), (1, 5), (1, 6), (1, 7), (1, 8), (1, 9), (1, 10), (2, 0), (2, 1), (2, 2), (2, 3), (2, 4), (2, 5), (2, 6), (2, 7), (2, 8), (2, 9), (2, 10), (3, 0), (3, 2), (3, 3), (3, 4), (3, 5), (3, 6), (3, 7), (3, 8), (3, 9), (3, 10), (4, 0), (4, 1), (4, 2), (4, 3), (4, 4), (4, 5), (4, 6), (4, 7), (4, 8), (4, 9), (4, 10), (5, 0), (5, 1), (5, 2), (5, 3), (5, 4), (5, 5), (5, 6), (5, 8), (5, 9), (5, 10), (6, 0), (6, 1), (6, 2), (6, 4), (6, 5), (6, 6), (6, 7), (6, 8), (6, 9), (6, 10), (7, 0), (7, 1), (7, 2), (7, 3), (7, 4), (7, 5), (7, 6), (7, 7), (7, 9), (7, 10), (8, 0), (8, 1), (8, 3), (8, 4), (8, 5), (8, 6), (8, 7), (8, 8), (8, 9), (8, 10), (9, 0), (9, 1), (9, 2), (9, 3), (9, 5), (9, 6), (9, 7), (9, 8), (9, 9), (9, 10), (10, 0), (10, 1), (10, 2), (10, 3), (10, 4), (10, 5), (10, 7), (10, 8), (10, 9), (10, 10)]}"
images/1729/nqueens.jpg,"0;0;0;0;0;0;0;0;0;0;0
0;0;0;Q;0;0;0;0;0;0;0
0;0;0;0;0;0;Q;0;0;0;0
0;0;Q;0;0;0;0;0;0;0;0
0;0;0;0;0;Q;0;0;0;0;0
0;Q;0;0;0;0;0;0;0;0;0
0;0;0;0;0;0;0;0;0;0;0
Q;0;0;0;0;0;0;0;0;0;0
0;0;0;0;0;0;0;0;Q;0;0
0;0;0;0;Q;0;0;0;0;0;0
0;0;0;0;0;0;0;Q;0;0;0","[0, 6]","[9, 10]","[(1, 3), (2, 6), (3, 2), (4, 5), (5, 1), (7, 0), (8, 8), (9, 4), (10, 7)]","[0, 6]","[9, 10]","{'empty_cells': [(0, 0), (0, 1), (0, 2), (0, 3), (0, 4), (0, 5), (0, 6), (0, 7), (0, 8), (0, 9), (0, 10), (1, 0), (1, 1), (1, 2), (1, 4), (1, 5), (1, 6), (1, 7), (1, 8), (1, 9), (1, 10), (2, 0), (2, 1), (2, 2), (2, 3), (2, 4), (2, 5), (2, 7), (2, 8), (2, 9), (2, 10), (3, 0), (3, 1), (3, 3), (3, 4), (3, 5), (3, 6), (3, 7), (3, 8), (3, 9), (3, 10), (4, 0), (4, 1), (4, 2), (4, 3), (4, 4), (4, 6), (4, 7), (4, 8), (4, 9), (4, 10), (5, 0), (5, 2), (5, 3), (5, 4), (5, 5), (5, 6), (5, 7), (5, 8), (5, 9), (5, 10), (6, 0), (6, 1), (6, 2), (6, 3), (6, 4), (6, 5), (6, 6), (6, 7), (6, 8), (6, 9), (6, 10), (7, 1), (7, 2), (7, 3), (7, 4), (7, 5), (7, 6), (7, 7), (7, 8), (7, 9), (7, 10), (8, 0), (8, 1), (8, 2), (8, 3), (8, 4), (8, 5), (8, 6), (8, 7), (8, 9), (8, 10), (9, 0), (9, 1), (9, 2), (9, 3), (9, 5), (9, 6), (9, 7), (9, 8), (9, 9), (9, 10), (10, 0), (10, 1), (10, 2), (10, 3), (10, 4), (10, 5), (10, 6), (10, 8), (10, 9), (10, 10)], 'occupied_cells': [(1, 3), (2, 6), (3, 2), (4, 5), (5, 1), (7, 0), (8, 8), (9, 4), (10, 7)]}","{'occupied_cells': [(1, 3), (2, 6), (3, 2), (4, 5), (5, 1), (7, 0), (8, 8), (9, 4), (10, 7)], 'empty_cells': [(0, 0), (0, 1), (0, 2), (0, 3), (0, 4), (0, 5), (0, 6), (0, 7), (0, 8), (0, 9), (0, 10), (1, 0), (1, 1), (1, 2), (1, 4), (1, 5), (1, 6), (1, 7), (1, 8), (1, 9), (1, 10), (2, 0), (2, 1), (2, 2), (2, 3), (2, 4), (2, 5), (2, 7), (2, 8), (2, 9), (2, 10), (3, 0), (3, 1), (3, 3), (3, 4), (3, 5), (3, 6), (3, 7), (3, 8), (3, 9), (3, 10), (4, 0), (4, 1), (4, 2), (4, 3), (4, 4), (4, 6), (4, 7), (4, 8), (4, 9), (4, 10), (5, 0), (5, 2), (5, 3), (5, 4), (5, 5), (5, 6), (5, 7), (5, 8), (5, 9), (5, 10), (6, 0), (6, 1), (6, 2), (6, 3), (6, 4), (6, 5), (6, 6), (6, 7), (6, 8), (6, 9), (6, 10), (7, 1), (7, 2), (7, 3), (7, 4), (7, 5), (7, 6), (7, 7), (7, 8), (7, 9), (7, 10), (8, 0), (8, 1), (8, 2), (8, 3), (8, 4), (8, 5), (8, 6), (8, 7), (8, 9), (8, 10), (9, 0), (9, 1), (9, 2), (9, 3), (9, 5), (9, 6), (9, 7), (9, 8), (9, 9), (9, 10), (10, 0), (10, 1), (10, 2), (10, 3), (10, 4), (10, 5), (10, 6), (10, 8), (10, 9), (10, 10)]}"
images/0210/nqueens.jpg,"0;0;0;0;0;0;0;0;0
0;0;0;0;Q;0;0;0;0
0;Q;0;0;0;0;0;0;0
0;0;0;Q;0;0;0;0;0
Q;0;0;0;0;0;0;0;0
0;0;0;0;0;0;Q;0;0
0;0;0;0;0;0;0;0;0
0;0;Q;0;0;0;0;0;0
0;0;0;0;0;Q;0;0;0","[0, 6]","[7, 8]","[(1, 4), (2, 1), (3, 3), (4, 0), (5, 6), (7, 2), (8, 5)]","[0, 6]","[7, 8]","{'empty_cells': [(0, 0), (0, 1), (0, 2), (0, 3), (0, 4), (0, 5), (0, 6), (0, 7), (0, 8), (1, 0), (1, 1), (1, 2), (1, 3), (1, 5), (1, 6), (1, 7), (1, 8), (2, 0), (2, 2), (2, 3), (2, 4), (2, 5), (2, 6), (2, 7), (2, 8), (3, 0), (3, 1), (3, 2), (3, 4), (3, 5), (3, 6), (3, 7), (3, 8), (4, 1), (4, 2), (4, 3), (4, 4), (4, 5), (4, 6), (4, 7), (4, 8), (5, 0), (5, 1), (5, 2), (5, 3), (5, 4), (5, 5), (5, 7), (5, 8), (6, 0), (6, 1), (6, 2), (6, 3), (6, 4), (6, 5), (6, 6), (6, 7), (6, 8), (7, 0), (7, 1), (7, 3), (7, 4), (7, 5), (7, 6), (7, 7), (7, 8), (8, 0), (8, 1), (8, 2), (8, 3), (8, 4), (8, 6), (8, 7), (8, 8)], 'occupied_cells': [(1, 4), (2, 1), (3, 3), (4, 0), (5, 6), (7, 2), (8, 5)]}","{'occupied_cells': [(1, 4), (2, 1), (3, 3), (4, 0), (5, 6), (7, 2), (8, 5)], 'empty_cells': [(0, 0), (0, 1), (0, 2), (0, 3), (0, 4), (0, 5), (0, 6), (0, 7), (0, 8), (1, 0), (1, 1), (1, 2), (1, 3), (1, 5), (1, 6), (1, 7), (1, 8), (2, 0), (2, 2), (2, 3), (2, 4), (2, 5), (2, 6), (2, 7), (2, 8), (3, 0), (3, 1), (3, 2), (3, 4), (3, 5), (3, 6), (3, 7), (3, 8), (4, 1), (4, 2), (4, 3), (4, 4), (4, 5), (4, 6), (4, 7), (4, 8), (5, 0), (5, 1), (5, 2), (5, 3), (5, 4), (5, 5), (5, 7), (5, 8), (6, 0), (6, 1), (6, 2), (6, 3), (6, 4), (6, 5), (6, 6), (6, 7), (6, 8), (7, 0), (7, 1), (7, 3), (7, 4), (7, 5), (7, 6), (7, 7), (7, 8), (8, 0), (8, 1), (8, 2), (8, 3), (8, 4), (8, 6), (8, 7), (8, 8)]}"
images/0297/nqueens.jpg,"0;0;0;Q;0;0;0;0;0
0;0;0;0;0;Q;0;0;0
Q;0;0;0;0;0;0;0;0
0;0;0;0;0;0;0;0;0
0;0;0;0;0;0;Q;0;0
0;0;Q;0;0;0;0;0;0
0;0;0;0;0;0;0;0;0
0;Q;0;0;0;0;0;0;0
0;0;0;0;Q;0;0;0;0","[3, 6]","[7, 8]","[(0, 3), (1, 5), (2, 0), (4, 6), (5, 2), (7, 1), (8, 4)]","[3, 6]","[7, 8]","{'empty_cells': [(0, 0), (0, 1), (0, 2), (0, 4), (0, 5), (0, 6), (0, 7), (0, 8), (1, 0), (1, 1), (1, 2), (1, 3), (1, 4), (1, 6), (1, 7), (1, 8), (2, 1), (2, 2), (2, 3), (2, 4), (2, 5), (2, 6), (2, 7), (2, 8), (3, 0), (3, 1), (3, 2), (3, 3), (3, 4), (3, 5), (3, 6), (3, 7), (3, 8), (4, 0), (4, 1), (4, 2), (4, 3), (4, 4), (4, 5), (4, 7), (4, 8), (5, 0), (5, 1), (5, 3), (5, 4), (5, 5), (5, 6), (5, 7), (5, 8), (6, 0), (6, 1), (6, 2), (6, 3), (6, 4), (6, 5), (6, 6), (6, 7), (6, 8), (7, 0), (7, 2), (7, 3), (7, 4), (7, 5), (7, 6), (7, 7), (7, 8), (8, 0), (8, 1), (8, 2), (8, 3), (8, 5), (8, 6), (8, 7), (8, 8)], 'occupied_cells': [(0, 3), (1, 5), (2, 0), (4, 6), (5, 2), (7, 1), (8, 4)]}","{'occupied_cells': [(0, 3), (1, 5), (2, 0), (4, 6), (5, 2), (7, 1), (8, 4)], 'empty_cells': [(0, 0), (0, 1), (0, 2), (0, 4), (0, 5), (0, 6), (0, 7), (0, 8), (1, 0), (1, 1), (1, 2), (1, 3), (1, 4), (1, 6), (1, 7), (1, 8), (2, 1), (2, 2), (2, 3), (2, 4), (2, 5), (2, 6), (2, 7), (2, 8), (3, 0), (3, 1), (3, 2), (3, 3), (3, 4), (3, 5), (3, 6), (3, 7), (3, 8), (4, 0), (4, 1), (4, 2), (4, 3), (4, 4), (4, 5), (4, 7), (4, 8), (5, 0), (5, 1), (5, 3), (5, 4), (5, 5), (5, 6), (5, 7), (5, 8), (6, 0), (6, 1), (6, 2), (6, 3), (6, 4), (6, 5), (6, 6), (6, 7), (6, 8), (7, 0), (7, 2), (7, 3), (7, 4), (7, 5), (7, 6), (7, 7), (7, 8), (8, 0), (8, 1), (8, 2), (8, 3), (8, 5), (8, 6), (8, 7), (8, 8)]}"
images/1884/nqueens.jpg,"0;0;0;Q;0;0;0;0;0;0;0
Q;0;0;0;0;0;0;0;0;0;0
0;0;0;0;Q;0;0;0;0;0;0
0;0;0;0;0;0;0;Q;0;0;0
0;Q;0;0;0;0;0;0;0;0;0
0;0;0;0;0;0;0;0;0;0;0
0;0;0;0;0;0;Q;0;0;0;0
0;0;Q;0;0;0;0;0;0;0;0
0;0;0;0;0;0;0;0;0;0;0
0;0;0;0;0;Q;0;0;0;0;0
0;0;0;0;0;0;0;0;Q;0;0","[5, 8]","[9, 10]","[(0, 3), (1, 0), (2, 4), (3, 7), (4, 1), (6, 6), (7, 2), (9, 5), (10, 8)]","[5, 8]","[9, 10]","{'empty_cells': [(0, 0), (0, 1), (0, 2), (0, 4), (0, 5), (0, 6), (0, 7), (0, 8), (0, 9), (0, 10), (1, 1), (1, 2), (1, 3), (1, 4), (1, 5), (1, 6), (1, 7), (1, 8), (1, 9), (1, 10), (2, 0), (2, 1), (2, 2), (2, 3), (2, 5), (2, 6), (2, 7), (2, 8), (2, 9), (2, 10), (3, 0), (3, 1), (3, 2), (3, 3), (3, 4), (3, 5), (3, 6), (3, 8), (3, 9), (3, 10), (4, 0), (4, 2), (4, 3), (4, 4), (4, 5), (4, 6), (4, 7), (4, 8), (4, 9), (4, 10), (5, 0), (5, 1), (5, 2), (5, 3), (5, 4), (5, 5), (5, 6), (5, 7), (5, 8), (5, 9), (5, 10), (6, 0), (6, 1), (6, 2), (6, 3), (6, 4), (6, 5), (6, 7), (6, 8), (6, 9), (6, 10), (7, 0), (7, 1), (7, 3), (7, 4), (7, 5), (7, 6), (7, 7), (7, 8), (7, 9), (7, 10), (8, 0), (8, 1), (8, 2), (8, 3), (8, 4), (8, 5), (8, 6), (8, 7), (8, 8), (8, 9), (8, 10), (9, 0), (9, 1), (9, 2), (9, 3), (9, 4), (9, 6), (9, 7), (9, 8), (9, 9), (9, 10), (10, 0), (10, 1), (10, 2), (10, 3), (10, 4), (10, 5), (10, 6), (10, 7), (10, 9), (10, 10)], 'occupied_cells': [(0, 3), (1, 0), (2, 4), (3, 7), (4, 1), (6, 6), (7, 2), (9, 5), (10, 8)]}","{'occupied_cells': [(0, 3), (1, 0), (2, 4), (3, 7), (4, 1), (6, 6), (7, 2), (9, 5), (10, 8)], 'empty_cells': [(0, 0), (0, 1), (0, 2), (0, 4), (0, 5), (0, 6), (0, 7), (0, 8), (0, 9), (0, 10), (1, 1), (1, 2), (1, 3), (1, 4), (1, 5), (1, 6), (1, 7), (1, 8), (1, 9), (1, 10), (2, 0), (2, 1), (2, 2), (2, 3), (2, 5), (2, 6), (2, 7), (2, 8), (2, 9), (2, 10), (3, 0), (3, 1), (3, 2), (3, 3), (3, 4), (3, 5), (3, 6), (3, 8), (3, 9), (3, 10), (4, 0), (4, 2), (4, 3), (4, 4), (4, 5), (4, 6), (4, 7), (4, 8), (4, 9), (4, 10), (5, 0), (5, 1), (5, 2), (5, 3), (5, 4), (5, 5), (5, 6), (5, 7), (5, 8), (5, 9), (5, 10), (6, 0), (6, 1), (6, 2), (6, 3), (6, 4), (6, 5), (6, 7), (6, 8), (6, 9), (6, 10), (7, 0), (7, 1), (7, 3), (7, 4), (7, 5), (7, 6), (7, 7), (7, 8), (7, 9), (7, 10), (8, 0), (8, 1), (8, 2), (8, 3), (8, 4), (8, 5), (8, 6), (8, 7), (8, 8), (8, 9), (8, 10), (9, 0), (9, 1), (9, 2), (9, 3), (9, 4), (9, 6), (9, 7), (9, 8), (9, 9), (9, 10), (10, 0), (10, 1), (10, 2), (10, 3), (10, 4), (10, 5), (10, 6), (10, 7), (10, 9), (10, 10)]}"
images/1833/nqueens.jpg,"0;0;0;0;0;Q;0;0;0;0;0
0;0;Q;0;0;0;0;0;0;0;0
0;0;0;0;0;0;0;0;Q;0;0
0;0;0;0;0;0;0;0;0;0;0
0;0;0;Q;0;0;0;0;0;0;0
0;0;0;0;0;0;0;Q;0;0;0
Q;0;0;0;0;0;0;0;0;0;0
0;0;0;0;Q;0;0;0;0;0;0
0;Q;0;0;0;0;0;0;0;0;0
0;0;0;0;0;0;0;0;0;0;0
0;0;0;0;0;0;Q;0;0;0;0","[3, 9]","[9, 10]","[(0, 5), (1, 2), (2, 8), (4, 3), (5, 7), (6, 0), (7, 4), (8, 1), (10, 6)]","[3, 9]","[9, 10]","{'empty_cells': [(0, 0), (0, 1), (0, 2), (0, 3), (0, 4), (0, 6), (0, 7), (0, 8), (0, 9), (0, 10), (1, 0), (1, 1), (1, 3), (1, 4), (1, 5), (1, 6), (1, 7), (1, 8), (1, 9), (1, 10), (2, 0), (2, 1), (2, 2), (2, 3), (2, 4), (2, 5), (2, 6), (2, 7), (2, 9), (2, 10), (3, 0), (3, 1), (3, 2), (3, 3), (3, 4), (3, 5), (3, 6), (3, 7), (3, 8), (3, 9), (3, 10), (4, 0), (4, 1), (4, 2), (4, 4), (4, 5), (4, 6), (4, 7), (4, 8), (4, 9), (4, 10), (5, 0), (5, 1), (5, 2), (5, 3), (5, 4), (5, 5), (5, 6), (5, 8), (5, 9), (5, 10), (6, 1), (6, 2), (6, 3), (6, 4), (6, 5), (6, 6), (6, 7), (6, 8), (6, 9), (6, 10), (7, 0), (7, 1), (7, 2), (7, 3), (7, 5), (7, 6), (7, 7), (7, 8), (7, 9), (7, 10), (8, 0), (8, 2), (8, 3), (8, 4), (8, 5), (8, 6), (8, 7), (8, 8), (8, 9), (8, 10), (9, 0), (9, 1), (9, 2), (9, 3), (9, 4), (9, 5), (9, 6), (9, 7), (9, 8), (9, 9), (9, 10), (10, 0), (10, 1), (10, 2), (10, 3), (10, 4), (10, 5), (10, 7), (10, 8), (10, 9), (10, 10)], 'occupied_cells': [(0, 5), (1, 2), (2, 8), (4, 3), (5, 7), (6, 0), (7, 4), (8, 1), (10, 6)]}","{'occupied_cells': [(0, 5), (1, 2), (2, 8), (4, 3), (5, 7), (6, 0), (7, 4), (8, 1), (10, 6)], 'empty_cells': [(0, 0), (0, 1), (0, 2), (0, 3), (0, 4), (0, 6), (0, 7), (0, 8), (0, 9), (0, 10), (1, 0), (1, 1), (1, 3), (1, 4), (1, 5), (1, 6), (1, 7), (1, 8), (1, 9), (1, 10), (2, 0), (2, 1), (2, 2), (2, 3), (2, 4), (2, 5), (2, 6), (2, 7), (2, 9), (2, 10), (3, 0), (3, 1), (3, 2), (3, 3), (3, 4), (3, 5), (3, 6), (3, 7), (3, 8), (3, 9), (3, 10), (4, 0), (4, 1), (4, 2), (4, 4), (4, 5), (4, 6), (4, 7), (4, 8), (4, 9), (4, 10), (5, 0), (5, 1), (5, 2), (5, 3), (5, 4), (5, 5), (5, 6), (5, 8), (5, 9), (5, 10), (6, 1), (6, 2), (6, 3), (6, 4), (6, 5), (6, 6), (6, 7), (6, 8), (6, 9), (6, 10), (7, 0), (7, 1), (7, 2), (7, 3), (7, 5), (7, 6), (7, 7), (7, 8), (7, 9), (7, 10), (8, 0), (8, 2), (8, 3), (8, 4), (8, 5), (8, 6), (8, 7), (8, 8), (8, 9), (8, 10), (9, 0), (9, 1), (9, 2), (9, 3), (9, 4), (9, 5), (9, 6), (9, 7), (9, 8), (9, 9), (9, 10), (10, 0), (10, 1), (10, 2), (10, 3), (10, 4), (10, 5), (10, 7), (10, 8), (10, 9), (10, 10)]}"
images/0651/nqueens.jpg,"0;0;0;0;0;0;0;0;0;0
0;Q;0;0;0;0;0;0;0;0
0;0;0;0;0;0;0;0;0;0
0;0;Q;0;0;0;0;0;0;0
0;0;0;0;0;Q;0;0;0;0
0;0;0;0;0;0;0;Q;0;0
Q;0;0;0;0;0;0;0;0;0
0;0;0;Q;0;0;0;0;0;0
0;0;0;0;0;0;Q;0;0;0
0;0;0;0;Q;0;0;0;0;0","[0, 2]","[8, 9]","[(1, 1), (3, 2), (4, 5), (5, 7), (6, 0), (7, 3), (8, 6), (9, 4)]","[0, 2]","[8, 9]","{'empty_cells': [(0, 0), (0, 1), (0, 2), (0, 3), (0, 4), (0, 5), (0, 6), (0, 7), (0, 8), (0, 9), (1, 0), (1, 2), (1, 3), (1, 4), (1, 5), (1, 6), (1, 7), (1, 8), (1, 9), (2, 0), (2, 1), (2, 2), (2, 3), (2, 4), (2, 5), (2, 6), (2, 7), (2, 8), (2, 9), (3, 0), (3, 1), (3, 3), (3, 4), (3, 5), (3, 6), (3, 7), (3, 8), (3, 9), (4, 0), (4, 1), (4, 2), (4, 3), (4, 4), (4, 6), (4, 7), (4, 8), (4, 9), (5, 0), (5, 1), (5, 2), (5, 3), (5, 4), (5, 5), (5, 6), (5, 8), (5, 9), (6, 1), (6, 2), (6, 3), (6, 4), (6, 5), (6, 6), (6, 7), (6, 8), (6, 9), (7, 0), (7, 1), (7, 2), (7, 4), (7, 5), (7, 6), (7, 7), (7, 8), (7, 9), (8, 0), (8, 1), (8, 2), (8, 3), (8, 4), (8, 5), (8, 7), (8, 8), (8, 9), (9, 0), (9, 1), (9, 2), (9, 3), (9, 5), (9, 6), (9, 7), (9, 8), (9, 9)], 'occupied_cells': [(1, 1), (3, 2), (4, 5), (5, 7), (6, 0), (7, 3), (8, 6), (9, 4)]}","{'occupied_cells': [(1, 1), (3, 2), (4, 5), (5, 7), (6, 0), (7, 3), (8, 6), (9, 4)], 'empty_cells': [(0, 0), (0, 1), (0, 2), (0, 3), (0, 4), (0, 5), (0, 6), (0, 7), (0, 8), (0, 9), (1, 0), (1, 2), (1, 3), (1, 4), (1, 5), (1, 6), (1, 7), (1, 8), (1, 9), (2, 0), (2, 1), (2, 2), (2, 3), (2, 4), (2, 5), (2, 6), (2, 7), (2, 8), (2, 9), (3, 0), (3, 1), (3, 3), (3, 4), (3, 5), (3, 6), (3, 7), (3, 8), (3, 9), (4, 0), (4, 1), (4, 2), (4, 3), (4, 4), (4, 6), (4, 7), (4, 8), (4, 9), (5, 0), (5, 1), (5, 2), (5, 3), (5, 4), (5, 5), (5, 6), (5, 8), (5, 9), (6, 1), (6, 2), (6, 3), (6, 4), (6, 5), (6, 6), (6, 7), (6, 8), (6, 9), (7, 0), (7, 1), (7, 2), (7, 4), (7, 5), (7, 6), (7, 7), (7, 8), (7, 9), (8, 0), (8, 1), (8, 2), (8, 3), (8, 4), (8, 5), (8, 7), (8, 8), (8, 9), (9, 0), (9, 1), (9, 2), (9, 3), (9, 5), (9, 6), (9, 7), (9, 8), (9, 9)]}"
images/1233/nqueens.jpg,"0;0;0;0;0;Q;0;0;0;0;0
0;0;0;0;0;0;0;Q;0;0;0
0;0;Q;0;0;0;0;0;0;0;0
0;0;0;0;0;0;Q;0;0;0;0
0;0;0;Q;0;0;0;0;0;0;0
0;0;0;0;0;0;0;0;0;0;0
Q;0;0;0;0;0;0;0;0;0;0
0;0;0;0;0;0;0;0;Q;0;0
0;0;0;0;0;0;0;0;0;0;0
0;0;0;0;Q;0;0;0;0;0;0
0;Q;0;0;0;0;0;0;0;0;0","[5, 8]","[9, 10]","[(0, 5), (1, 7), (2, 2), (3, 6), (4, 3), (6, 0), (7, 8), (9, 4), (10, 1)]","[5, 8]","[9, 10]","{'empty_cells': [(0, 0), (0, 1), (0, 2), (0, 3), (0, 4), (0, 6), (0, 7), (0, 8), (0, 9), (0, 10), (1, 0), (1, 1), (1, 2), (1, 3), (1, 4), (1, 5), (1, 6), (1, 8), (1, 9), (1, 10), (2, 0), (2, 1), (2, 3), (2, 4), (2, 5), (2, 6), (2, 7), (2, 8), (2, 9), (2, 10), (3, 0), (3, 1), (3, 2), (3, 3), (3, 4), (3, 5), (3, 7), (3, 8), (3, 9), (3, 10), (4, 0), (4, 1), (4, 2), (4, 4), (4, 5), (4, 6), (4, 7), (4, 8), (4, 9), (4, 10), (5, 0), (5, 1), (5, 2), (5, 3), (5, 4), (5, 5), (5, 6), (5, 7), (5, 8), (5, 9), (5, 10), (6, 1), (6, 2), (6, 3), (6, 4), (6, 5), (6, 6), (6, 7), (6, 8), (6, 9), (6, 10), (7, 0), (7, 1), (7, 2), (7, 3), (7, 4), (7, 5), (7, 6), (7, 7), (7, 9), (7, 10), (8, 0), (8, 1), (8, 2), (8, 3), (8, 4), (8, 5), (8, 6), (8, 7), (8, 8), (8, 9), (8, 10), (9, 0), (9, 1), (9, 2), (9, 3), (9, 5), (9, 6), (9, 7), (9, 8), (9, 9), (9, 10), (10, 0), (10, 2), (10, 3), (10, 4), (10, 5), (10, 6), (10, 7), (10, 8), (10, 9), (10, 10)], 'occupied_cells': [(0, 5), (1, 7), (2, 2), (3, 6), (4, 3), (6, 0), (7, 8), (9, 4), (10, 1)]}","{'occupied_cells': [(0, 5), (1, 7), (2, 2), (3, 6), (4, 3), (6, 0), (7, 8), (9, 4), (10, 1)], 'empty_cells': [(0, 0), (0, 1), (0, 2), (0, 3), (0, 4), (0, 6), (0, 7), (0, 8), (0, 9), (0, 10), (1, 0), (1, 1), (1, 2), (1, 3), (1, 4), (1, 5), (1, 6), (1, 8), (1, 9), (1, 10), (2, 0), (2, 1), (2, 3), (2, 4), (2, 5), (2, 6), (2, 7), (2, 8), (2, 9), (2, 10), (3, 0), (3, 1), (3, 2), (3, 3), (3, 4), (3, 5), (3, 7), (3, 8), (3, 9), (3, 10), (4, 0), (4, 1), (4, 2), (4, 4), (4, 5), (4, 6), (4, 7), (4, 8), (4, 9), (4, 10), (5, 0), (5, 1), (5, 2), (5, 3), (5, 4), (5, 5), (5, 6), (5, 7), (5, 8), (5, 9), (5, 10), (6, 1), (6, 2), (6, 3), (6, 4), (6, 5), (6, 6), (6, 7), (6, 8), (6, 9), (6, 10), (7, 0), (7, 1), (7, 2), (7, 3), (7, 4), (7, 5), (7, 6), (7, 7), (7, 9), (7, 10), (8, 0), (8, 1), (8, 2), (8, 3), (8, 4), (8, 5), (8, 6), (8, 7), (8, 8), (8, 9), (8, 10), (9, 0), (9, 1), (9, 2), (9, 3), (9, 5), (9, 6), (9, 7), (9, 8), (9, 9), (9, 10), (10, 0), (10, 2), (10, 3), (10, 4), (10, 5), (10, 6), (10, 7), (10, 8), (10, 9), (10, 10)]}"
images/1502/nqueens.jpg,"0;0;0;0;0;0;Q;0;0;0;0
0;0;0;0;Q;0;0;0;0;0;0
0;0;0;0;0;0;0;0;0;0;0
0;Q;0;0;0;0;0;0;0;0;0
0;0;0;0;0;Q;0;0;0;0;0
0;0;Q;0;0;0;0;0;0;0;0
0;0;0;0;0;0;0;0;0;0;0
0;0;0;0;0;0;0;Q;0;0;0
Q;0;0;0;0;0;0;0;0;0;0
0;0;0;0;0;0;0;0;Q;0;0
0;0;0;Q;0;0;0;0;0;0;0","[2, 6]","[9, 10]","[(0, 6), (1, 4), (3, 1), (4, 5), (5, 2), (7, 7), (8, 0), (9, 8), (10, 3)]","[2, 6]","[9, 10]","{'empty_cells': [(0, 0), (0, 1), (0, 2), (0, 3), (0, 4), (0, 5), (0, 7), (0, 8), (0, 9), (0, 10), (1, 0), (1, 1), (1, 2), (1, 3), (1, 5), (1, 6), (1, 7), (1, 8), (1, 9), (1, 10), (2, 0), (2, 1), (2, 2), (2, 3), (2, 4), (2, 5), (2, 6), (2, 7), (2, 8), (2, 9), (2, 10), (3, 0), (3, 2), (3, 3), (3, 4), (3, 5), (3, 6), (3, 7), (3, 8), (3, 9), (3, 10), (4, 0), (4, 1), (4, 2), (4, 3), (4, 4), (4, 6), (4, 7), (4, 8), (4, 9), (4, 10), (5, 0), (5, 1), (5, 3), (5, 4), (5, 5), (5, 6), (5, 7), (5, 8), (5, 9), (5, 10), (6, 0), (6, 1), (6, 2), (6, 3), (6, 4), (6, 5), (6, 6), (6, 7), (6, 8), (6, 9), (6, 10), (7, 0), (7, 1), (7, 2), (7, 3), (7, 4), (7, 5), (7, 6), (7, 8), (7, 9), (7, 10), (8, 1), (8, 2), (8, 3), (8, 4), (8, 5), (8, 6), (8, 7), (8, 8), (8, 9), (8, 10), (9, 0), (9, 1), (9, 2), (9, 3), (9, 4), (9, 5), (9, 6), (9, 7), (9, 9), (9, 10), (10, 0), (10, 1), (10, 2), (10, 4), (10, 5), (10, 6), (10, 7), (10, 8), (10, 9), (10, 10)], 'occupied_cells': [(0, 6), (1, 4), (3, 1), (4, 5), (5, 2), (7, 7), (8, 0), (9, 8), (10, 3)]}","{'occupied_cells': [(0, 6), (1, 4), (3, 1), (4, 5), (5, 2), (7, 7), (8, 0), (9, 8), (10, 3)], 'empty_cells': [(0, 0), (0, 1), (0, 2), (0, 3), (0, 4), (0, 5), (0, 7), (0, 8), (0, 9), (0, 10), (1, 0), (1, 1), (1, 2), (1, 3), (1, 5), (1, 6), (1, 7), (1, 8), (1, 9), (1, 10), (2, 0), (2, 1), (2, 2), (2, 3), (2, 4), (2, 5), (2, 6), (2, 7), (2, 8), (2, 9), (2, 10), (3, 0), (3, 2), (3, 3), (3, 4), (3, 5), (3, 6), (3, 7), (3, 8), (3, 9), (3, 10), (4, 0), (4, 1), (4, 2), (4, 3), (4, 4), (4, 6), (4, 7), (4, 8), (4, 9), (4, 10), (5, 0), (5, 1), (5, 3), (5, 4), (5, 5), (5, 6), (5, 7), (5, 8), (5, 9), (5, 10), (6, 0), (6, 1), (6, 2), (6, 3), (6, 4), (6, 5), (6, 6), (6, 7), (6, 8), (6, 9), (6, 10), (7, 0), (7, 1), (7, 2), (7, 3), (7, 4), (7, 5), (7, 6), (7, 8), (7, 9), (7, 10), (8, 1), (8, 2), (8, 3), (8, 4), (8, 5), (8, 6), (8, 7), (8, 8), (8, 9), (8, 10), (9, 0), (9, 1), (9, 2), (9, 3), (9, 4), (9, 5), (9, 6), (9, 7), (9, 9), (9, 10), (10, 0), (10, 1), (10, 2), (10, 4), (10, 5), (10, 6), (10, 7), (10, 8), (10, 9), (10, 10)]}"
images/1931/nqueens.jpg,"0;0;0;0;0;0;Q;0;0;0;0
Q;0;0;0;0;0;0;0;0;0;0
0;0;0;0;0;Q;0;0;0;0;0
0;0;0;0;0;0;0;Q;0;0;0
0;0;0;0;0;0;0;0;0;0;0
0;0;0;Q;0;0;0;0;0;0;0
0;0;0;0;0;0;0;0;Q;0;0
0;0;Q;0;0;0;0;0;0;0;0
0;0;0;0;Q;0;0;0;0;0;0
0;0;0;0;0;0;0;0;0;0;0
0;Q;0;0;0;0;0;0;0;0;0","[4, 9]","[9, 10]","[(0, 6), (1, 0), (2, 5), (3, 7), (5, 3), (6, 8), (7, 2), (8, 4), (10, 1)]","[4, 9]","[9, 10]","{'empty_cells': [(0, 0), (0, 1), (0, 2), (0, 3), (0, 4), (0, 5), (0, 7), (0, 8), (0, 9), (0, 10), (1, 1), (1, 2), (1, 3), (1, 4), (1, 5), (1, 6), (1, 7), (1, 8), (1, 9), (1, 10), (2, 0), (2, 1), (2, 2), (2, 3), (2, 4), (2, 6), (2, 7), (2, 8), (2, 9), (2, 10), (3, 0), (3, 1), (3, 2), (3, 3), (3, 4), (3, 5), (3, 6), (3, 8), (3, 9), (3, 10), (4, 0), (4, 1), (4, 2), (4, 3), (4, 4), (4, 5), (4, 6), (4, 7), (4, 8), (4, 9), (4, 10), (5, 0), (5, 1), (5, 2), (5, 4), (5, 5), (5, 6), (5, 7), (5, 8), (5, 9), (5, 10), (6, 0), (6, 1), (6, 2), (6, 3), (6, 4), (6, 5), (6, 6), (6, 7), (6, 9), (6, 10), (7, 0), (7, 1), (7, 3), (7, 4), (7, 5), (7, 6), (7, 7), (7, 8), (7, 9), (7, 10), (8, 0), (8, 1), (8, 2), (8, 3), (8, 5), (8, 6), (8, 7), (8, 8), (8, 9), (8, 10), (9, 0), (9, 1), (9, 2), (9, 3), (9, 4), (9, 5), (9, 6), (9, 7), (9, 8), (9, 9), (9, 10), (10, 0), (10, 2), (10, 3), (10, 4), (10, 5), (10, 6), (10, 7), (10, 8), (10, 9), (10, 10)], 'occupied_cells': [(0, 6), (1, 0), (2, 5), (3, 7), (5, 3), (6, 8), (7, 2), (8, 4), (10, 1)]}","{'occupied_cells': [(0, 6), (1, 0), (2, 5), (3, 7), (5, 3), (6, 8), (7, 2), (8, 4), (10, 1)], 'empty_cells': [(0, 0), (0, 1), (0, 2), (0, 3), (0, 4), (0, 5), (0, 7), (0, 8), (0, 9), (0, 10), (1, 1), (1, 2), (1, 3), (1, 4), (1, 5), (1, 6), (1, 7), (1, 8), (1, 9), (1, 10), (2, 0), (2, 1), (2, 2), (2, 3), (2, 4), (2, 6), (2, 7), (2, 8), (2, 9), (2, 10), (3, 0), (3, 1), (3, 2), (3, 3), (3, 4), (3, 5), (3, 6), (3, 8), (3, 9), (3, 10), (4, 0), (4, 1), (4, 2), (4, 3), (4, 4), (4, 5), (4, 6), (4, 7), (4, 8), (4, 9), (4, 10), (5, 0), (5, 1), (5, 2), (5, 4), (5, 5), (5, 6), (5, 7), (5, 8), (5, 9), (5, 10), (6, 0), (6, 1), (6, 2), (6, 3), (6, 4), (6, 5), (6, 6), (6, 7), (6, 9), (6, 10), (7, 0), (7, 1), (7, 3), (7, 4), (7, 5), (7, 6), (7, 7), (7, 8), (7, 9), (7, 10), (8, 0), (8, 1), (8, 2), (8, 3), (8, 5), (8, 6), (8, 7), (8, 8), (8, 9), (8, 10), (9, 0), (9, 1), (9, 2), (9, 3), (9, 4), (9, 5), (9, 6), (9, 7), (9, 8), (9, 9), (9, 10), (10, 0), (10, 2), (10, 3), (10, 4), (10, 5), (10, 6), (10, 7), (10, 8), (10, 9), (10, 10)]}"
