image_path,text_representation_start-position,q1-ans,q2-ans,q3-ans,q4-ans,q5-ans,q6-ans,q7-ans,q8-ans,q9-ans,q10-ans,q11-ans,q12-ans,q13-ans,q14-ans,q15-ans
images/1860/maze_1860.jpg,"1;1;1;1;1;1;1;1;1;1;1;1;1
S;0;0;0;0;0;1;0;0;0;1;0;1
1;1;1;1;1;0;1;0;1;0;1;0;1
1;0;0;0;1;0;1;0;1;0;0;0;1
1;0;1;1;1;0;1;0;1;1;1;0;1
1;0;0;0;0;0;0;0;1;0;0;0;E
1;1;1;1;1;1;1;1;1;1;1;1;1","(1, 0)","(5, 12)",7x13,37,54,1,2,1,2,"[(1, 1)]","[(0, 0), (2, 0)]","[(5, 11)]","[(4, 12), (6, 12)]","[(1, 0), (1, 1), (1, 2), (1, 3), (1, 4), (1, 5), (1, 7), (1, 8), (1, 9), (1, 11), (2, 5), (2, 7), (2, 9), (2, 11), (3, 1), (3, 2), (3, 3), (3, 5), (3, 7), (3, 9), (3, 10), (3, 11), (4, 1), (4, 5), (4, 7), (4, 11), (5, 1), (5, 2), (5, 3), (5, 4), (5, 5), (5, 6), (5, 7), (5, 9), (5, 10), (5, 11), (5, 12)]","[(0, 0), (0, 1), (0, 2), (0, 3), (0, 4), (0, 5), (0, 6), (0, 7), (0, 8), (0, 9), (0, 10), (0, 11), (0, 12), (1, 6), (1, 10), (1, 12), (2, 0), (2, 1), (2, 2), (2, 3), (2, 4), (2, 6), (2, 8), (2, 10), (2, 12), (3, 0), (3, 4), (3, 6), (3, 8), (3, 12), (4, 0), (4, 2), (4, 3), (4, 4), (4, 6), (4, 8), (4, 9), (4, 10), (4, 12), (5, 0), (5, 8), (6, 0), (6, 1), (6, 2), (6, 3), (6, 4), (6, 5), (6, 6), (6, 7), (6, 8), (6, 9), (6, 10), (6, 11), (6, 12)]"
images/0353/maze_0353.jpg,"1;1;1;1;1;1;1;1;1;1;1;1;1;1;1
S;0;0;0;0;0;1;0;1;0;0;0;0;0;1
1;1;1;1;1;0;1;0;1;0;1;0;1;1;1
1;0;1;0;0;0;1;0;0;0;1;0;0;0;1
1;0;1;0;1;1;1;0;1;1;1;1;1;0;1
1;0;0;0;1;0;0;0;0;0;0;0;1;0;1
1;0;1;1;1;0;1;1;1;1;1;0;1;0;1
1;0;0;0;1;0;1;0;0;0;1;0;1;0;1
1;1;1;0;1;1;1;0;1;0;1;1;1;0;1
1;0;0;0;0;0;0;0;1;0;0;0;0;0;1
1;1;1;1;1;1;1;1;1;1;1;1;1;E;1","(1, 0)","(10, 13)",11x15,71,94,1,2,1,2,"[(1, 1)]","[(0, 0), (2, 0)]","[(9, 13)]","[(10, 12), (10, 14)]","[(1, 0), (1, 1), (1, 2), (1, 3), (1, 4), (1, 5), (1, 7), (1, 9), (1, 10), (1, 11), (1, 12), (1, 13), (2, 5), (2, 7), (2, 9), (2, 11), (3, 1), (3, 3), (3, 4), (3, 5), (3, 7), (3, 8), (3, 9), (3, 11), (3, 12), (3, 13), (4, 1), (4, 3), (4, 7), (4, 13), (5, 1), (5, 2), (5, 3), (5, 5), (5, 6), (5, 7), (5, 8), (5, 9), (5, 10), (5, 11), (5, 13), (6, 1), (6, 5), (6, 11), (6, 13), (7, 1), (7, 2), (7, 3), (7, 5), (7, 7), (7, 8), (7, 9), (7, 11), (7, 13), (8, 3), (8, 7), (8, 9), (8, 13), (9, 1), (9, 2), (9, 3), (9, 4), (9, 5), (9, 6), (9, 7), (9, 9), (9, 10), (9, 11), (9, 12), (9, 13), (10, 13)]","[(0, 0), (0, 1), (0, 2), (0, 3), (0, 4), (0, 5), (0, 6), (0, 7), (0, 8), (0, 9), (0, 10), (0, 11), (0, 12), (0, 13), (0, 14), (1, 6), (1, 8), (1, 14), (2, 0), (2, 1), (2, 2), (2, 3), (2, 4), (2, 6), (2, 8), (2, 10), (2, 12), (2, 13), (2, 14), (3, 0), (3, 2), (3, 6), (3, 10), (3, 14), (4, 0), (4, 2), (4, 4), (4, 5), (4, 6), (4, 8), (4, 9), (4, 10), (4, 11), (4, 12), (4, 14), (5, 0), (5, 4), (5, 12), (5, 14), (6, 0), (6, 2), (6, 3), (6, 4), (6, 6), (6, 7), (6, 8), (6, 9), (6, 10), (6, 12), (6, 14), (7, 0), (7, 4), (7, 6), (7, 10), (7, 12), (7, 14), (8, 0), (8, 1), (8, 2), (8, 4), (8, 5), (8, 6), (8, 8), (8, 10), (8, 11), (8, 12), (8, 14), (9, 0), (9, 8), (9, 14), (10, 0), (10, 1), (10, 2), (10, 3), (10, 4), (10, 5), (10, 6), (10, 7), (10, 8), (10, 9), (10, 10), (10, 11), (10, 12), (10, 14)]"
images/1333/maze_1333.jpg,"1;1;1;1;1;1;1;1;1;1;1
S;0;1;0;0;0;0;0;1;0;1
1;0;1;1;1;0;1;0;1;0;1
1;0;0;0;1;0;1;0;1;0;1
1;1;1;0;1;0;1;0;1;0;1
1;0;0;0;0;0;1;0;0;0;1
1;1;1;1;1;1;1;1;1;E;1","(1, 0)","(6, 9)",7x11,31,46,1,2,1,2,"[(1, 1)]","[(0, 0), (2, 0)]","[(5, 9)]","[(6, 8), (6, 10)]","[(1, 0), (1, 1), (1, 3), (1, 4), (1, 5), (1, 6), (1, 7), (1, 9), (2, 1), (2, 5), (2, 7), (2, 9), (3, 1), (3, 2), (3, 3), (3, 5), (3, 7), (3, 9), (4, 3), (4, 5), (4, 7), (4, 9), (5, 1), (5, 2), (5, 3), (5, 4), (5, 5), (5, 7), (5, 8), (5, 9), (6, 9)]","[(0, 0), (0, 1), (0, 2), (0, 3), (0, 4), (0, 5), (0, 6), (0, 7), (0, 8), (0, 9), (0, 10), (1, 2), (1, 8), (1, 10), (2, 0), (2, 2), (2, 3), (2, 4), (2, 6), (2, 8), (2, 10), (3, 0), (3, 4), (3, 6), (3, 8), (3, 10), (4, 0), (4, 1), (4, 2), (4, 4), (4, 6), (4, 8), (4, 10), (5, 0), (5, 6), (5, 10), (6, 0), (6, 1), (6, 2), (6, 3), (6, 4), (6, 5), (6, 6), (6, 7), (6, 8), (6, 10)]"
images/0905/maze_0905.jpg,"1;1;1;1;1;1;1;1;1
S;0;0;0;0;0;1;0;1
1;1;1;1;1;0;1;0;1
1;0;0;0;1;0;1;0;1
1;0;1;1;1;0;1;0;1
1;0;0;0;1;0;1;0;1
1;0;1;0;1;0;1;0;1
1;0;1;0;0;0;1;0;1
1;0;1;1;1;1;1;0;1
1;0;0;0;0;0;0;0;1
1;1;1;1;1;1;1;0;1
1;0;0;0;0;0;0;0;E
1;1;1;1;1;1;1;1;1","(1, 0)","(11, 8)",13x9,49,68,1,2,1,2,"[(1, 1)]","[(0, 0), (2, 0)]","[(11, 7)]","[(10, 8), (12, 8)]","[(1, 0), (1, 1), (1, 2), (1, 3), (1, 4), (1, 5), (1, 7), (2, 5), (2, 7), (3, 1), (3, 2), (3, 3), (3, 5), (3, 7), (4, 1), (4, 5), (4, 7), (5, 1), (5, 2), (5, 3), (5, 5), (5, 7), (6, 1), (6, 3), (6, 5), (6, 7), (7, 1), (7, 3), (7, 4), (7, 5), (7, 7), (8, 1), (8, 7), (9, 1), (9, 2), (9, 3), (9, 4), (9, 5), (9, 6), (9, 7), (10, 7), (11, 1), (11, 2), (11, 3), (11, 4), (11, 5), (11, 6), (11, 7), (11, 8)]","[(0, 0), (0, 1), (0, 2), (0, 3), (0, 4), (0, 5), (0, 6), (0, 7), (0, 8), (1, 6), (1, 8), (2, 0), (2, 1), (2, 2), (2, 3), (2, 4), (2, 6), (2, 8), (3, 0), (3, 4), (3, 6), (3, 8), (4, 0), (4, 2), (4, 3), (4, 4), (4, 6), (4, 8), (5, 0), (5, 4), (5, 6), (5, 8), (6, 0), (6, 2), (6, 4), (6, 6), (6, 8), (7, 0), (7, 2), (7, 6), (7, 8), (8, 0), (8, 2), (8, 3), (8, 4), (8, 5), (8, 6), (8, 8), (9, 0), (9, 8), (10, 0), (10, 1), (10, 2), (10, 3), (10, 4), (10, 5), (10, 6), (10, 8), (11, 0), (12, 0), (12, 1), (12, 2), (12, 3), (12, 4), (12, 5), (12, 6), (12, 7), (12, 8)]"
images/1289/maze_1289.jpg,"1;1;1;1;1;1;1
S;0;1;0;0;0;1
1;0;1;0;1;0;1
1;0;0;0;1;0;1
1;1;1;1;1;0;1
1;0;0;0;1;0;1
1;0;1;1;1;0;1
1;0;1;0;0;0;1
1;0;1;0;1;1;1
1;0;1;0;1;0;1
1;0;1;0;1;0;1
1;0;1;0;0;0;1
1;0;1;1;1;0;1
1;0;0;0;0;0;1
1;1;1;1;1;E;1","(1, 0)","(14, 5)",15x7,43,62,1,2,1,2,"[(1, 1)]","[(0, 0), (2, 0)]","[(13, 5)]","[(14, 4), (14, 6)]","[(1, 0), (1, 1), (1, 3), (1, 4), (1, 5), (2, 1), (2, 3), (2, 5), (3, 1), (3, 2), (3, 3), (3, 5), (4, 5), (5, 1), (5, 2), (5, 3), (5, 5), (6, 1), (6, 5), (7, 1), (7, 3), (7, 4), (7, 5), (8, 1), (8, 3), (9, 1), (9, 3), (9, 5), (10, 1), (10, 3), (10, 5), (11, 1), (11, 3), (11, 4), (11, 5), (12, 1), (12, 5), (13, 1), (13, 2), (13, 3), (13, 4), (13, 5), (14, 5)]","[(0, 0), (0, 1), (0, 2), (0, 3), (0, 4), (0, 5), (0, 6), (1, 2), (1, 6), (2, 0), (2, 2), (2, 4), (2, 6), (3, 0), (3, 4), (3, 6), (4, 0), (4, 1), (4, 2), (4, 3), (4, 4), (4, 6), (5, 0), (5, 4), (5, 6), (6, 0), (6, 2), (6, 3), (6, 4), (6, 6), (7, 0), (7, 2), (7, 6), (8, 0), (8, 2), (8, 4), (8, 5), (8, 6), (9, 0), (9, 2), (9, 4), (9, 6), (10, 0), (10, 2), (10, 4), (10, 6), (11, 0), (11, 2), (11, 6), (12, 0), (12, 2), (12, 3), (12, 4), (12, 6), (13, 0), (13, 6), (14, 0), (14, 1), (14, 2), (14, 3), (14, 4), (14, 6)]"
images/1273/maze_1273.jpg,"1;1;1;1;1;1;1;1;1;1;1
S;0;1;0;0;0;0;0;0;0;1
1;0;1;0;1;1;1;1;1;0;1
1;0;1;0;0;0;1;0;0;0;1
1;0;1;0;1;0;1;0;1;1;1
1;0;1;0;1;0;1;0;1;0;1
1;0;1;1;1;0;1;0;1;0;1
1;0;0;0;0;0;1;0;0;0;1
1;1;1;1;1;1;1;1;1;E;1","(1, 0)","(8, 9)",9x11,41,58,1,2,1,2,"[(1, 1)]","[(0, 0), (2, 0)]","[(7, 9)]","[(8, 8), (8, 10)]","[(1, 0), (1, 1), (1, 3), (1, 4), (1, 5), (1, 6), (1, 7), (1, 8), (1, 9), (2, 1), (2, 3), (2, 9), (3, 1), (3, 3), (3, 4), (3, 5), (3, 7), (3, 8), (3, 9), (4, 1), (4, 3), (4, 5), (4, 7), (5, 1), (5, 3), (5, 5), (5, 7), (5, 9), (6, 1), (6, 5), (6, 7), (6, 9), (7, 1), (7, 2), (7, 3), (7, 4), (7, 5), (7, 7), (7, 8), (7, 9), (8, 9)]","[(0, 0), (0, 1), (0, 2), (0, 3), (0, 4), (0, 5), (0, 6), (0, 7), (0, 8), (0, 9), (0, 10), (1, 2), (1, 10), (2, 0), (2, 2), (2, 4), (2, 5), (2, 6), (2, 7), (2, 8), (2, 10), (3, 0), (3, 2), (3, 6), (3, 10), (4, 0), (4, 2), (4, 4), (4, 6), (4, 8), (4, 9), (4, 10), (5, 0), (5, 2), (5, 4), (5, 6), (5, 8), (5, 10), (6, 0), (6, 2), (6, 3), (6, 4), (6, 6), (6, 8), (6, 10), (7, 0), (7, 6), (7, 10), (8, 0), (8, 1), (8, 2), (8, 3), (8, 4), (8, 5), (8, 6), (8, 7), (8, 8), (8, 10)]"
images/0938/maze_0938.jpg,"1;1;1;1;1;1;1
S;0;0;0;0;0;1
1;1;1;1;1;0;1
1;0;0;0;1;0;1
1;0;1;1;1;0;1
1;0;0;0;0;0;E
1;1;1;1;1;1;1","(1, 0)","(5, 6)",7x7,19,30,1,2,1,2,"[(1, 1)]","[(0, 0), (2, 0)]","[(5, 5)]","[(4, 6), (6, 6)]","[(1, 0), (1, 1), (1, 2), (1, 3), (1, 4), (1, 5), (2, 5), (3, 1), (3, 2), (3, 3), (3, 5), (4, 1), (4, 5), (5, 1), (5, 2), (5, 3), (5, 4), (5, 5), (5, 6)]","[(0, 0), (0, 1), (0, 2), (0, 3), (0, 4), (0, 5), (0, 6), (1, 6), (2, 0), (2, 1), (2, 2), (2, 3), (2, 4), (2, 6), (3, 0), (3, 4), (3, 6), (4, 0), (4, 2), (4, 3), (4, 4), (4, 6), (5, 0), (6, 0), (6, 1), (6, 2), (6, 3), (6, 4), (6, 5), (6, 6)]"
images/1731/maze_1731.jpg,"1;1;1;1;1;1;1
S;0;1;0;0;0;1
1;0;1;0;1;0;1
1;0;1;0;1;0;1
1;0;1;0;1;1;1
1;0;1;0;0;0;1
1;0;1;0;1;0;1
1;0;1;0;1;0;1
1;0;1;1;1;0;1
1;0;0;0;0;0;1
1;1;1;1;1;0;1
1;0;0;0;0;0;1
1;0;1;1;1;1;1
1;0;0;0;0;0;1
1;1;1;1;1;E;1","(1, 0)","(14, 5)",15x7,43,62,1,2,1,2,"[(1, 1)]","[(0, 0), (2, 0)]","[(13, 5)]","[(14, 4), (14, 6)]","[(1, 0), (1, 1), (1, 3), (1, 4), (1, 5), (2, 1), (2, 3), (2, 5), (3, 1), (3, 3), (3, 5), (4, 1), (4, 3), (5, 1), (5, 3), (5, 4), (5, 5), (6, 1), (6, 3), (6, 5), (7, 1), (7, 3), (7, 5), (8, 1), (8, 5), (9, 1), (9, 2), (9, 3), (9, 4), (9, 5), (10, 5), (11, 1), (11, 2), (11, 3), (11, 4), (11, 5), (12, 1), (13, 1), (13, 2), (13, 3), (13, 4), (13, 5), (14, 5)]","[(0, 0), (0, 1), (0, 2), (0, 3), (0, 4), (0, 5), (0, 6), (1, 2), (1, 6), (2, 0), (2, 2), (2, 4), (2, 6), (3, 0), (3, 2), (3, 4), (3, 6), (4, 0), (4, 2), (4, 4), (4, 5), (4, 6), (5, 0), (5, 2), (5, 6), (6, 0), (6, 2), (6, 4), (6, 6), (7, 0), (7, 2), (7, 4), (7, 6), (8, 0), (8, 2), (8, 3), (8, 4), (8, 6), (9, 0), (9, 6), (10, 0), (10, 1), (10, 2), (10, 3), (10, 4), (10, 6), (11, 0), (11, 6), (12, 0), (12, 2), (12, 3), (12, 4), (12, 5), (12, 6), (13, 0), (13, 6), (14, 0), (14, 1), (14, 2), (14, 3), (14, 4), (14, 6)]"
images/0065/maze_0065.jpg,"1;1;1;1;1;1;1;1;1
S;0;1;0;0;0;0;0;1
1;0;1;1;1;0;1;1;1
1;0;0;0;1;0;0;0;1
1;1;1;0;1;1;1;0;1
1;0;0;0;1;0;0;0;1
1;0;1;1;1;0;1;0;1
1;0;0;0;1;0;1;0;1
1;1;1;0;1;0;1;1;1
1;0;1;0;1;0;0;0;1
1;0;1;0;1;1;1;0;1
1;0;0;0;1;0;0;0;1
1;0;1;1;1;0;1;0;1
1;0;0;0;0;0;1;0;1
1;1;1;1;1;1;1;E;1","(1, 0)","(14, 7)",15x9,57,78,1,2,1,2,"[(1, 1)]","[(0, 0), (2, 0)]","[(13, 7)]","[(14, 6), (14, 8)]","[(1, 0), (1, 1), (1, 3), (1, 4), (1, 5), (1, 6), (1, 7), (2, 1), (2, 5), (3, 1), (3, 2), (3, 3), (3, 5), (3, 6), (3, 7), (4, 3), (4, 7), (5, 1), (5, 2), (5, 3), (5, 5), (5, 6), (5, 7), (6, 1), (6, 5), (6, 7), (7, 1), (7, 2), (7, 3), (7, 5), (7, 7), (8, 3), (8, 5), (9, 1), (9, 3), (9, 5), (9, 6), (9, 7), (10, 1), (10, 3), (10, 7), (11, 1), (11, 2), (11, 3), (11, 5), (11, 6), (11, 7), (12, 1), (12, 5), (12, 7), (13, 1), (13, 2), (13, 3), (13, 4), (13, 5), (13, 7), (14, 7)]","[(0, 0), (0, 1), (0, 2), (0, 3), (0, 4), (0, 5), (0, 6), (0, 7), (0, 8), (1, 2), (1, 8), (2, 0), (2, 2), (2, 3), (2, 4), (2, 6), (2, 7), (2, 8), (3, 0), (3, 4), (3, 8), (4, 0), (4, 1), (4, 2), (4, 4), (4, 5), (4, 6), (4, 8), (5, 0), (5, 4), (5, 8), (6, 0), (6, 2), (6, 3), (6, 4), (6, 6), (6, 8), (7, 0), (7, 4), (7, 6), (7, 8), (8, 0), (8, 1), (8, 2), (8, 4), (8, 6), (8, 7), (8, 8), (9, 0), (9, 2), (9, 4), (9, 8), (10, 0), (10, 2), (10, 4), (10, 5), (10, 6), (10, 8), (11, 0), (11, 4), (11, 8), (12, 0), (12, 2), (12, 3), (12, 4), (12, 6), (12, 8), (13, 0), (13, 6), (13, 8), (14, 0), (14, 1), (14, 2), (14, 3), (14, 4), (14, 5), (14, 6), (14, 8)]"
images/1323/maze_1323.jpg,"1;1;1;1;1;1;1;1;1;1;1;1;1
S;0;0;0;1;0;0;0;0;0;0;0;1
1;1;1;0;1;0;1;1;1;0;1;0;1
1;0;0;0;1;0;0;0;1;0;1;0;1
1;0;1;1;1;1;1;0;1;0;1;0;1
1;0;0;0;1;0;0;0;1;0;1;0;1
1;1;1;0;1;1;1;1;1;0;1;0;1
1;0;1;0;1;0;0;0;1;0;1;0;1
1;0;1;0;1;0;1;0;1;0;1;1;1
1;0;1;0;0;0;1;0;1;0;0;0;1
1;0;1;1;1;1;1;0;1;1;1;0;1
1;0;0;0;0;0;0;0;0;0;0;0;E
1;1;1;1;1;1;1;1;1;1;1;1;1","(1, 0)","(11, 12)",13x13,73,96,1,2,1,2,"[(1, 1)]","[(0, 0), (2, 0)]","[(11, 11)]","[(10, 12), (12, 12)]","[(1, 0), (1, 1), (1, 2), (1, 3), (1, 5), (1, 6), (1, 7), (1, 8), (1, 9), (1, 10), (1, 11), (2, 3), (2, 5), (2, 9), (2, 11), (3, 1), (3, 2), (3, 3), (3, 5), (3, 6), (3, 7), (3, 9), (3, 11), (4, 1), (4, 7), (4, 9), (4, 11), (5, 1), (5, 2), (5, 3), (5, 5), (5, 6), (5, 7), (5, 9), (5, 11), (6, 3), (6, 9), (6, 11), (7, 1), (7, 3), (7, 5), (7, 6), (7, 7), (7, 9), (7, 11), (8, 1), (8, 3), (8, 5), (8, 7), (8, 9), (9, 1), (9, 3), (9, 4), (9, 5), (9, 7), (9, 9), (9, 10), (9, 11), (10, 1), (10, 7), (10, 11), (11, 1), (11, 2), (11, 3), (11, 4), (11, 5), (11, 6), (11, 7), (11, 8), (11, 9), (11, 10), (11, 11), (11, 12)]","[(0, 0), (0, 1), (0, 2), (0, 3), (0, 4), (0, 5), (0, 6), (0, 7), (0, 8), (0, 9), (0, 10), (0, 11), (0, 12), (1, 4), (1, 12), (2, 0), (2, 1), (2, 2), (2, 4), (2, 6), (2, 7), (2, 8), (2, 10), (2, 12), (3, 0), (3, 4), (3, 8), (3, 10), (3, 12), (4, 0), (4, 2), (4, 3), (4, 4), (4, 5), (4, 6), (4, 8), (4, 10), (4, 12), (5, 0), (5, 4), (5, 8), (5, 10), (5, 12), (6, 0), (6, 1), (6, 2), (6, 4), (6, 5), (6, 6), (6, 7), (6, 8), (6, 10), (6, 12), (7, 0), (7, 2), (7, 4), (7, 8), (7, 10), (7, 12), (8, 0), (8, 2), (8, 4), (8, 6), (8, 8), (8, 10), (8, 11), (8, 12), (9, 0), (9, 2), (9, 6), (9, 8), (9, 12), (10, 0), (10, 2), (10, 3), (10, 4), (10, 5), (10, 6), (10, 8), (10, 9), (10, 10), (10, 12), (11, 0), (12, 0), (12, 1), (12, 2), (12, 3), (12, 4), (12, 5), (12, 6), (12, 7), (12, 8), (12, 9), (12, 10), (12, 11), (12, 12)]"
images/0056/maze_0056.jpg,"1;1;1;1;1;1;1;1;1;1;1
S;0;0;0;1;0;0;0;1;0;1
1;1;1;0;1;0;1;0;1;0;1
1;0;1;0;0;0;1;0;0;0;1
1;0;1;1;1;1;1;1;1;0;1
1;0;0;0;1;0;0;0;1;0;1
1;0;1;0;1;0;1;1;1;0;1
1;0;1;0;0;0;1;0;0;0;1
1;0;1;1;1;1;1;0;1;1;1
1;0;0;0;0;0;0;0;1;0;1
1;0;1;1;1;1;1;1;1;0;1
1;0;1;0;0;0;1;0;0;0;1
1;0;1;0;1;0;1;1;1;0;1
1;0;0;0;1;0;0;0;0;0;E
1;1;1;1;1;1;1;1;1;1;1","(1, 0)","(13, 10)",15x11,71,94,1,2,1,2,"[(1, 1)]","[(0, 0), (2, 0)]","[(13, 9)]","[(12, 10), (14, 10)]","[(1, 0), (1, 1), (1, 2), (1, 3), (1, 5), (1, 6), (1, 7), (1, 9), (2, 3), (2, 5), (2, 7), (2, 9), (3, 1), (3, 3), (3, 4), (3, 5), (3, 7), (3, 8), (3, 9), (4, 1), (4, 9), (5, 1), (5, 2), (5, 3), (5, 5), (5, 6), (5, 7), (5, 9), (6, 1), (6, 3), (6, 5), (6, 9), (7, 1), (7, 3), (7, 4), (7, 5), (7, 7), (7, 8), (7, 9), (8, 1), (8, 7), (9, 1), (9, 2), (9, 3), (9, 4), (9, 5), (9, 6), (9, 7), (9, 9), (10, 1), (10, 9), (11, 1), (11, 3), (11, 4), (11, 5), (11, 7), (11, 8), (11, 9), (12, 1), (12, 3), (12, 5), (12, 9), (13, 1), (13, 2), (13, 3), (13, 5), (13, 6), (13, 7), (13, 8), (13, 9), (13, 10)]","[(0, 0), (0, 1), (0, 2), (0, 3), (0, 4), (0, 5), (0, 6), (0, 7), (0, 8), (0, 9), (0, 10), (1, 4), (1, 8), (1, 10), (2, 0), (2, 1), (2, 2), (2, 4), (2, 6), (2, 8), (2, 10), (3, 0), (3, 2), (3, 6), (3, 10), (4, 0), (4, 2), (4, 3), (4, 4), (4, 5), (4, 6), (4, 7), (4, 8), (4, 10), (5, 0), (5, 4), (5, 8), (5, 10), (6, 0), (6, 2), (6, 4), (6, 6), (6, 7), (6, 8), (6, 10), (7, 0), (7, 2), (7, 6), (7, 10), (8, 0), (8, 2), (8, 3), (8, 4), (8, 5), (8, 6), (8, 8), (8, 9), (8, 10), (9, 0), (9, 8), (9, 10), (10, 0), (10, 2), (10, 3), (10, 4), (10, 5), (10, 6), (10, 7), (10, 8), (10, 10), (11, 0), (11, 2), (11, 6), (11, 10), (12, 0), (12, 2), (12, 4), (12, 6), (12, 7), (12, 8), (12, 10), (13, 0), (13, 4), (14, 0), (14, 1), (14, 2), (14, 3), (14, 4), (14, 5), (14, 6), (14, 7), (14, 8), (14, 9), (14, 10)]"
images/1292/maze_1292.jpg,"1;1;1;1;1;1;1;1;1;1;1
S;0;1;0;0;0;0;0;0;0;1
1;0;1;1;1;0;1;1;1;1;1
1;0;0;0;1;0;1;0;0;0;1
1;1;1;0;1;0;1;0;1;0;1
1;0;1;0;1;0;0;0;1;0;1
1;0;1;0;1;1;1;1;1;0;1
1;0;0;0;0;0;0;0;0;0;1
1;1;1;1;1;1;1;1;1;E;1","(1, 0)","(8, 9)",9x11,41,58,1,2,1,2,"[(1, 1)]","[(0, 0), (2, 0)]","[(7, 9)]","[(8, 8), (8, 10)]","[(1, 0), (1, 1), (1, 3), (1, 4), (1, 5), (1, 6), (1, 7), (1, 8), (1, 9), (2, 1), (2, 5), (3, 1), (3, 2), (3, 3), (3, 5), (3, 7), (3, 8), (3, 9), (4, 3), (4, 5), (4, 7), (4, 9), (5, 1), (5, 3), (5, 5), (5, 6), (5, 7), (5, 9), (6, 1), (6, 3), (6, 9), (7, 1), (7, 2), (7, 3), (7, 4), (7, 5), (7, 6), (7, 7), (7, 8), (7, 9), (8, 9)]","[(0, 0), (0, 1), (0, 2), (0, 3), (0, 4), (0, 5), (0, 6), (0, 7), (0, 8), (0, 9), (0, 10), (1, 2), (1, 10), (2, 0), (2, 2), (2, 3), (2, 4), (2, 6), (2, 7), (2, 8), (2, 9), (2, 10), (3, 0), (3, 4), (3, 6), (3, 10), (4, 0), (4, 1), (4, 2), (4, 4), (4, 6), (4, 8), (4, 10), (5, 0), (5, 2), (5, 4), (5, 8), (5, 10), (6, 0), (6, 2), (6, 4), (6, 5), (6, 6), (6, 7), (6, 8), (6, 10), (7, 0), (7, 10), (8, 0), (8, 1), (8, 2), (8, 3), (8, 4), (8, 5), (8, 6), (8, 7), (8, 8), (8, 10)]"
images/1118/maze_1118.jpg,"1;1;1;1;1;1;1;1;1
S;0;1;0;0;0;0;0;1
1;0;1;1;1;0;1;1;1
1;0;0;0;1;0;0;0;1
1;1;1;0;1;1;1;0;1
1;0;1;0;0;0;0;0;1
1;0;1;1;1;1;1;0;1
1;0;0;0;0;0;0;0;1
1;0;1;1;1;1;1;1;1
1;0;0;0;0;0;0;0;E
1;1;1;1;1;1;1;1;1","(1, 0)","(9, 8)",11x9,41,58,1,2,1,2,"[(1, 1)]","[(0, 0), (2, 0)]","[(9, 7)]","[(8, 8), (10, 8)]","[(1, 0), (1, 1), (1, 3), (1, 4), (1, 5), (1, 6), (1, 7), (2, 1), (2, 5), (3, 1), (3, 2), (3, 3), (3, 5), (3, 6), (3, 7), (4, 3), (4, 7), (5, 1), (5, 3), (5, 4), (5, 5), (5, 6), (5, 7), (6, 1), (6, 7), (7, 1), (7, 2), (7, 3), (7, 4), (7, 5), (7, 6), (7, 7), (8, 1), (9, 1), (9, 2), (9, 3), (9, 4), (9, 5), (9, 6), (9, 7), (9, 8)]","[(0, 0), (0, 1), (0, 2), (0, 3), (0, 4), (0, 5), (0, 6), (0, 7), (0, 8), (1, 2), (1, 8), (2, 0), (2, 2), (2, 3), (2, 4), (2, 6), (2, 7), (2, 8), (3, 0), (3, 4), (3, 8), (4, 0), (4, 1), (4, 2), (4, 4), (4, 5), (4, 6), (4, 8), (5, 0), (5, 2), (5, 8), (6, 0), (6, 2), (6, 3), (6, 4), (6, 5), (6, 6), (6, 8), (7, 0), (7, 8), (8, 0), (8, 2), (8, 3), (8, 4), (8, 5), (8, 6), (8, 7), (8, 8), (9, 0), (10, 0), (10, 1), (10, 2), (10, 3), (10, 4), (10, 5), (10, 6), (10, 7), (10, 8)]"
images/0584/maze_0584.jpg,"1;1;1;1;1;1;1
S;0;1;0;0;0;1
1;0;1;0;1;0;1
1;0;0;0;1;0;1
1;1;1;1;1;0;1
1;0;1;0;0;0;1
1;0;1;0;1;1;1
1;0;0;0;1;0;1
1;0;1;1;1;0;1
1;0;1;0;0;0;1
1;0;1;0;1;0;1
1;0;0;0;1;0;E
1;1;1;1;1;1;1","(1, 0)","(11, 6)",13x7,37,54,1,2,1,2,"[(1, 1)]","[(0, 0), (2, 0)]","[(11, 5)]","[(10, 6), (12, 6)]","[(1, 0), (1, 1), (1, 3), (1, 4), (1, 5), (2, 1), (2, 3), (2, 5), (3, 1), (3, 2), (3, 3), (3, 5), (4, 5), (5, 1), (5, 3), (5, 4), (5, 5), (6, 1), (6, 3), (7, 1), (7, 2), (7, 3), (7, 5), (8, 1), (8, 5), (9, 1), (9, 3), (9, 4), (9, 5), (10, 1), (10, 3), (10, 5), (11, 1), (11, 2), (11, 3), (11, 5), (11, 6)]","[(0, 0), (0, 1), (0, 2), (0, 3), (0, 4), (0, 5), (0, 6), (1, 2), (1, 6), (2, 0), (2, 2), (2, 4), (2, 6), (3, 0), (3, 4), (3, 6), (4, 0), (4, 1), (4, 2), (4, 3), (4, 4), (4, 6), (5, 0), (5, 2), (5, 6), (6, 0), (6, 2), (6, 4), (6, 5), (6, 6), (7, 0), (7, 4), (7, 6), (8, 0), (8, 2), (8, 3), (8, 4), (8, 6), (9, 0), (9, 2), (9, 6), (10, 0), (10, 2), (10, 4), (10, 6), (11, 0), (11, 4), (12, 0), (12, 1), (12, 2), (12, 3), (12, 4), (12, 5), (12, 6)]"
images/0374/maze_0374.jpg,"1;1;1;1;1;1;1;1;1;1;1;1;1;1;1
S;0;0;0;1;0;0;0;1;0;0;0;0;0;1
1;1;1;0;1;0;1;1;1;0;1;1;1;0;1
1;0;1;0;1;0;0;0;1;0;0;0;1;0;1
1;0;1;0;1;1;1;0;1;1;1;0;1;0;1
1;0;1;0;0;0;1;0;0;0;0;0;1;0;1
1;0;1;1;1;0;1;0;1;1;1;1;1;0;1
1;0;0;0;1;0;1;0;0;0;0;0;1;0;1
1;0;1;1;1;0;1;1;1;1;1;0;1;0;1
1;0;0;0;0;0;1;0;0;0;0;0;1;0;1
1;0;1;1;1;1;1;1;1;1;1;1;1;0;1
1;0;1;0;0;0;0;0;0;0;1;0;0;0;1
1;0;1;1;1;1;1;0;1;0;1;0;1;0;1
1;0;0;0;0;0;0;0;1;0;0;0;1;0;1
1;1;1;1;1;1;1;1;1;1;1;1;1;E;1","(1, 0)","(14, 13)",15x15,99,126,1,2,1,2,"[(1, 1)]","[(0, 0), (2, 0)]","[(13, 13)]","[(14, 12), (14, 14)]","[(1, 0), (1, 1), (1, 2), (1, 3), (1, 5), (1, 6), (1, 7), (1, 9), (1, 10), (1, 11), (1, 12), (1, 13), (2, 3), (2, 5), (2, 9), (2, 13), (3, 1), (3, 3), (3, 5), (3, 6), (3, 7), (3, 9), (3, 10), (3, 11), (3, 13), (4, 1), (4, 3), (4, 7), (4, 11), (4, 13), (5, 1), (5, 3), (5, 4), (5, 5), (5, 7), (5, 8), (5, 9), (5, 10), (5, 11), (5, 13), (6, 1), (6, 5), (6, 7), (6, 13), (7, 1), (7, 2), (7, 3), (7, 5), (7, 7), (7, 8), (7, 9), (7, 10), (7, 11), (7, 13), (8, 1), (8, 5), (8, 11), (8, 13), (9, 1), (9, 2), (9, 3), (9, 4), (9, 5), (9, 7), (9, 8), (9, 9), (9, 10), (9, 11), (9, 13), (10, 1), (10, 13), (11, 1), (11, 3), (11, 4), (11, 5), (11, 6), (11, 7), (11, 8), (11, 9), (11, 11), (11, 12), (11, 13), (12, 1), (12, 7), (12, 9), (12, 11), (12, 13), (13, 1), (13, 2), (13, 3), (13, 4), (13, 5), (13, 6), (13, 7), (13, 9), (13, 10), (13, 11), (13, 13), (14, 13)]","[(0, 0), (0, 1), (0, 2), (0, 3), (0, 4), (0, 5), (0, 6), (0, 7), (0, 8), (0, 9), (0, 10), (0, 11), (0, 12), (0, 13), (0, 14), (1, 4), (1, 8), (1, 14), (2, 0), (2, 1), (2, 2), (2, 4), (2, 6), (2, 7), (2, 8), (2, 10), (2, 11), (2, 12), (2, 14), (3, 0), (3, 2), (3, 4), (3, 8), (3, 12), (3, 14), (4, 0), (4, 2), (4, 4), (4, 5), (4, 6), (4, 8), (4, 9), (4, 10), (4, 12), (4, 14), (5, 0), (5, 2), (5, 6), (5, 12), (5, 14), (6, 0), (6, 2), (6, 3), (6, 4), (6, 6), (6, 8), (6, 9), (6, 10), (6, 11), (6, 12), (6, 14), (7, 0), (7, 4), (7, 6), (7, 12), (7, 14), (8, 0), (8, 2), (8, 3), (8, 4), (8, 6), (8, 7), (8, 8), (8, 9), (8, 10), (8, 12), (8, 14), (9, 0), (9, 6), (9, 12), (9, 14), (10, 0), (10, 2), (10, 3), (10, 4), (10, 5), (10, 6), (10, 7), (10, 8), (10, 9), (10, 10), (10, 11), (10, 12), (10, 14), (11, 0), (11, 2), (11, 10), (11, 14), (12, 0), (12, 2), (12, 3), (12, 4), (12, 5), (12, 6), (12, 8), (12, 10), (12, 12), (12, 14), (13, 0), (13, 8), (13, 12), (13, 14), (14, 0), (14, 1), (14, 2), (14, 3), (14, 4), (14, 5), (14, 6), (14, 7), (14, 8), (14, 9), (14, 10), (14, 11), (14, 12), (14, 14)]"
images/0275/maze_0275.jpg,"1;1;1;1;1;1;1
S;0;0;0;0;0;1
1;1;1;1;1;0;1
1;0;0;0;1;0;1
1;0;1;1;1;0;1
1;0;1;0;0;0;1
1;0;1;0;1;1;1
1;0;1;0;0;0;1
1;0;1;1;1;0;1
1;0;0;0;0;0;1
1;0;1;1;1;1;1
1;0;1;0;0;0;1
1;0;1;0;1;0;1
1;0;0;0;1;0;E
1;1;1;1;1;1;1","(1, 0)","(13, 6)",15x7,43,62,1,2,1,2,"[(1, 1)]","[(0, 0), (2, 0)]","[(13, 5)]","[(12, 6), (14, 6)]","[(1, 0), (1, 1), (1, 2), (1, 3), (1, 4), (1, 5), (2, 5), (3, 1), (3, 2), (3, 3), (3, 5), (4, 1), (4, 5), (5, 1), (5, 3), (5, 4), (5, 5), (6, 1), (6, 3), (7, 1), (7, 3), (7, 4), (7, 5), (8, 1), (8, 5), (9, 1), (9, 2), (9, 3), (9, 4), (9, 5), (10, 1), (11, 1), (11, 3), (11, 4), (11, 5), (12, 1), (12, 3), (12, 5), (13, 1), (13, 2), (13, 3), (13, 5), (13, 6)]","[(0, 0), (0, 1), (0, 2), (0, 3), (0, 4), (0, 5), (0, 6), (1, 6), (2, 0), (2, 1), (2, 2), (2, 3), (2, 4), (2, 6), (3, 0), (3, 4), (3, 6), (4, 0), (4, 2), (4, 3), (4, 4), (4, 6), (5, 0), (5, 2), (5, 6), (6, 0), (6, 2), (6, 4), (6, 5), (6, 6), (7, 0), (7, 2), (7, 6), (8, 0), (8, 2), (8, 3), (8, 4), (8, 6), (9, 0), (9, 6), (10, 0), (10, 2), (10, 3), (10, 4), (10, 5), (10, 6), (11, 0), (11, 2), (11, 6), (12, 0), (12, 2), (12, 4), (12, 6), (13, 0), (13, 4), (14, 0), (14, 1), (14, 2), (14, 3), (14, 4), (14, 5), (14, 6)]"
images/0746/maze_0746.jpg,"1;1;1;1;1;1;1;1;1
S;0;1;0;0;0;0;0;1
1;0;1;1;1;1;1;0;1
1;0;0;0;0;0;0;0;1
1;1;1;1;1;1;1;0;1
1;0;0;0;0;0;1;0;1
1;0;1;1;1;0;1;0;1
1;0;0;0;1;0;1;0;1
1;1;1;1;1;0;1;0;1
1;0;0;0;0;0;1;0;1
1;0;1;1;1;1;1;0;1
1;0;0;0;0;0;0;0;1
1;1;1;1;1;1;1;E;1","(1, 0)","(12, 7)",13x9,49,68,1,2,1,2,"[(1, 1)]","[(0, 0), (2, 0)]","[(11, 7)]","[(12, 6), (12, 8)]","[(1, 0), (1, 1), (1, 3), (1, 4), (1, 5), (1, 6), (1, 7), (2, 1), (2, 7), (3, 1), (3, 2), (3, 3), (3, 4), (3, 5), (3, 6), (3, 7), (4, 7), (5, 1), (5, 2), (5, 3), (5, 4), (5, 5), (5, 7), (6, 1), (6, 5), (6, 7), (7, 1), (7, 2), (7, 3), (7, 5), (7, 7), (8, 5), (8, 7), (9, 1), (9, 2), (9, 3), (9, 4), (9, 5), (9, 7), (10, 1), (10, 7), (11, 1), (11, 2), (11, 3), (11, 4), (11, 5), (11, 6), (11, 7), (12, 7)]","[(0, 0), (0, 1), (0, 2), (0, 3), (0, 4), (0, 5), (0, 6), (0, 7), (0, 8), (1, 2), (1, 8), (2, 0), (2, 2), (2, 3), (2, 4), (2, 5), (2, 6), (2, 8), (3, 0), (3, 8), (4, 0), (4, 1), (4, 2), (4, 3), (4, 4), (4, 5), (4, 6), (4, 8), (5, 0), (5, 6), (5, 8), (6, 0), (6, 2), (6, 3), (6, 4), (6, 6), (6, 8), (7, 0), (7, 4), (7, 6), (7, 8), (8, 0), (8, 1), (8, 2), (8, 3), (8, 4), (8, 6), (8, 8), (9, 0), (9, 6), (9, 8), (10, 0), (10, 2), (10, 3), (10, 4), (10, 5), (10, 6), (10, 8), (11, 0), (11, 8), (12, 0), (12, 1), (12, 2), (12, 3), (12, 4), (12, 5), (12, 6), (12, 8)]"
images/0128/maze_0128.jpg,"1;1;1;1;1;1;1;1;1;1;1;1;1;1;1
S;0;0;0;1;0;0;0;0;0;1;0;0;0;1
1;1;1;0;1;0;1;0;1;1;1;0;1;0;1
1;0;0;0;1;0;1;0;0;0;0;0;1;0;1
1;0;1;1;1;1;1;0;1;1;1;1;1;0;1
1;0;1;0;0;0;1;0;1;0;0;0;0;0;1
1;0;1;0;1;0;1;1;1;0;1;1;1;0;1
1;0;0;0;1;0;0;0;0;0;1;0;0;0;1
1;1;1;1;1;1;1;1;1;1;1;1;1;E;1","(1, 0)","(8, 13)",9x15,57,78,1,2,1,2,"[(1, 1)]","[(0, 0), (2, 0)]","[(7, 13)]","[(8, 12), (8, 14)]","[(1, 0), (1, 1), (1, 2), (1, 3), (1, 5), (1, 6), (1, 7), (1, 8), (1, 9), (1, 11), (1, 12), (1, 13), (2, 3), (2, 5), (2, 7), (2, 11), (2, 13), (3, 1), (3, 2), (3, 3), (3, 5), (3, 7), (3, 8), (3, 9), (3, 10), (3, 11), (3, 13), (4, 1), (4, 7), (4, 13), (5, 1), (5, 3), (5, 4), (5, 5), (5, 7), (5, 9), (5, 10), (5, 11), (5, 12), (5, 13), (6, 1), (6, 3), (6, 5), (6, 9), (6, 13), (7, 1), (7, 2), (7, 3), (7, 5), (7, 6), (7, 7), (7, 8), (7, 9), (7, 11), (7, 12), (7, 13), (8, 13)]","[(0, 0), (0, 1), (0, 2), (0, 3), (0, 4), (0, 5), (0, 6), (0, 7), (0, 8), (0, 9), (0, 10), (0, 11), (0, 12), (0, 13), (0, 14), (1, 4), (1, 10), (1, 14), (2, 0), (2, 1), (2, 2), (2, 4), (2, 6), (2, 8), (2, 9), (2, 10), (2, 12), (2, 14), (3, 0), (3, 4), (3, 6), (3, 12), (3, 14), (4, 0), (4, 2), (4, 3), (4, 4), (4, 5), (4, 6), (4, 8), (4, 9), (4, 10), (4, 11), (4, 12), (4, 14), (5, 0), (5, 2), (5, 6), (5, 8), (5, 14), (6, 0), (6, 2), (6, 4), (6, 6), (6, 7), (6, 8), (6, 10), (6, 11), (6, 12), (6, 14), (7, 0), (7, 4), (7, 10), (7, 14), (8, 0), (8, 1), (8, 2), (8, 3), (8, 4), (8, 5), (8, 6), (8, 7), (8, 8), (8, 9), (8, 10), (8, 11), (8, 12), (8, 14)]"
images/1646/maze_1646.jpg,"1;1;1;1;1;1;1;1;1
S;0;1;0;0;0;0;0;1
1;0;1;1;1;0;1;1;1
1;0;0;0;1;0;0;0;1
1;1;1;0;1;1;1;0;1
1;0;0;0;0;0;0;0;1
1;1;1;1;1;1;1;E;1","(1, 0)","(6, 7)",7x9,25,38,1,2,1,2,"[(1, 1)]","[(0, 0), (2, 0)]","[(5, 7)]","[(6, 6), (6, 8)]","[(1, 0), (1, 1), (1, 3), (1, 4), (1, 5), (1, 6), (1, 7), (2, 1), (2, 5), (3, 1), (3, 2), (3, 3), (3, 5), (3, 6), (3, 7), (4, 3), (4, 7), (5, 1), (5, 2), (5, 3), (5, 4), (5, 5), (5, 6), (5, 7), (6, 7)]","[(0, 0), (0, 1), (0, 2), (0, 3), (0, 4), (0, 5), (0, 6), (0, 7), (0, 8), (1, 2), (1, 8), (2, 0), (2, 2), (2, 3), (2, 4), (2, 6), (2, 7), (2, 8), (3, 0), (3, 4), (3, 8), (4, 0), (4, 1), (4, 2), (4, 4), (4, 5), (4, 6), (4, 8), (5, 0), (5, 8), (6, 0), (6, 1), (6, 2), (6, 3), (6, 4), (6, 5), (6, 6), (6, 8)]"
images/1852/maze_1852.jpg,"1;1;1;1;1;1;1
S;0;1;0;0;0;1
1;0;1;1;1;0;1
1;0;0;0;0;0;1
1;1;1;1;1;0;1
1;0;0;0;1;0;1
1;0;1;1;1;0;1
1;0;1;0;0;0;1
1;0;1;0;1;1;1
1;0;0;0;0;0;E
1;1;1;1;1;1;1","(1, 0)","(9, 6)",11x7,31,46,1,2,1,2,"[(1, 1)]","[(0, 0), (2, 0)]","[(9, 5)]","[(8, 6), (10, 6)]","[(1, 0), (1, 1), (1, 3), (1, 4), (1, 5), (2, 1), (2, 5), (3, 1), (3, 2), (3, 3), (3, 4), (3, 5), (4, 5), (5, 1), (5, 2), (5, 3), (5, 5), (6, 1), (6, 5), (7, 1), (7, 3), (7, 4), (7, 5), (8, 1), (8, 3), (9, 1), (9, 2), (9, 3), (9, 4), (9, 5), (9, 6)]","[(0, 0), (0, 1), (0, 2), (0, 3), (0, 4), (0, 5), (0, 6), (1, 2), (1, 6), (2, 0), (2, 2), (2, 3), (2, 4), (2, 6), (3, 0), (3, 6), (4, 0), (4, 1), (4, 2), (4, 3), (4, 4), (4, 6), (5, 0), (5, 4), (5, 6), (6, 0), (6, 2), (6, 3), (6, 4), (6, 6), (7, 0), (7, 2), (7, 6), (8, 0), (8, 2), (8, 4), (8, 5), (8, 6), (9, 0), (10, 0), (10, 1), (10, 2), (10, 3), (10, 4), (10, 5), (10, 6)]"
images/0674/maze_0674.jpg,"1;1;1;1;1;1;1
S;0;0;0;1;0;1
1;1;1;0;1;0;1
1;0;1;0;1;0;1
1;0;1;0;1;0;1
1;0;1;0;1;0;1
1;0;1;0;1;0;1
1;0;0;0;1;0;1
1;0;1;1;1;0;1
1;0;0;0;0;0;E
1;1;1;1;1;1;1","(1, 0)","(9, 6)",11x7,31,46,1,2,1,2,"[(1, 1)]","[(0, 0), (2, 0)]","[(9, 5)]","[(8, 6), (10, 6)]","[(1, 0), (1, 1), (1, 2), (1, 3), (1, 5), (2, 3), (2, 5), (3, 1), (3, 3), (3, 5), (4, 1), (4, 3), (4, 5), (5, 1), (5, 3), (5, 5), (6, 1), (6, 3), (6, 5), (7, 1), (7, 2), (7, 3), (7, 5), (8, 1), (8, 5), (9, 1), (9, 2), (9, 3), (9, 4), (9, 5), (9, 6)]","[(0, 0), (0, 1), (0, 2), (0, 3), (0, 4), (0, 5), (0, 6), (1, 4), (1, 6), (2, 0), (2, 1), (2, 2), (2, 4), (2, 6), (3, 0), (3, 2), (3, 4), (3, 6), (4, 0), (4, 2), (4, 4), (4, 6), (5, 0), (5, 2), (5, 4), (5, 6), (6, 0), (6, 2), (6, 4), (6, 6), (7, 0), (7, 4), (7, 6), (8, 0), (8, 2), (8, 3), (8, 4), (8, 6), (9, 0), (10, 0), (10, 1), (10, 2), (10, 3), (10, 4), (10, 5), (10, 6)]"
images/1664/maze_1664.jpg,"1;1;1;1;1;1;1;1;1;1;1;1;1
S;0;1;0;0;0;0;0;1;0;0;0;1
1;0;1;0;1;1;1;0;1;0;1;1;1
1;0;0;0;1;0;0;0;1;0;0;0;1
1;1;1;1;1;0;1;1;1;1;1;0;1
1;0;0;0;0;0;1;0;0;0;0;0;1
1;0;1;1;1;1;1;0;1;1;1;0;1
1;0;0;0;0;0;1;0;1;0;0;0;1
1;1;1;1;1;0;1;0;1;0;1;1;1
1;0;0;0;1;0;1;0;1;0;0;0;1
1;0;1;0;1;0;1;0;1;1;1;0;1
1;0;1;0;0;0;0;0;1;0;0;0;1
1;1;1;1;1;1;1;1;1;1;1;E;1","(1, 0)","(12, 11)",13x13,73,96,1,2,1,2,"[(1, 1)]","[(0, 0), (2, 0)]","[(11, 11)]","[(12, 10), (12, 12)]","[(1, 0), (1, 1), (1, 3), (1, 4), (1, 5), (1, 6), (1, 7), (1, 9), (1, 10), (1, 11), (2, 1), (2, 3), (2, 7), (2, 9), (3, 1), (3, 2), (3, 3), (3, 5), (3, 6), (3, 7), (3, 9), (3, 10), (3, 11), (4, 5), (4, 11), (5, 1), (5, 2), (5, 3), (5, 4), (5, 5), (5, 7), (5, 8), (5, 9), (5, 10), (5, 11), (6, 1), (6, 7), (6, 11), (7, 1), (7, 2), (7, 3), (7, 4), (7, 5), (7, 7), (7, 9), (7, 10), (7, 11), (8, 5), (8, 7), (8, 9), (9, 1), (9, 2), (9, 3), (9, 5), (9, 7), (9, 9), (9, 10), (9, 11), (10, 1), (10, 3), (10, 5), (10, 7), (10, 11), (11, 1), (11, 3), (11, 4), (11, 5), (11, 6), (11, 7), (11, 9), (11, 10), (11, 11), (12, 11)]","[(0, 0), (0, 1), (0, 2), (0, 3), (0, 4), (0, 5), (0, 6), (0, 7), (0, 8), (0, 9), (0, 10), (0, 11), (0, 12), (1, 2), (1, 8), (1, 12), (2, 0), (2, 2), (2, 4), (2, 5), (2, 6), (2, 8), (2, 10), (2, 11), (2, 12), (3, 0), (3, 4), (3, 8), (3, 12), (4, 0), (4, 1), (4, 2), (4, 3), (4, 4), (4, 6), (4, 7), (4, 8), (4, 9), (4, 10), (4, 12), (5, 0), (5, 6), (5, 12), (6, 0), (6, 2), (6, 3), (6, 4), (6, 5), (6, 6), (6, 8), (6, 9), (6, 10), (6, 12), (7, 0), (7, 6), (7, 8), (7, 12), (8, 0), (8, 1), (8, 2), (8, 3), (8, 4), (8, 6), (8, 8), (8, 10), (8, 11), (8, 12), (9, 0), (9, 4), (9, 6), (9, 8), (9, 12), (10, 0), (10, 2), (10, 4), (10, 6), (10, 8), (10, 9), (10, 10), (10, 12), (11, 0), (11, 2), (11, 8), (11, 12), (12, 0), (12, 1), (12, 2), (12, 3), (12, 4), (12, 5), (12, 6), (12, 7), (12, 8), (12, 9), (12, 10), (12, 12)]"
images/1981/maze_1981.jpg,"1;1;1;1;1;1;1;1;1
S;0;1;0;0;0;0;0;1
1;0;1;1;1;1;1;0;1
1;0;0;0;0;0;1;0;1
1;1;1;1;1;0;1;0;1
1;0;0;0;1;0;0;0;1
1;0;1;1;1;1;1;0;1
1;0;1;0;0;0;1;0;1
1;0;1;0;1;0;1;0;1
1;0;0;0;1;0;0;0;1
1;1;1;1;1;1;1;E;1","(1, 0)","(10, 7)",11x9,41,58,1,2,1,2,"[(1, 1)]","[(0, 0), (2, 0)]","[(9, 7)]","[(10, 6), (10, 8)]","[(1, 0), (1, 1), (1, 3), (1, 4), (1, 5), (1, 6), (1, 7), (2, 1), (2, 7), (3, 1), (3, 2), (3, 3), (3, 4), (3, 5), (3, 7), (4, 5), (4, 7), (5, 1), (5, 2), (5, 3), (5, 5), (5, 6), (5, 7), (6, 1), (6, 7), (7, 1), (7, 3), (7, 4), (7, 5), (7, 7), (8, 1), (8, 3), (8, 5), (8, 7), (9, 1), (9, 2), (9, 3), (9, 5), (9, 6), (9, 7), (10, 7)]","[(0, 0), (0, 1), (0, 2), (0, 3), (0, 4), (0, 5), (0, 6), (0, 7), (0, 8), (1, 2), (1, 8), (2, 0), (2, 2), (2, 3), (2, 4), (2, 5), (2, 6), (2, 8), (3, 0), (3, 6), (3, 8), (4, 0), (4, 1), (4, 2), (4, 3), (4, 4), (4, 6), (4, 8), (5, 0), (5, 4), (5, 8), (6, 0), (6, 2), (6, 3), (6, 4), (6, 5), (6, 6), (6, 8), (7, 0), (7, 2), (7, 6), (7, 8), (8, 0), (8, 2), (8, 4), (8, 6), (8, 8), (9, 0), (9, 4), (9, 8), (10, 0), (10, 1), (10, 2), (10, 3), (10, 4), (10, 5), (10, 6), (10, 8)]"
images/1083/maze_1083.jpg,"1;1;1;1;1;1;1;1;1;1;1
S;0;1;0;0;0;0;0;0;0;1
1;0;1;0;1;1;1;1;1;0;1
1;0;1;0;1;0;0;0;0;0;1
1;0;1;0;1;1;1;1;1;1;1
1;0;1;0;0;0;0;0;0;0;1
1;0;1;1;1;1;1;1;1;0;1
1;0;0;0;1;0;0;0;0;0;1
1;1;1;0;1;0;1;1;1;0;1
1;0;0;0;1;0;1;0;1;0;1
1;0;1;1;1;0;1;0;1;0;1
1;0;0;0;0;0;1;0;1;0;1
1;1;1;1;1;1;1;0;1;0;1
1;0;0;0;0;0;0;0;0;0;E
1;1;1;1;1;1;1;1;1;1;1","(1, 0)","(13, 10)",15x11,71,94,1,2,1,2,"[(1, 1)]","[(0, 0), (2, 0)]","[(13, 9)]","[(12, 10), (14, 10)]","[(1, 0), (1, 1), (1, 3), (1, 4), (1, 5), (1, 6), (1, 7), (1, 8), (1, 9), (2, 1), (2, 3), (2, 9), (3, 1), (3, 3), (3, 5), (3, 6), (3, 7), (3, 8), (3, 9), (4, 1), (4, 3), (5, 1), (5, 3), (5, 4), (5, 5), (5, 6), (5, 7), (5, 8), (5, 9), (6, 1), (6, 9), (7, 1), (7, 2), (7, 3), (7, 5), (7, 6), (7, 7), (7, 8), (7, 9), (8, 3), (8, 5), (8, 9), (9, 1), (9, 2), (9, 3), (9, 5), (9, 7), (9, 9), (10, 1), (10, 5), (10, 7), (10, 9), (11, 1), (11, 2), (11, 3), (11, 4), (11, 5), (11, 7), (11, 9), (12, 7), (12, 9), (13, 1), (13, 2), (13, 3), (13, 4), (13, 5), (13, 6), (13, 7), (13, 8), (13, 9), (13, 10)]","[(0, 0), (0, 1), (0, 2), (0, 3), (0, 4), (0, 5), (0, 6), (0, 7), (0, 8), (0, 9), (0, 10), (1, 2), (1, 10), (2, 0), (2, 2), (2, 4), (2, 5), (2, 6), (2, 7), (2, 8), (2, 10), (3, 0), (3, 2), (3, 4), (3, 10), (4, 0), (4, 2), (4, 4), (4, 5), (4, 6), (4, 7), (4, 8), (4, 9), (4, 10), (5, 0), (5, 2), (5, 10), (6, 0), (6, 2), (6, 3), (6, 4), (6, 5), (6, 6), (6, 7), (6, 8), (6, 10), (7, 0), (7, 4), (7, 10), (8, 0), (8, 1), (8, 2), (8, 4), (8, 6), (8, 7), (8, 8), (8, 10), (9, 0), (9, 4), (9, 6), (9, 8), (9, 10), (10, 0), (10, 2), (10, 3), (10, 4), (10, 6), (10, 8), (10, 10), (11, 0), (11, 6), (11, 8), (11, 10), (12, 0), (12, 1), (12, 2), (12, 3), (12, 4), (12, 5), (12, 6), (12, 8), (12, 10), (13, 0), (14, 0), (14, 1), (14, 2), (14, 3), (14, 4), (14, 5), (14, 6), (14, 7), (14, 8), (14, 9), (14, 10)]"
images/1922/maze_1922.jpg,"1;1;1;1;1;1;1;1;1
S;0;0;0;1;0;0;0;1
1;1;1;0;1;1;1;0;1
1;0;1;0;0;0;0;0;1
1;0;1;1;1;1;1;0;1
1;0;1;0;0;0;1;0;1
1;0;1;0;1;0;1;0;1
1;0;0;0;1;0;0;0;E
1;1;1;1;1;1;1;1;1","(1, 0)","(7, 8)",9x9,33,48,1,2,1,2,"[(1, 1)]","[(0, 0), (2, 0)]","[(7, 7)]","[(6, 8), (8, 8)]","[(1, 0), (1, 1), (1, 2), (1, 3), (1, 5), (1, 6), (1, 7), (2, 3), (2, 7), (3, 1), (3, 3), (3, 4), (3, 5), (3, 6), (3, 7), (4, 1), (4, 7), (5, 1), (5, 3), (5, 4), (5, 5), (5, 7), (6, 1), (6, 3), (6, 5), (6, 7), (7, 1), (7, 2), (7, 3), (7, 5), (7, 6), (7, 7), (7, 8)]","[(0, 0), (0, 1), (0, 2), (0, 3), (0, 4), (0, 5), (0, 6), (0, 7), (0, 8), (1, 4), (1, 8), (2, 0), (2, 1), (2, 2), (2, 4), (2, 5), (2, 6), (2, 8), (3, 0), (3, 2), (3, 8), (4, 0), (4, 2), (4, 3), (4, 4), (4, 5), (4, 6), (4, 8), (5, 0), (5, 2), (5, 6), (5, 8), (6, 0), (6, 2), (6, 4), (6, 6), (6, 8), (7, 0), (7, 4), (8, 0), (8, 1), (8, 2), (8, 3), (8, 4), (8, 5), (8, 6), (8, 7), (8, 8)]"
images/0099/maze_0099.jpg,"1;1;1;1;1;1;1;1;1;1;1;1;1
S;0;1;0;0;0;0;0;1;0;0;0;1
1;0;1;0;1;1;1;0;1;1;1;0;1
1;0;0;0;1;0;1;0;1;0;0;0;1
1;1;1;1;1;0;1;0;1;0;1;0;1
1;0;0;0;0;0;1;0;1;0;1;0;1
1;0;1;1;1;0;1;0;1;0;1;0;1
1;0;0;0;1;0;0;0;0;0;1;0;E
1;1;1;1;1;1;1;1;1;1;1;1;1","(1, 0)","(7, 12)",9x13,49,68,1,2,1,2,"[(1, 1)]","[(0, 0), (2, 0)]","[(7, 11)]","[(6, 12), (8, 12)]","[(1, 0), (1, 1), (1, 3), (1, 4), (1, 5), (1, 6), (1, 7), (1, 9), (1, 10), (1, 11), (2, 1), (2, 3), (2, 7), (2, 11), (3, 1), (3, 2), (3, 3), (3, 5), (3, 7), (3, 9), (3, 10), (3, 11), (4, 5), (4, 7), (4, 9), (4, 11), (5, 1), (5, 2), (5, 3), (5, 4), (5, 5), (5, 7), (5, 9), (5, 11), (6, 1), (6, 5), (6, 7), (6, 9), (6, 11), (7, 1), (7, 2), (7, 3), (7, 5), (7, 6), (7, 7), (7, 8), (7, 9), (7, 11), (7, 12)]","[(0, 0), (0, 1), (0, 2), (0, 3), (0, 4), (0, 5), (0, 6), (0, 7), (0, 8), (0, 9), (0, 10), (0, 11), (0, 12), (1, 2), (1, 8), (1, 12), (2, 0), (2, 2), (2, 4), (2, 5), (2, 6), (2, 8), (2, 9), (2, 10), (2, 12), (3, 0), (3, 4), (3, 6), (3, 8), (3, 12), (4, 0), (4, 1), (4, 2), (4, 3), (4, 4), (4, 6), (4, 8), (4, 10), (4, 12), (5, 0), (5, 6), (5, 8), (5, 10), (5, 12), (6, 0), (6, 2), (6, 3), (6, 4), (6, 6), (6, 8), (6, 10), (6, 12), (7, 0), (7, 4), (7, 10), (8, 0), (8, 1), (8, 2), (8, 3), (8, 4), (8, 5), (8, 6), (8, 7), (8, 8), (8, 9), (8, 10), (8, 11), (8, 12)]"
images/1179/maze_1179.jpg,"1;1;1;1;1;1;1
S;0;0;0;1;0;1
1;1;1;0;1;0;1
1;0;0;0;1;0;1
1;0;1;1;1;0;1
1;0;1;0;0;0;1
1;0;1;0;1;0;1
1;0;0;0;1;0;1
1;1;1;1;1;E;1","(1, 0)","(8, 5)",9x7,25,38,1,2,1,2,"[(1, 1)]","[(0, 0), (2, 0)]","[(7, 5)]","[(8, 4), (8, 6)]","[(1, 0), (1, 1), (1, 2), (1, 3), (1, 5), (2, 3), (2, 5), (3, 1), (3, 2), (3, 3), (3, 5), (4, 1), (4, 5), (5, 1), (5, 3), (5, 4), (5, 5), (6, 1), (6, 3), (6, 5), (7, 1), (7, 2), (7, 3), (7, 5), (8, 5)]","[(0, 0), (0, 1), (0, 2), (0, 3), (0, 4), (0, 5), (0, 6), (1, 4), (1, 6), (2, 0), (2, 1), (2, 2), (2, 4), (2, 6), (3, 0), (3, 4), (3, 6), (4, 0), (4, 2), (4, 3), (4, 4), (4, 6), (5, 0), (5, 2), (5, 6), (6, 0), (6, 2), (6, 4), (6, 6), (7, 0), (7, 4), (7, 6), (8, 0), (8, 1), (8, 2), (8, 3), (8, 4), (8, 6)]"
images/0964/maze_0964.jpg,"1;1;1;1;1;1;1;1;1;1;1;1;1;1;1
S;0;0;0;0;0;1;0;1;0;0;0;0;0;1
1;1;1;1;1;0;1;0;1;0;1;0;1;1;1
1;0;0;0;1;0;1;0;0;0;1;0;0;0;1
1;1;1;0;1;0;1;0;1;1;1;1;1;0;1
1;0;0;0;1;0;1;0;0;0;0;0;1;0;1
1;0;1;1;1;0;1;1;1;1;1;1;1;0;1
1;0;0;0;0;0;1;0;0;0;0;0;0;0;1
1;0;1;1;1;1;1;0;1;1;1;1;1;1;1
1;0;0;0;0;0;1;0;0;0;0;0;0;0;1
1;1;1;1;1;0;1;0;1;1;1;1;1;0;1
1;0;0;0;0;0;1;0;1;0;0;0;0;0;1
1;0;1;1;1;1;1;1;1;0;1;1;1;0;1
1;0;0;0;0;0;0;0;0;0;1;0;0;0;E
1;1;1;1;1;1;1;1;1;1;1;1;1;1;1","(1, 0)","(13, 14)",15x15,99,126,1,2,1,2,"[(1, 1)]","[(0, 0), (2, 0)]","[(13, 13)]","[(12, 14), (14, 14)]","[(1, 0), (1, 1), (1, 2), (1, 3), (1, 4), (1, 5), (1, 7), (1, 9), (1, 10), (1, 11), (1, 12), (1, 13), (2, 5), (2, 7), (2, 9), (2, 11), (3, 1), (3, 2), (3, 3), (3, 5), (3, 7), (3, 8), (3, 9), (3, 11), (3, 12), (3, 13), (4, 3), (4, 5), (4, 7), (4, 13), (5, 1), (5, 2), (5, 3), (5, 5), (5, 7), (5, 8), (5, 9), (5, 10), (5, 11), (5, 13), (6, 1), (6, 5), (6, 13), (7, 1), (7, 2), (7, 3), (7, 4), (7, 5), (7, 7), (7, 8), (7, 9), (7, 10), (7, 11), (7, 12), (7, 13), (8, 1), (8, 7), (9, 1), (9, 2), (9, 3), (9, 4), (9, 5), (9, 7), (9, 8), (9, 9), (9, 10), (9, 11), (9, 12), (9, 13), (10, 5), (10, 7), (10, 13), (11, 1), (11, 2), (11, 3), (11, 4), (11, 5), (11, 7), (11, 9), (11, 10), (11, 11), (11, 12), (11, 13), (12, 1), (12, 9), (12, 13), (13, 1), (13, 2), (13, 3), (13, 4), (13, 5), (13, 6), (13, 7), (13, 8), (13, 9), (13, 11), (13, 12), (13, 13), (13, 14)]","[(0, 0), (0, 1), (0, 2), (0, 3), (0, 4), (0, 5), (0, 6), (0, 7), (0, 8), (0, 9), (0, 10), (0, 11), (0, 12), (0, 13), (0, 14), (1, 6), (1, 8), (1, 14), (2, 0), (2, 1), (2, 2), (2, 3), (2, 4), (2, 6), (2, 8), (2, 10), (2, 12), (2, 13), (2, 14), (3, 0), (3, 4), (3, 6), (3, 10), (3, 14), (4, 0), (4, 1), (4, 2), (4, 4), (4, 6), (4, 8), (4, 9), (4, 10), (4, 11), (4, 12), (4, 14), (5, 0), (5, 4), (5, 6), (5, 12), (5, 14), (6, 0), (6, 2), (6, 3), (6, 4), (6, 6), (6, 7), (6, 8), (6, 9), (6, 10), (6, 11), (6, 12), (6, 14), (7, 0), (7, 6), (7, 14), (8, 0), (8, 2), (8, 3), (8, 4), (8, 5), (8, 6), (8, 8), (8, 9), (8, 10), (8, 11), (8, 12), (8, 13), (8, 14), (9, 0), (9, 6), (9, 14), (10, 0), (10, 1), (10, 2), (10, 3), (10, 4), (10, 6), (10, 8), (10, 9), (10, 10), (10, 11), (10, 12), (10, 14), (11, 0), (11, 6), (11, 8), (11, 14), (12, 0), (12, 2), (12, 3), (12, 4), (12, 5), (12, 6), (12, 7), (12, 8), (12, 10), (12, 11), (12, 12), (12, 14), (13, 0), (13, 10), (14, 0), (14, 1), (14, 2), (14, 3), (14, 4), (14, 5), (14, 6), (14, 7), (14, 8), (14, 9), (14, 10), (14, 11), (14, 12), (14, 13), (14, 14)]"
images/0792/maze_0792.jpg,"1;1;1;1;1;1;1
S;0;0;0;1;0;1
1;1;1;0;1;0;1
1;0;1;0;1;0;1
1;0;1;0;1;0;1
1;0;1;0;0;0;1
1;0;1;1;1;0;1
1;0;1;0;0;0;1
1;0;1;0;1;1;1
1;0;0;0;1;0;1
1;0;1;1;1;0;1
1;0;1;0;0;0;1
1;0;1;0;1;0;1
1;0;0;0;1;0;1
1;1;1;1;1;E;1","(1, 0)","(14, 5)",15x7,43,62,1,2,1,2,"[(1, 1)]","[(0, 0), (2, 0)]","[(13, 5)]","[(14, 4), (14, 6)]","[(1, 0), (1, 1), (1, 2), (1, 3), (1, 5), (2, 3), (2, 5), (3, 1), (3, 3), (3, 5), (4, 1), (4, 3), (4, 5), (5, 1), (5, 3), (5, 4), (5, 5), (6, 1), (6, 5), (7, 1), (7, 3), (7, 4), (7, 5), (8, 1), (8, 3), (9, 1), (9, 2), (9, 3), (9, 5), (10, 1), (10, 5), (11, 1), (11, 3), (11, 4), (11, 5), (12, 1), (12, 3), (12, 5), (13, 1), (13, 2), (13, 3), (13, 5), (14, 5)]","[(0, 0), (0, 1), (0, 2), (0, 3), (0, 4), (0, 5), (0, 6), (1, 4), (1, 6), (2, 0), (2, 1), (2, 2), (2, 4), (2, 6), (3, 0), (3, 2), (3, 4), (3, 6), (4, 0), (4, 2), (4, 4), (4, 6), (5, 0), (5, 2), (5, 6), (6, 0), (6, 2), (6, 3), (6, 4), (6, 6), (7, 0), (7, 2), (7, 6), (8, 0), (8, 2), (8, 4), (8, 5), (8, 6), (9, 0), (9, 4), (9, 6), (10, 0), (10, 2), (10, 3), (10, 4), (10, 6), (11, 0), (11, 2), (11, 6), (12, 0), (12, 2), (12, 4), (12, 6), (13, 0), (13, 4), (13, 6), (14, 0), (14, 1), (14, 2), (14, 3), (14, 4), (14, 6)]"
images/0029/maze_0029.jpg,"1;1;1;1;1;1;1;1;1
S;0;1;0;0;0;0;0;1
1;0;1;1;1;0;1;0;1
1;0;0;0;0;0;1;0;1
1;1;1;1;1;1;1;0;1
1;0;0;0;0;0;0;0;1
1;0;1;1;1;1;1;1;1
1;0;0;0;0;0;1;0;1
1;1;1;1;1;0;1;0;1
1;0;0;0;1;0;0;0;1
1;0;1;1;1;1;1;0;1
1;0;0;0;0;0;0;0;E
1;1;1;1;1;1;1;1;1","(1, 0)","(11, 8)",13x9,49,68,1,2,1,2,"[(1, 1)]","[(0, 0), (2, 0)]","[(11, 7)]","[(10, 8), (12, 8)]","[(1, 0), (1, 1), (1, 3), (1, 4), (1, 5), (1, 6), (1, 7), (2, 1), (2, 5), (2, 7), (3, 1), (3, 2), (3, 3), (3, 4), (3, 5), (3, 7), (4, 7), (5, 1), (5, 2), (5, 3), (5, 4), (5, 5), (5, 6), (5, 7), (6, 1), (7, 1), (7, 2), (7, 3), (7, 4), (7, 5), (7, 7), (8, 5), (8, 7), (9, 1), (9, 2), (9, 3), (9, 5), (9, 6), (9, 7), (10, 1), (10, 7), (11, 1), (11, 2), (11, 3), (11, 4), (11, 5), (11, 6), (11, 7), (11, 8)]","[(0, 0), (0, 1), (0, 2), (0, 3), (0, 4), (0, 5), (0, 6), (0, 7), (0, 8), (1, 2), (1, 8), (2, 0), (2, 2), (2, 3), (2, 4), (2, 6), (2, 8), (3, 0), (3, 6), (3, 8), (4, 0), (4, 1), (4, 2), (4, 3), (4, 4), (4, 5), (4, 6), (4, 8), (5, 0), (5, 8), (6, 0), (6, 2), (6, 3), (6, 4), (6, 5), (6, 6), (6, 7), (6, 8), (7, 0), (7, 6), (7, 8), (8, 0), (8, 1), (8, 2), (8, 3), (8, 4), (8, 6), (8, 8), (9, 0), (9, 4), (9, 8), (10, 0), (10, 2), (10, 3), (10, 4), (10, 5), (10, 6), (10, 8), (11, 0), (12, 0), (12, 1), (12, 2), (12, 3), (12, 4), (12, 5), (12, 6), (12, 7), (12, 8)]"
images/0628/maze_0628.jpg,"1;1;1;1;1;1;1;1;1
S;0;1;0;0;0;0;0;1
1;0;1;0;1;1;1;0;1
1;0;0;0;1;0;1;0;1
1;1;1;1;1;0;1;0;1
1;0;1;0;0;0;1;0;1
1;0;1;0;1;0;1;0;1
1;0;1;0;1;0;0;0;1
1;0;1;0;1;1;1;1;1
1;0;1;0;0;0;0;0;1
1;0;1;1;1;1;1;0;1
1;0;0;0;0;0;0;0;E
1;1;1;1;1;1;1;1;1","(1, 0)","(11, 8)",13x9,49,68,1,2,1,2,"[(1, 1)]","[(0, 0), (2, 0)]","[(11, 7)]","[(10, 8), (12, 8)]","[(1, 0), (1, 1), (1, 3), (1, 4), (1, 5), (1, 6), (1, 7), (2, 1), (2, 3), (2, 7), (3, 1), (3, 2), (3, 3), (3, 5), (3, 7), (4, 5), (4, 7), (5, 1), (5, 3), (5, 4), (5, 5), (5, 7), (6, 1), (6, 3), (6, 5), (6, 7), (7, 1), (7, 3), (7, 5), (7, 6), (7, 7), (8, 1), (8, 3), (9, 1), (9, 3), (9, 4), (9, 5), (9, 6), (9, 7), (10, 1), (10, 7), (11, 1), (11, 2), (11, 3), (11, 4), (11, 5), (11, 6), (11, 7), (11, 8)]","[(0, 0), (0, 1), (0, 2), (0, 3), (0, 4), (0, 5), (0, 6), (0, 7), (0, 8), (1, 2), (1, 8), (2, 0), (2, 2), (2, 4), (2, 5), (2, 6), (2, 8), (3, 0), (3, 4), (3, 6), (3, 8), (4, 0), (4, 1), (4, 2), (4, 3), (4, 4), (4, 6), (4, 8), (5, 0), (5, 2), (5, 6), (5, 8), (6, 0), (6, 2), (6, 4), (6, 6), (6, 8), (7, 0), (7, 2), (7, 4), (7, 8), (8, 0), (8, 2), (8, 4), (8, 5), (8, 6), (8, 7), (8, 8), (9, 0), (9, 2), (9, 8), (10, 0), (10, 2), (10, 3), (10, 4), (10, 5), (10, 6), (10, 8), (11, 0), (12, 0), (12, 1), (12, 2), (12, 3), (12, 4), (12, 5), (12, 6), (12, 7), (12, 8)]"
images/0944/maze_0944.jpg,"1;1;1;1;1;1;1
S;0;0;0;1;0;1
1;1;1;0;1;0;1
1;0;0;0;1;0;1
1;0;1;1;1;0;1
1;0;0;0;1;0;1
1;1;1;0;1;0;1
1;0;0;0;0;0;1
1;1;1;1;1;E;1","(1, 0)","(8, 5)",9x7,25,38,1,2,1,2,"[(1, 1)]","[(0, 0), (2, 0)]","[(7, 5)]","[(8, 4), (8, 6)]","[(1, 0), (1, 1), (1, 2), (1, 3), (1, 5), (2, 3), (2, 5), (3, 1), (3, 2), (3, 3), (3, 5), (4, 1), (4, 5), (5, 1), (5, 2), (5, 3), (5, 5), (6, 3), (6, 5), (7, 1), (7, 2), (7, 3), (7, 4), (7, 5), (8, 5)]","[(0, 0), (0, 1), (0, 2), (0, 3), (0, 4), (0, 5), (0, 6), (1, 4), (1, 6), (2, 0), (2, 1), (2, 2), (2, 4), (2, 6), (3, 0), (3, 4), (3, 6), (4, 0), (4, 2), (4, 3), (4, 4), (4, 6), (5, 0), (5, 4), (5, 6), (6, 0), (6, 1), (6, 2), (6, 4), (6, 6), (7, 0), (7, 6), (8, 0), (8, 1), (8, 2), (8, 3), (8, 4), (8, 6)]"
images/0572/maze_0572.jpg,"1;1;1;1;1;1;1;1;1;1;1;1;1
S;0;1;0;0;0;0;0;1;0;0;0;1
1;0;1;0;1;1;1;0;1;0;1;1;1
1;0;0;0;1;0;0;0;1;0;0;0;1
1;1;1;1;1;0;1;1;1;1;1;0;1
1;0;0;0;0;0;1;0;0;0;0;0;1
1;0;1;1;1;1;1;1;1;0;1;0;1
1;0;0;0;0;0;0;0;0;0;1;0;1
1;1;1;1;1;1;1;1;1;1;1;0;1
1;0;0;0;0;0;0;0;0;0;0;0;E
1;1;1;1;1;1;1;1;1;1;1;1;1","(1, 0)","(9, 12)",11x13,61,82,1,2,1,2,"[(1, 1)]","[(0, 0), (2, 0)]","[(9, 11)]","[(8, 12), (10, 12)]","[(1, 0), (1, 1), (1, 3), (1, 4), (1, 5), (1, 6), (1, 7), (1, 9), (1, 10), (1, 11), (2, 1), (2, 3), (2, 7), (2, 9), (3, 1), (3, 2), (3, 3), (3, 5), (3, 6), (3, 7), (3, 9), (3, 10), (3, 11), (4, 5), (4, 11), (5, 1), (5, 2), (5, 3), (5, 4), (5, 5), (5, 7), (5, 8), (5, 9), (5, 10), (5, 11), (6, 1), (6, 9), (6, 11), (7, 1), (7, 2), (7, 3), (7, 4), (7, 5), (7, 6), (7, 7), (7, 8), (7, 9), (7, 11), (8, 11), (9, 1), (9, 2), (9, 3), (9, 4), (9, 5), (9, 6), (9, 7), (9, 8), (9, 9), (9, 10), (9, 11), (9, 12)]","[(0, 0), (0, 1), (0, 2), (0, 3), (0, 4), (0, 5), (0, 6), (0, 7), (0, 8), (0, 9), (0, 10), (0, 11), (0, 12), (1, 2), (1, 8), (1, 12), (2, 0), (2, 2), (2, 4), (2, 5), (2, 6), (2, 8), (2, 10), (2, 11), (2, 12), (3, 0), (3, 4), (3, 8), (3, 12), (4, 0), (4, 1), (4, 2), (4, 3), (4, 4), (4, 6), (4, 7), (4, 8), (4, 9), (4, 10), (4, 12), (5, 0), (5, 6), (5, 12), (6, 0), (6, 2), (6, 3), (6, 4), (6, 5), (6, 6), (6, 7), (6, 8), (6, 10), (6, 12), (7, 0), (7, 10), (7, 12), (8, 0), (8, 1), (8, 2), (8, 3), (8, 4), (8, 5), (8, 6), (8, 7), (8, 8), (8, 9), (8, 10), (8, 12), (9, 0), (10, 0), (10, 1), (10, 2), (10, 3), (10, 4), (10, 5), (10, 6), (10, 7), (10, 8), (10, 9), (10, 10), (10, 11), (10, 12)]"
images/0907/maze_0907.jpg,"1;1;1;1;1;1;1;1;1;1;1
S;0;0;0;1;0;0;0;0;0;1
1;1;1;0;1;1;1;0;1;0;1
1;0;1;0;1;0;0;0;1;0;1
1;0;1;0;1;0;1;1;1;0;1
1;0;1;0;1;0;1;0;0;0;1
1;0;1;0;1;0;1;1;1;1;1
1;0;0;0;1;0;0;0;0;0;1
1;0;1;1;1;1;1;1;1;0;1
1;0;0;0;1;0;0;0;1;0;1
1;1;1;0;1;0;1;0;1;0;1
1;0;0;0;0;0;1;0;0;0;E
1;1;1;1;1;1;1;1;1;1;1","(1, 0)","(11, 10)",13x11,61,82,1,2,1,2,"[(1, 1)]","[(0, 0), (2, 0)]","[(11, 9)]","[(10, 10), (12, 10)]","[(1, 0), (1, 1), (1, 2), (1, 3), (1, 5), (1, 6), (1, 7), (1, 8), (1, 9), (2, 3), (2, 7), (2, 9), (3, 1), (3, 3), (3, 5), (3, 6), (3, 7), (3, 9), (4, 1), (4, 3), (4, 5), (4, 9), (5, 1), (5, 3), (5, 5), (5, 7), (5, 8), (5, 9), (6, 1), (6, 3), (6, 5), (7, 1), (7, 2), (7, 3), (7, 5), (7, 6), (7, 7), (7, 8), (7, 9), (8, 1), (8, 9), (9, 1), (9, 2), (9, 3), (9, 5), (9, 6), (9, 7), (9, 9), (10, 3), (10, 5), (10, 7), (10, 9), (11, 1), (11, 2), (11, 3), (11, 4), (11, 5), (11, 7), (11, 8), (11, 9), (11, 10)]","[(0, 0), (0, 1), (0, 2), (0, 3), (0, 4), (0, 5), (0, 6), (0, 7), (0, 8), (0, 9), (0, 10), (1, 4), (1, 10), (2, 0), (2, 1), (2, 2), (2, 4), (2, 5), (2, 6), (2, 8), (2, 10), (3, 0), (3, 2), (3, 4), (3, 8), (3, 10), (4, 0), (4, 2), (4, 4), (4, 6), (4, 7), (4, 8), (4, 10), (5, 0), (5, 2), (5, 4), (5, 6), (5, 10), (6, 0), (6, 2), (6, 4), (6, 6), (6, 7), (6, 8), (6, 9), (6, 10), (7, 0), (7, 4), (7, 10), (8, 0), (8, 2), (8, 3), (8, 4), (8, 5), (8, 6), (8, 7), (8, 8), (8, 10), (9, 0), (9, 4), (9, 8), (9, 10), (10, 0), (10, 1), (10, 2), (10, 4), (10, 6), (10, 8), (10, 10), (11, 0), (11, 6), (12, 0), (12, 1), (12, 2), (12, 3), (12, 4), (12, 5), (12, 6), (12, 7), (12, 8), (12, 9), (12, 10)]"
images/1080/maze_1080.jpg,"1;1;1;1;1;1;1;1;1;1;1;1;1;1;1
S;0;1;0;0;0;1;0;0;0;0;0;0;0;1
1;0;1;0;1;0;1;0;1;1;1;0;1;1;1
1;0;1;0;1;0;0;0;0;0;1;0;0;0;1
1;0;1;1;1;0;1;1;1;1;1;1;1;0;1
1;0;0;0;1;0;1;0;0;0;1;0;0;0;1
1;1;1;0;1;1;1;0;1;0;1;0;1;0;1
1;0;1;0;0;0;1;0;1;0;0;0;1;0;1
1;0;1;1;1;0;1;0;1;1;1;1;1;0;1
1;0;1;0;0;0;1;0;0;0;0;0;1;0;1
1;0;1;0;1;1;1;1;1;0;1;0;1;0;1
1;0;1;0;0;0;0;0;1;0;1;0;1;0;1
1;0;1;1;1;1;1;0;1;1;1;0;1;0;1
1;0;0;0;0;0;0;0;0;0;0;0;1;0;1
1;1;1;1;1;1;1;1;1;1;1;1;1;E;1","(1, 0)","(14, 13)",15x15,99,126,1,2,1,2,"[(1, 1)]","[(0, 0), (2, 0)]","[(13, 13)]","[(14, 12), (14, 14)]","[(1, 0), (1, 1), (1, 3), (1, 4), (1, 5), (1, 7), (1, 8), (1, 9), (1, 10), (1, 11), (1, 12), (1, 13), (2, 1), (2, 3), (2, 5), (2, 7), (2, 11), (3, 1), (3, 3), (3, 5), (3, 6), (3, 7), (3, 8), (3, 9), (3, 11), (3, 12), (3, 13), (4, 1), (4, 5), (4, 13), (5, 1), (5, 2), (5, 3), (5, 5), (5, 7), (5, 8), (5, 9), (5, 11), (5, 12), (5, 13), (6, 3), (6, 7), (6, 9), (6, 11), (6, 13), (7, 1), (7, 3), (7, 4), (7, 5), (7, 7), (7, 9), (7, 10), (7, 11), (7, 13), (8, 1), (8, 5), (8, 7), (8, 13), (9, 1), (9, 3), (9, 4), (9, 5), (9, 7), (9, 8), (9, 9), (9, 10), (9, 11), (9, 13), (10, 1), (10, 3), (10, 9), (10, 11), (10, 13), (11, 1), (11, 3), (11, 4), (11, 5), (11, 6), (11, 7), (11, 9), (11, 11), (11, 13), (12, 1), (12, 7), (12, 11), (12, 13), (13, 1), (13, 2), (13, 3), (13, 4), (13, 5), (13, 6), (13, 7), (13, 8), (13, 9), (13, 10), (13, 11), (13, 13), (14, 13)]","[(0, 0), (0, 1), (0, 2), (0, 3), (0, 4), (0, 5), (0, 6), (0, 7), (0, 8), (0, 9), (0, 10), (0, 11), (0, 12), (0, 13), (0, 14), (1, 2), (1, 6), (1, 14), (2, 0), (2, 2), (2, 4), (2, 6), (2, 8), (2, 9), (2, 10), (2, 12), (2, 13), (2, 14), (3, 0), (3, 2), (3, 4), (3, 10), (3, 14), (4, 0), (4, 2), (4, 3), (4, 4), (4, 6), (4, 7), (4, 8), (4, 9), (4, 10), (4, 11), (4, 12), (4, 14), (5, 0), (5, 4), (5, 6), (5, 10), (5, 14), (6, 0), (6, 1), (6, 2), (6, 4), (6, 5), (6, 6), (6, 8), (6, 10), (6, 12), (6, 14), (7, 0), (7, 2), (7, 6), (7, 8), (7, 12), (7, 14), (8, 0), (8, 2), (8, 3), (8, 4), (8, 6), (8, 8), (8, 9), (8, 10), (8, 11), (8, 12), (8, 14), (9, 0), (9, 2), (9, 6), (9, 12), (9, 14), (10, 0), (10, 2), (10, 4), (10, 5), (10, 6), (10, 7), (10, 8), (10, 10), (10, 12), (10, 14), (11, 0), (11, 2), (11, 8), (11, 10), (11, 12), (11, 14), (12, 0), (12, 2), (12, 3), (12, 4), (12, 5), (12, 6), (12, 8), (12, 9), (12, 10), (12, 12), (12, 14), (13, 0), (13, 12), (13, 14), (14, 0), (14, 1), (14, 2), (14, 3), (14, 4), (14, 5), (14, 6), (14, 7), (14, 8), (14, 9), (14, 10), (14, 11), (14, 12), (14, 14)]"
images/0450/maze_0450.jpg,"1;1;1;1;1;1;1;1;1
S;0;1;0;0;0;0;0;1
1;0;1;0;1;1;1;0;1
1;0;1;0;1;0;0;0;1
1;0;1;1;1;0;1;0;1
1;0;0;0;0;0;1;0;1
1;1;1;1;1;1;1;E;1","(1, 0)","(6, 7)",7x9,25,38,1,2,1,2,"[(1, 1)]","[(0, 0), (2, 0)]","[(5, 7)]","[(6, 6), (6, 8)]","[(1, 0), (1, 1), (1, 3), (1, 4), (1, 5), (1, 6), (1, 7), (2, 1), (2, 3), (2, 7), (3, 1), (3, 3), (3, 5), (3, 6), (3, 7), (4, 1), (4, 5), (4, 7), (5, 1), (5, 2), (5, 3), (5, 4), (5, 5), (5, 7), (6, 7)]","[(0, 0), (0, 1), (0, 2), (0, 3), (0, 4), (0, 5), (0, 6), (0, 7), (0, 8), (1, 2), (1, 8), (2, 0), (2, 2), (2, 4), (2, 5), (2, 6), (2, 8), (3, 0), (3, 2), (3, 4), (3, 8), (4, 0), (4, 2), (4, 3), (4, 4), (4, 6), (4, 8), (5, 0), (5, 6), (5, 8), (6, 0), (6, 1), (6, 2), (6, 3), (6, 4), (6, 5), (6, 6), (6, 8)]"
images/1609/maze_1609.jpg,"1;1;1;1;1;1;1
S;0;0;0;1;0;1
1;1;1;0;1;0;1
1;0;1;0;1;0;1
1;0;1;0;1;0;1
1;0;0;0;1;0;1
1;0;1;1;1;0;1
1;0;0;0;0;0;1
1;1;1;1;1;E;1","(1, 0)","(8, 5)",9x7,25,38,1,2,1,2,"[(1, 1)]","[(0, 0), (2, 0)]","[(7, 5)]","[(8, 4), (8, 6)]","[(1, 0), (1, 1), (1, 2), (1, 3), (1, 5), (2, 3), (2, 5), (3, 1), (3, 3), (3, 5), (4, 1), (4, 3), (4, 5), (5, 1), (5, 2), (5, 3), (5, 5), (6, 1), (6, 5), (7, 1), (7, 2), (7, 3), (7, 4), (7, 5), (8, 5)]","[(0, 0), (0, 1), (0, 2), (0, 3), (0, 4), (0, 5), (0, 6), (1, 4), (1, 6), (2, 0), (2, 1), (2, 2), (2, 4), (2, 6), (3, 0), (3, 2), (3, 4), (3, 6), (4, 0), (4, 2), (4, 4), (4, 6), (5, 0), (5, 4), (5, 6), (6, 0), (6, 2), (6, 3), (6, 4), (6, 6), (7, 0), (7, 6), (8, 0), (8, 1), (8, 2), (8, 3), (8, 4), (8, 6)]"
images/1290/maze_1290.jpg,"1;1;1;1;1;1;1;1;1;1;1
S;0;0;0;0;0;1;0;0;0;1
1;1;1;1;1;0;1;0;1;0;1
1;0;0;0;1;0;1;0;1;0;1
1;0;1;1;1;0;1;1;1;0;1
1;0;0;0;0;0;0;0;0;0;1
1;1;1;1;1;1;1;1;1;E;1","(1, 0)","(6, 9)",7x11,31,46,1,2,1,2,"[(1, 1)]","[(0, 0), (2, 0)]","[(5, 9)]","[(6, 8), (6, 10)]","[(1, 0), (1, 1), (1, 2), (1, 3), (1, 4), (1, 5), (1, 7), (1, 8), (1, 9), (2, 5), (2, 7), (2, 9), (3, 1), (3, 2), (3, 3), (3, 5), (3, 7), (3, 9), (4, 1), (4, 5), (4, 9), (5, 1), (5, 2), (5, 3), (5, 4), (5, 5), (5, 6), (5, 7), (5, 8), (5, 9), (6, 9)]","[(0, 0), (0, 1), (0, 2), (0, 3), (0, 4), (0, 5), (0, 6), (0, 7), (0, 8), (0, 9), (0, 10), (1, 6), (1, 10), (2, 0), (2, 1), (2, 2), (2, 3), (2, 4), (2, 6), (2, 8), (2, 10), (3, 0), (3, 4), (3, 6), (3, 8), (3, 10), (4, 0), (4, 2), (4, 3), (4, 4), (4, 6), (4, 7), (4, 8), (4, 10), (5, 0), (5, 10), (6, 0), (6, 1), (6, 2), (6, 3), (6, 4), (6, 5), (6, 6), (6, 7), (6, 8), (6, 10)]"
images/1078/maze_1078.jpg,"1;1;1;1;1;1;1;1;1;1;1
S;0;1;0;0;0;0;0;0;0;1
1;0;1;0;1;1;1;1;1;0;1
1;0;0;0;1;0;0;0;1;0;1
1;1;1;1;1;0;1;1;1;0;1
1;0;0;0;1;0;0;0;0;0;1
1;0;1;1;1;0;1;1;1;1;1
1;0;0;0;0;0;0;0;0;0;1
1;1;1;1;1;1;1;1;1;E;1","(1, 0)","(8, 9)",9x11,41,58,1,2,1,2,"[(1, 1)]","[(0, 0), (2, 0)]","[(7, 9)]","[(8, 8), (8, 10)]","[(1, 0), (1, 1), (1, 3), (1, 4), (1, 5), (1, 6), (1, 7), (1, 8), (1, 9), (2, 1), (2, 3), (2, 9), (3, 1), (3, 2), (3, 3), (3, 5), (3, 6), (3, 7), (3, 9), (4, 5), (4, 9), (5, 1), (5, 2), (5, 3), (5, 5), (5, 6), (5, 7), (5, 8), (5, 9), (6, 1), (6, 5), (7, 1), (7, 2), (7, 3), (7, 4), (7, 5), (7, 6), (7, 7), (7, 8), (7, 9), (8, 9)]","[(0, 0), (0, 1), (0, 2), (0, 3), (0, 4), (0, 5), (0, 6), (0, 7), (0, 8), (0, 9), (0, 10), (1, 2), (1, 10), (2, 0), (2, 2), (2, 4), (2, 5), (2, 6), (2, 7), (2, 8), (2, 10), (3, 0), (3, 4), (3, 8), (3, 10), (4, 0), (4, 1), (4, 2), (4, 3), (4, 4), (4, 6), (4, 7), (4, 8), (4, 10), (5, 0), (5, 4), (5, 10), (6, 0), (6, 2), (6, 3), (6, 4), (6, 6), (6, 7), (6, 8), (6, 9), (6, 10), (7, 0), (7, 10), (8, 0), (8, 1), (8, 2), (8, 3), (8, 4), (8, 5), (8, 6), (8, 7), (8, 8), (8, 10)]"
images/0254/maze_0254.jpg,"1;1;1;1;1;1;1;1;1;1;1;1;1
S;0;1;0;0;0;1;0;0;0;0;0;1
1;0;1;0;1;0;1;0;1;1;1;1;1
1;0;0;0;1;0;1;0;0;0;0;0;1
1;1;1;1;1;0;1;1;1;1;1;0;1
1;0;0;0;1;0;0;0;0;0;1;0;1
1;0;1;0;1;1;1;1;1;0;1;0;1
1;0;1;0;0;0;0;0;1;0;1;0;1
1;0;1;1;1;1;1;0;1;0;1;0;1
1;0;0;0;0;0;1;0;0;0;1;0;1
1;1;1;1;1;0;1;1;1;1;1;0;1
1;0;0;0;0;0;0;0;0;0;0;0;E
1;1;1;1;1;1;1;1;1;1;1;1;1","(1, 0)","(11, 12)",13x13,73,96,1,2,1,2,"[(1, 1)]","[(0, 0), (2, 0)]","[(11, 11)]","[(10, 12), (12, 12)]","[(1, 0), (1, 1), (1, 3), (1, 4), (1, 5), (1, 7), (1, 8), (1, 9), (1, 10), (1, 11), (2, 1), (2, 3), (2, 5), (2, 7), (3, 1), (3, 2), (3, 3), (3, 5), (3, 7), (3, 8), (3, 9), (3, 10), (3, 11), (4, 5), (4, 11), (5, 1), (5, 2), (5, 3), (5, 5), (5, 6), (5, 7), (5, 8), (5, 9), (5, 11), (6, 1), (6, 3), (6, 9), (6, 11), (7, 1), (7, 3), (7, 4), (7, 5), (7, 6), (7, 7), (7, 9), (7, 11), (8, 1), (8, 7), (8, 9), (8, 11), (9, 1), (9, 2), (9, 3), (9, 4), (9, 5), (9, 7), (9, 8), (9, 9), (9, 11), (10, 5), (10, 11), (11, 1), (11, 2), (11, 3), (11, 4), (11, 5), (11, 6), (11, 7), (11, 8), (11, 9), (11, 10), (11, 11), (11, 12)]","[(0, 0), (0, 1), (0, 2), (0, 3), (0, 4), (0, 5), (0, 6), (0, 7), (0, 8), (0, 9), (0, 10), (0, 11), (0, 12), (1, 2), (1, 6), (1, 12), (2, 0), (2, 2), (2, 4), (2, 6), (2, 8), (2, 9), (2, 10), (2, 11), (2, 12), (3, 0), (3, 4), (3, 6), (3, 12), (4, 0), (4, 1), (4, 2), (4, 3), (4, 4), (4, 6), (4, 7), (4, 8), (4, 9), (4, 10), (4, 12), (5, 0), (5, 4), (5, 10), (5, 12), (6, 0), (6, 2), (6, 4), (6, 5), (6, 6), (6, 7), (6, 8), (6, 10), (6, 12), (7, 0), (7, 2), (7, 8), (7, 10), (7, 12), (8, 0), (8, 2), (8, 3), (8, 4), (8, 5), (8, 6), (8, 8), (8, 10), (8, 12), (9, 0), (9, 6), (9, 10), (9, 12), (10, 0), (10, 1), (10, 2), (10, 3), (10, 4), (10, 6), (10, 7), (10, 8), (10, 9), (10, 10), (10, 12), (11, 0), (12, 0), (12, 1), (12, 2), (12, 3), (12, 4), (12, 5), (12, 6), (12, 7), (12, 8), (12, 9), (12, 10), (12, 11), (12, 12)]"
images/0124/maze_0124.jpg,"1;1;1;1;1;1;1;1;1;1;1
S;0;1;0;0;0;0;0;0;0;1
1;0;1;0;1;0;1;1;1;0;1
1;0;1;0;1;0;1;0;1;0;1
1;0;1;1;1;0;1;0;1;0;1
1;0;0;0;0;0;1;0;0;0;1
1;1;1;1;1;1;1;0;1;1;1
1;0;1;0;0;0;0;0;1;0;1
1;0;1;0;1;1;1;1;1;0;1
1;0;1;0;0;0;0;0;1;0;1
1;0;1;1;1;1;1;0;1;0;1
1;0;0;0;0;0;1;0;1;0;1
1;0;1;0;1;1;1;0;1;0;1
1;0;1;0;0;0;0;0;0;0;1
1;1;1;1;1;1;1;1;1;E;1","(1, 0)","(14, 9)",15x11,71,94,1,2,1,2,"[(1, 1)]","[(0, 0), (2, 0)]","[(13, 9)]","[(14, 8), (14, 10)]","[(1, 0), (1, 1), (1, 3), (1, 4), (1, 5), (1, 6), (1, 7), (1, 8), (1, 9), (2, 1), (2, 3), (2, 5), (2, 9), (3, 1), (3, 3), (3, 5), (3, 7), (3, 9), (4, 1), (4, 5), (4, 7), (4, 9), (5, 1), (5, 2), (5, 3), (5, 4), (5, 5), (5, 7), (5, 8), (5, 9), (6, 7), (7, 1), (7, 3), (7, 4), (7, 5), (7, 6), (7, 7), (7, 9), (8, 1), (8, 3), (8, 9), (9, 1), (9, 3), (9, 4), (9, 5), (9, 6), (9, 7), (9, 9), (10, 1), (10, 7), (10, 9), (11, 1), (11, 2), (11, 3), (11, 4), (11, 5), (11, 7), (11, 9), (12, 1), (12, 3), (12, 7), (12, 9), (13, 1), (13, 3), (13, 4), (13, 5), (13, 6), (13, 7), (13, 8), (13, 9), (14, 9)]","[(0, 0), (0, 1), (0, 2), (0, 3), (0, 4), (0, 5), (0, 6), (0, 7), (0, 8), (0, 9), (0, 10), (1, 2), (1, 10), (2, 0), (2, 2), (2, 4), (2, 6), (2, 7), (2, 8), (2, 10), (3, 0), (3, 2), (3, 4), (3, 6), (3, 8), (3, 10), (4, 0), (4, 2), (4, 3), (4, 4), (4, 6), (4, 8), (4, 10), (5, 0), (5, 6), (5, 10), (6, 0), (6, 1), (6, 2), (6, 3), (6, 4), (6, 5), (6, 6), (6, 8), (6, 9), (6, 10), (7, 0), (7, 2), (7, 8), (7, 10), (8, 0), (8, 2), (8, 4), (8, 5), (8, 6), (8, 7), (8, 8), (8, 10), (9, 0), (9, 2), (9, 8), (9, 10), (10, 0), (10, 2), (10, 3), (10, 4), (10, 5), (10, 6), (10, 8), (10, 10), (11, 0), (11, 6), (11, 8), (11, 10), (12, 0), (12, 2), (12, 4), (12, 5), (12, 6), (12, 8), (12, 10), (13, 0), (13, 2), (13, 10), (14, 0), (14, 1), (14, 2), (14, 3), (14, 4), (14, 5), (14, 6), (14, 7), (14, 8), (14, 10)]"
images/1927/maze_1927.jpg,"1;1;1;1;1;1;1;1;1;1;1;1;1
S;0;0;0;1;0;0;0;0;0;1;0;1
1;1;1;0;1;0;1;1;1;0;1;0;1
1;0;1;0;1;0;1;0;0;0;1;0;1
1;0;1;0;1;0;1;0;1;1;1;0;1
1;0;0;0;1;0;1;0;0;0;1;0;1
1;0;1;1;1;0;1;1;1;0;1;0;1
1;0;0;0;0;0;1;0;0;0;0;0;E
1;1;1;1;1;1;1;1;1;1;1;1;1","(1, 0)","(7, 12)",9x13,49,68,1,2,1,2,"[(1, 1)]","[(0, 0), (2, 0)]","[(7, 11)]","[(6, 12), (8, 12)]","[(1, 0), (1, 1), (1, 2), (1, 3), (1, 5), (1, 6), (1, 7), (1, 8), (1, 9), (1, 11), (2, 3), (2, 5), (2, 9), (2, 11), (3, 1), (3, 3), (3, 5), (3, 7), (3, 8), (3, 9), (3, 11), (4, 1), (4, 3), (4, 5), (4, 7), (4, 11), (5, 1), (5, 2), (5, 3), (5, 5), (5, 7), (5, 8), (5, 9), (5, 11), (6, 1), (6, 5), (6, 9), (6, 11), (7, 1), (7, 2), (7, 3), (7, 4), (7, 5), (7, 7), (7, 8), (7, 9), (7, 10), (7, 11), (7, 12)]","[(0, 0), (0, 1), (0, 2), (0, 3), (0, 4), (0, 5), (0, 6), (0, 7), (0, 8), (0, 9), (0, 10), (0, 11), (0, 12), (1, 4), (1, 10), (1, 12), (2, 0), (2, 1), (2, 2), (2, 4), (2, 6), (2, 7), (2, 8), (2, 10), (2, 12), (3, 0), (3, 2), (3, 4), (3, 6), (3, 10), (3, 12), (4, 0), (4, 2), (4, 4), (4, 6), (4, 8), (4, 9), (4, 10), (4, 12), (5, 0), (5, 4), (5, 6), (5, 10), (5, 12), (6, 0), (6, 2), (6, 3), (6, 4), (6, 6), (6, 7), (6, 8), (6, 10), (6, 12), (7, 0), (7, 6), (8, 0), (8, 1), (8, 2), (8, 3), (8, 4), (8, 5), (8, 6), (8, 7), (8, 8), (8, 9), (8, 10), (8, 11), (8, 12)]"
images/0251/maze_0251.jpg,"1;1;1;1;1;1;1;1;1;1;1
S;0;1;0;0;0;0;0;0;0;1
1;0;1;0;1;0;1;1;1;1;1
1;0;1;0;1;0;0;0;0;0;1
1;0;1;1;1;1;1;1;1;0;1
1;0;0;0;0;0;0;0;1;0;1
1;1;1;1;1;1;1;0;1;0;1
1;0;0;0;0;0;0;0;0;0;E
1;1;1;1;1;1;1;1;1;1;1","(1, 0)","(7, 10)",9x11,41,58,1,2,1,2,"[(1, 1)]","[(0, 0), (2, 0)]","[(7, 9)]","[(6, 10), (8, 10)]","[(1, 0), (1, 1), (1, 3), (1, 4), (1, 5), (1, 6), (1, 7), (1, 8), (1, 9), (2, 1), (2, 3), (2, 5), (3, 1), (3, 3), (3, 5), (3, 6), (3, 7), (3, 8), (3, 9), (4, 1), (4, 9), (5, 1), (5, 2), (5, 3), (5, 4), (5, 5), (5, 6), (5, 7), (5, 9), (6, 7), (6, 9), (7, 1), (7, 2), (7, 3), (7, 4), (7, 5), (7, 6), (7, 7), (7, 8), (7, 9), (7, 10)]","[(0, 0), (0, 1), (0, 2), (0, 3), (0, 4), (0, 5), (0, 6), (0, 7), (0, 8), (0, 9), (0, 10), (1, 2), (1, 10), (2, 0), (2, 2), (2, 4), (2, 6), (2, 7), (2, 8), (2, 9), (2, 10), (3, 0), (3, 2), (3, 4), (3, 10), (4, 0), (4, 2), (4, 3), (4, 4), (4, 5), (4, 6), (4, 7), (4, 8), (4, 10), (5, 0), (5, 8), (5, 10), (6, 0), (6, 1), (6, 2), (6, 3), (6, 4), (6, 5), (6, 6), (6, 8), (6, 10), (7, 0), (8, 0), (8, 1), (8, 2), (8, 3), (8, 4), (8, 5), (8, 6), (8, 7), (8, 8), (8, 9), (8, 10)]"
images/0585/maze_0585.jpg,"1;1;1;1;1;1;1;1;1
S;0;1;0;0;0;0;0;1
1;0;1;1;1;1;1;0;1
1;0;0;0;0;0;1;0;1
1;1;1;1;1;0;1;0;1
1;0;0;0;0;0;0;0;1
1;1;1;1;1;1;1;E;1","(1, 0)","(6, 7)",7x9,25,38,1,2,1,2,"[(1, 1)]","[(0, 0), (2, 0)]","[(5, 7)]","[(6, 6), (6, 8)]","[(1, 0), (1, 1), (1, 3), (1, 4), (1, 5), (1, 6), (1, 7), (2, 1), (2, 7), (3, 1), (3, 2), (3, 3), (3, 4), (3, 5), (3, 7), (4, 5), (4, 7), (5, 1), (5, 2), (5, 3), (5, 4), (5, 5), (5, 6), (5, 7), (6, 7)]","[(0, 0), (0, 1), (0, 2), (0, 3), (0, 4), (0, 5), (0, 6), (0, 7), (0, 8), (1, 2), (1, 8), (2, 0), (2, 2), (2, 3), (2, 4), (2, 5), (2, 6), (2, 8), (3, 0), (3, 6), (3, 8), (4, 0), (4, 1), (4, 2), (4, 3), (4, 4), (4, 6), (4, 8), (5, 0), (5, 8), (6, 0), (6, 1), (6, 2), (6, 3), (6, 4), (6, 5), (6, 6), (6, 8)]"
images/1568/maze_1568.jpg,"1;1;1;1;1;1;1;1;1
S;0;1;0;0;0;0;0;1
1;0;1;1;1;0;1;0;1
1;0;0;0;0;0;1;0;1
1;1;1;1;1;1;1;0;1
1;0;0;0;0;0;0;0;1
1;1;1;1;1;1;1;E;1","(1, 0)","(6, 7)",7x9,25,38,1,2,1,2,"[(1, 1)]","[(0, 0), (2, 0)]","[(5, 7)]","[(6, 6), (6, 8)]","[(1, 0), (1, 1), (1, 3), (1, 4), (1, 5), (1, 6), (1, 7), (2, 1), (2, 5), (2, 7), (3, 1), (3, 2), (3, 3), (3, 4), (3, 5), (3, 7), (4, 7), (5, 1), (5, 2), (5, 3), (5, 4), (5, 5), (5, 6), (5, 7), (6, 7)]","[(0, 0), (0, 1), (0, 2), (0, 3), (0, 4), (0, 5), (0, 6), (0, 7), (0, 8), (1, 2), (1, 8), (2, 0), (2, 2), (2, 3), (2, 4), (2, 6), (2, 8), (3, 0), (3, 6), (3, 8), (4, 0), (4, 1), (4, 2), (4, 3), (4, 4), (4, 5), (4, 6), (4, 8), (5, 0), (5, 8), (6, 0), (6, 1), (6, 2), (6, 3), (6, 4), (6, 5), (6, 6), (6, 8)]"
images/0824/maze_0824.jpg,"1;1;1;1;1;1;1;1;1;1;1;1;1;1;1
S;0;1;0;1;0;0;0;0;0;1;0;0;0;1
1;0;1;0;1;0;1;1;1;0;1;0;1;0;1
1;0;1;0;0;0;0;0;1;0;0;0;1;0;1
1;0;1;1;1;0;1;1;1;1;1;1;1;0;1
1;0;0;0;1;0;1;0;0;0;0;0;1;0;1
1;1;1;0;1;1;1;0;1;1;1;0;1;0;1
1;0;1;0;1;0;0;0;1;0;0;0;1;0;1
1;0;1;0;1;0;1;1;1;0;1;1;1;0;1
1;0;0;0;0;0;1;0;0;0;0;0;0;0;E
1;1;1;1;1;1;1;1;1;1;1;1;1;1;1","(1, 0)","(9, 14)",11x15,71,94,1,2,1,2,"[(1, 1)]","[(0, 0), (2, 0)]","[(9, 13)]","[(8, 14), (10, 14)]","[(1, 0), (1, 1), (1, 3), (1, 5), (1, 6), (1, 7), (1, 8), (1, 9), (1, 11), (1, 12), (1, 13), (2, 1), (2, 3), (2, 5), (2, 9), (2, 11), (2, 13), (3, 1), (3, 3), (3, 4), (3, 5), (3, 6), (3, 7), (3, 9), (3, 10), (3, 11), (3, 13), (4, 1), (4, 5), (4, 13), (5, 1), (5, 2), (5, 3), (5, 5), (5, 7), (5, 8), (5, 9), (5, 10), (5, 11), (5, 13), (6, 3), (6, 7), (6, 11), (6, 13), (7, 1), (7, 3), (7, 5), (7, 6), (7, 7), (7, 9), (7, 10), (7, 11), (7, 13), (8, 1), (8, 3), (8, 5), (8, 9), (8, 13), (9, 1), (9, 2), (9, 3), (9, 4), (9, 5), (9, 7), (9, 8), (9, 9), (9, 10), (9, 11), (9, 12), (9, 13), (9, 14)]","[(0, 0), (0, 1), (0, 2), (0, 3), (0, 4), (0, 5), (0, 6), (0, 7), (0, 8), (0, 9), (0, 10), (0, 11), (0, 12), (0, 13), (0, 14), (1, 2), (1, 4), (1, 10), (1, 14), (2, 0), (2, 2), (2, 4), (2, 6), (2, 7), (2, 8), (2, 10), (2, 12), (2, 14), (3, 0), (3, 2), (3, 8), (3, 12), (3, 14), (4, 0), (4, 2), (4, 3), (4, 4), (4, 6), (4, 7), (4, 8), (4, 9), (4, 10), (4, 11), (4, 12), (4, 14), (5, 0), (5, 4), (5, 6), (5, 12), (5, 14), (6, 0), (6, 1), (6, 2), (6, 4), (6, 5), (6, 6), (6, 8), (6, 9), (6, 10), (6, 12), (6, 14), (7, 0), (7, 2), (7, 4), (7, 8), (7, 12), (7, 14), (8, 0), (8, 2), (8, 4), (8, 6), (8, 7), (8, 8), (8, 10), (8, 11), (8, 12), (8, 14), (9, 0), (9, 6), (10, 0), (10, 1), (10, 2), (10, 3), (10, 4), (10, 5), (10, 6), (10, 7), (10, 8), (10, 9), (10, 10), (10, 11), (10, 12), (10, 13), (10, 14)]"
images/0507/maze_0507.jpg,"1;1;1;1;1;1;1;1;1;1;1;1;1;1;1
S;0;1;0;0;0;0;0;0;0;1;0;0;0;1
1;0;1;1;1;1;1;1;1;0;1;0;1;0;1
1;0;0;0;0;0;0;0;1;0;0;0;1;0;1
1;1;1;1;1;1;1;0;1;0;1;1;1;0;1
1;0;0;0;0;0;0;0;1;0;1;0;0;0;1
1;0;1;1;1;1;1;1;1;1;1;0;1;0;1
1;0;0;0;0;0;0;0;0;0;0;0;1;0;1
1;1;1;1;1;1;1;1;1;1;1;1;1;E;1","(1, 0)","(8, 13)",9x15,57,78,1,2,1,2,"[(1, 1)]","[(0, 0), (2, 0)]","[(7, 13)]","[(8, 12), (8, 14)]","[(1, 0), (1, 1), (1, 3), (1, 4), (1, 5), (1, 6), (1, 7), (1, 8), (1, 9), (1, 11), (1, 12), (1, 13), (2, 1), (2, 9), (2, 11), (2, 13), (3, 1), (3, 2), (3, 3), (3, 4), (3, 5), (3, 6), (3, 7), (3, 9), (3, 10), (3, 11), (3, 13), (4, 7), (4, 9), (4, 13), (5, 1), (5, 2), (5, 3), (5, 4), (5, 5), (5, 6), (5, 7), (5, 9), (5, 11), (5, 12), (5, 13), (6, 1), (6, 11), (6, 13), (7, 1), (7, 2), (7, 3), (7, 4), (7, 5), (7, 6), (7, 7), (7, 8), (7, 9), (7, 10), (7, 11), (7, 13), (8, 13)]","[(0, 0), (0, 1), (0, 2), (0, 3), (0, 4), (0, 5), (0, 6), (0, 7), (0, 8), (0, 9), (0, 10), (0, 11), (0, 12), (0, 13), (0, 14), (1, 2), (1, 10), (1, 14), (2, 0), (2, 2), (2, 3), (2, 4), (2, 5), (2, 6), (2, 7), (2, 8), (2, 10), (2, 12), (2, 14), (3, 0), (3, 8), (3, 12), (3, 14), (4, 0), (4, 1), (4, 2), (4, 3), (4, 4), (4, 5), (4, 6), (4, 8), (4, 10), (4, 11), (4, 12), (4, 14), (5, 0), (5, 8), (5, 10), (5, 14), (6, 0), (6, 2), (6, 3), (6, 4), (6, 5), (6, 6), (6, 7), (6, 8), (6, 9), (6, 10), (6, 12), (6, 14), (7, 0), (7, 12), (7, 14), (8, 0), (8, 1), (8, 2), (8, 3), (8, 4), (8, 5), (8, 6), (8, 7), (8, 8), (8, 9), (8, 10), (8, 11), (8, 12), (8, 14)]"
images/0889/maze_0889.jpg,"1;1;1;1;1;1;1;1;1;1;1
S;0;1;0;0;0;0;0;1;0;1
1;0;1;0;1;1;1;0;1;0;1
1;0;1;0;0;0;1;0;1;0;1
1;0;1;1;1;0;1;0;1;0;1
1;0;0;0;0;0;1;0;0;0;E
1;1;1;1;1;1;1;1;1;1;1","(1, 0)","(5, 10)",7x11,31,46,1,2,1,2,"[(1, 1)]","[(0, 0), (2, 0)]","[(5, 9)]","[(4, 10), (6, 10)]","[(1, 0), (1, 1), (1, 3), (1, 4), (1, 5), (1, 6), (1, 7), (1, 9), (2, 1), (2, 3), (2, 7), (2, 9), (3, 1), (3, 3), (3, 4), (3, 5), (3, 7), (3, 9), (4, 1), (4, 5), (4, 7), (4, 9), (5, 1), (5, 2), (5, 3), (5, 4), (5, 5), (5, 7), (5, 8), (5, 9), (5, 10)]","[(0, 0), (0, 1), (0, 2), (0, 3), (0, 4), (0, 5), (0, 6), (0, 7), (0, 8), (0, 9), (0, 10), (1, 2), (1, 8), (1, 10), (2, 0), (2, 2), (2, 4), (2, 5), (2, 6), (2, 8), (2, 10), (3, 0), (3, 2), (3, 6), (3, 8), (3, 10), (4, 0), (4, 2), (4, 3), (4, 4), (4, 6), (4, 8), (4, 10), (5, 0), (5, 6), (6, 0), (6, 1), (6, 2), (6, 3), (6, 4), (6, 5), (6, 6), (6, 7), (6, 8), (6, 9), (6, 10)]"
images/0070/maze_0070.jpg,"1;1;1;1;1;1;1;1;1
S;0;0;0;1;0;0;0;1
1;1;1;0;1;0;1;0;1
1;0;0;0;1;0;1;0;1
1;0;1;1;1;1;1;0;1
1;0;0;0;0;0;0;0;1
1;1;1;1;1;1;1;0;1
1;0;0;0;0;0;0;0;1
1;1;1;1;1;1;1;E;1","(1, 0)","(8, 7)",9x9,33,48,1,2,1,2,"[(1, 1)]","[(0, 0), (2, 0)]","[(7, 7)]","[(8, 6), (8, 8)]","[(1, 0), (1, 1), (1, 2), (1, 3), (1, 5), (1, 6), (1, 7), (2, 3), (2, 5), (2, 7), (3, 1), (3, 2), (3, 3), (3, 5), (3, 7), (4, 1), (4, 7), (5, 1), (5, 2), (5, 3), (5, 4), (5, 5), (5, 6), (5, 7), (6, 7), (7, 1), (7, 2), (7, 3), (7, 4), (7, 5), (7, 6), (7, 7), (8, 7)]","[(0, 0), (0, 1), (0, 2), (0, 3), (0, 4), (0, 5), (0, 6), (0, 7), (0, 8), (1, 4), (1, 8), (2, 0), (2, 1), (2, 2), (2, 4), (2, 6), (2, 8), (3, 0), (3, 4), (3, 6), (3, 8), (4, 0), (4, 2), (4, 3), (4, 4), (4, 5), (4, 6), (4, 8), (5, 0), (5, 8), (6, 0), (6, 1), (6, 2), (6, 3), (6, 4), (6, 5), (6, 6), (6, 8), (7, 0), (7, 8), (8, 0), (8, 1), (8, 2), (8, 3), (8, 4), (8, 5), (8, 6), (8, 8)]"
images/1608/maze_1608.jpg,"1;1;1;1;1;1;1;1;1
S;0;1;0;0;0;0;0;1
1;0;1;0;1;1;1;0;1
1;0;1;0;1;0;0;0;1
1;0;1;1;1;0;1;1;1
1;0;0;0;1;0;0;0;1
1;1;1;0;1;1;1;0;1
1;0;1;0;1;0;0;0;1
1;0;1;0;1;0;1;1;1
1;0;1;0;1;0;0;0;1
1;0;1;0;1;0;1;0;1
1;0;1;0;1;0;1;0;1
1;0;1;0;1;1;1;0;1
1;0;0;0;0;0;0;0;E
1;1;1;1;1;1;1;1;1","(1, 0)","(13, 8)",15x9,57,78,1,2,1,2,"[(1, 1)]","[(0, 0), (2, 0)]","[(13, 7)]","[(12, 8), (14, 8)]","[(1, 0), (1, 1), (1, 3), (1, 4), (1, 5), (1, 6), (1, 7), (2, 1), (2, 3), (2, 7), (3, 1), (3, 3), (3, 5), (3, 6), (3, 7), (4, 1), (4, 5), (5, 1), (5, 2), (5, 3), (5, 5), (5, 6), (5, 7), (6, 3), (6, 7), (7, 1), (7, 3), (7, 5), (7, 6), (7, 7), (8, 1), (8, 3), (8, 5), (9, 1), (9, 3), (9, 5), (9, 6), (9, 7), (10, 1), (10, 3), (10, 5), (10, 7), (11, 1), (11, 3), (11, 5), (11, 7), (12, 1), (12, 3), (12, 7), (13, 1), (13, 2), (13, 3), (13, 4), (13, 5), (13, 6), (13, 7), (13, 8)]","[(0, 0), (0, 1), (0, 2), (0, 3), (0, 4), (0, 5), (0, 6), (0, 7), (0, 8), (1, 2), (1, 8), (2, 0), (2, 2), (2, 4), (2, 5), (2, 6), (2, 8), (3, 0), (3, 2), (3, 4), (3, 8), (4, 0), (4, 2), (4, 3), (4, 4), (4, 6), (4, 7), (4, 8), (5, 0), (5, 4), (5, 8), (6, 0), (6, 1), (6, 2), (6, 4), (6, 5), (6, 6), (6, 8), (7, 0), (7, 2), (7, 4), (7, 8), (8, 0), (8, 2), (8, 4), (8, 6), (8, 7), (8, 8), (9, 0), (9, 2), (9, 4), (9, 8), (10, 0), (10, 2), (10, 4), (10, 6), (10, 8), (11, 0), (11, 2), (11, 4), (11, 6), (11, 8), (12, 0), (12, 2), (12, 4), (12, 5), (12, 6), (12, 8), (13, 0), (14, 0), (14, 1), (14, 2), (14, 3), (14, 4), (14, 5), (14, 6), (14, 7), (14, 8)]"
images/1532/maze_1532.jpg,"1;1;1;1;1;1;1;1;1;1;1;1;1;1;1
S;0;0;0;0;0;1;0;1;0;0;0;0;0;1
1;1;1;1;1;0;1;0;1;0;1;1;1;0;1
1;0;0;0;0;0;1;0;0;0;1;0;0;0;1
1;0;1;1;1;1;1;0;1;1;1;0;1;0;1
1;0;0;0;1;0;1;0;1;0;0;0;1;0;1
1;1;1;0;1;0;1;0;1;0;1;1;1;0;1
1;0;0;0;1;0;0;0;1;0;1;0;1;0;1
1;0;1;1;1;1;1;1;1;0;1;0;1;0;1
1;0;0;0;0;0;0;0;0;0;1;0;0;0;E
1;1;1;1;1;1;1;1;1;1;1;1;1;1;1","(1, 0)","(9, 14)",11x15,71,94,1,2,1,2,"[(1, 1)]","[(0, 0), (2, 0)]","[(9, 13)]","[(8, 14), (10, 14)]","[(1, 0), (1, 1), (1, 2), (1, 3), (1, 4), (1, 5), (1, 7), (1, 9), (1, 10), (1, 11), (1, 12), (1, 13), (2, 5), (2, 7), (2, 9), (2, 13), (3, 1), (3, 2), (3, 3), (3, 4), (3, 5), (3, 7), (3, 8), (3, 9), (3, 11), (3, 12), (3, 13), (4, 1), (4, 7), (4, 11), (4, 13), (5, 1), (5, 2), (5, 3), (5, 5), (5, 7), (5, 9), (5, 10), (5, 11), (5, 13), (6, 3), (6, 5), (6, 7), (6, 9), (6, 13), (7, 1), (7, 2), (7, 3), (7, 5), (7, 6), (7, 7), (7, 9), (7, 11), (7, 13), (8, 1), (8, 9), (8, 11), (8, 13), (9, 1), (9, 2), (9, 3), (9, 4), (9, 5), (9, 6), (9, 7), (9, 8), (9, 9), (9, 11), (9, 12), (9, 13), (9, 14)]","[(0, 0), (0, 1), (0, 2), (0, 3), (0, 4), (0, 5), (0, 6), (0, 7), (0, 8), (0, 9), (0, 10), (0, 11), (0, 12), (0, 13), (0, 14), (1, 6), (1, 8), (1, 14), (2, 0), (2, 1), (2, 2), (2, 3), (2, 4), (2, 6), (2, 8), (2, 10), (2, 11), (2, 12), (2, 14), (3, 0), (3, 6), (3, 10), (3, 14), (4, 0), (4, 2), (4, 3), (4, 4), (4, 5), (4, 6), (4, 8), (4, 9), (4, 10), (4, 12), (4, 14), (5, 0), (5, 4), (5, 6), (5, 8), (5, 12), (5, 14), (6, 0), (6, 1), (6, 2), (6, 4), (6, 6), (6, 8), (6, 10), (6, 11), (6, 12), (6, 14), (7, 0), (7, 4), (7, 8), (7, 10), (7, 12), (7, 14), (8, 0), (8, 2), (8, 3), (8, 4), (8, 5), (8, 6), (8, 7), (8, 8), (8, 10), (8, 12), (8, 14), (9, 0), (9, 10), (10, 0), (10, 1), (10, 2), (10, 3), (10, 4), (10, 5), (10, 6), (10, 7), (10, 8), (10, 9), (10, 10), (10, 11), (10, 12), (10, 13), (10, 14)]"
images/0247/maze_0247.jpg,"1;1;1;1;1;1;1;1;1;1;1;1;1;1;1
S;0;0;0;1;0;1;0;0;0;0;0;0;0;1
1;1;1;0;1;0;1;0;1;1;1;0;1;0;1
1;0;1;0;1;0;1;0;1;0;1;0;1;0;1
1;0;1;0;1;0;1;0;1;0;1;0;1;0;1
1;0;1;0;1;0;0;0;0;0;1;0;1;0;1
1;0;1;0;1;1;1;1;1;1;1;0;1;1;1
1;0;1;0;0;0;0;0;0;0;1;0;0;0;1
1;0;1;1;1;1;1;1;1;0;1;0;1;0;1
1;0;1;0;0;0;1;0;0;0;1;0;1;0;1
1;0;1;0;1;0;1;0;1;1;1;1;1;0;1
1;0;0;0;1;0;0;0;1;0;0;0;0;0;1
1;0;1;1;1;1;1;1;1;0;1;1;1;0;1
1;0;0;0;0;0;0;0;0;0;1;0;0;0;E
1;1;1;1;1;1;1;1;1;1;1;1;1;1;1","(1, 0)","(13, 14)",15x15,99,126,1,2,1,2,"[(1, 1)]","[(0, 0), (2, 0)]","[(13, 13)]","[(12, 14), (14, 14)]","[(1, 0), (1, 1), (1, 2), (1, 3), (1, 5), (1, 7), (1, 8), (1, 9), (1, 10), (1, 11), (1, 12), (1, 13), (2, 3), (2, 5), (2, 7), (2, 11), (2, 13), (3, 1), (3, 3), (3, 5), (3, 7), (3, 9), (3, 11), (3, 13), (4, 1), (4, 3), (4, 5), (4, 7), (4, 9), (4, 11), (4, 13), (5, 1), (5, 3), (5, 5), (5, 6), (5, 7), (5, 8), (5, 9), (5, 11), (5, 13), (6, 1), (6, 3), (6, 11), (7, 1), (7, 3), (7, 4), (7, 5), (7, 6), (7, 7), (7, 8), (7, 9), (7, 11), (7, 12), (7, 13), (8, 1), (8, 9), (8, 11), (8, 13), (9, 1), (9, 3), (9, 4), (9, 5), (9, 7), (9, 8), (9, 9), (9, 11), (9, 13), (10, 1), (10, 3), (10, 5), (10, 7), (10, 13), (11, 1), (11, 2), (11, 3), (11, 5), (11, 6), (11, 7), (11, 9), (11, 10), (11, 11), (11, 12), (11, 13), (12, 1), (12, 9), (12, 13), (13, 1), (13, 2), (13, 3), (13, 4), (13, 5), (13, 6), (13, 7), (13, 8), (13, 9), (13, 11), (13, 12), (13, 13), (13, 14)]","[(0, 0), (0, 1), (0, 2), (0, 3), (0, 4), (0, 5), (0, 6), (0, 7), (0, 8), (0, 9), (0, 10), (0, 11), (0, 12), (0, 13), (0, 14), (1, 4), (1, 6), (1, 14), (2, 0), (2, 1), (2, 2), (2, 4), (2, 6), (2, 8), (2, 9), (2, 10), (2, 12), (2, 14), (3, 0), (3, 2), (3, 4), (3, 6), (3, 8), (3, 10), (3, 12), (3, 14), (4, 0), (4, 2), (4, 4), (4, 6), (4, 8), (4, 10), (4, 12), (4, 14), (5, 0), (5, 2), (5, 4), (5, 10), (5, 12), (5, 14), (6, 0), (6, 2), (6, 4), (6, 5), (6, 6), (6, 7), (6, 8), (6, 9), (6, 10), (6, 12), (6, 13), (6, 14), (7, 0), (7, 2), (7, 10), (7, 14), (8, 0), (8, 2), (8, 3), (8, 4), (8, 5), (8, 6), (8, 7), (8, 8), (8, 10), (8, 12), (8, 14), (9, 0), (9, 2), (9, 6), (9, 10), (9, 12), (9, 14), (10, 0), (10, 2), (10, 4), (10, 6), (10, 8), (10, 9), (10, 10), (10, 11), (10, 12), (10, 14), (11, 0), (11, 4), (11, 8), (11, 14), (12, 0), (12, 2), (12, 3), (12, 4), (12, 5), (12, 6), (12, 7), (12, 8), (12, 10), (12, 11), (12, 12), (12, 14), (13, 0), (13, 10), (14, 0), (14, 1), (14, 2), (14, 3), (14, 4), (14, 5), (14, 6), (14, 7), (14, 8), (14, 9), (14, 10), (14, 11), (14, 12), (14, 13), (14, 14)]"
images/1450/maze_1450.jpg,"1;1;1;1;1;1;1;1;1;1;1;1;1
S;0;1;0;0;0;0;0;0;0;0;0;1
1;0;1;0;1;1;1;1;1;1;1;0;1
1;0;1;0;0;0;0;0;0;0;1;0;1
1;0;1;1;1;1;1;1;1;1;1;0;1
1;0;0;0;0;0;0;0;0;0;1;0;1
1;1;1;1;1;1;1;1;1;0;1;0;1
1;0;0;0;0;0;1;0;0;0;1;0;1
1;0;1;0;1;1;1;0;1;1;1;0;1
1;0;1;0;0;0;0;0;0;0;0;0;1
1;1;1;1;1;1;1;1;1;1;1;E;1","(1, 0)","(10, 11)",11x13,61,82,1,2,1,2,"[(1, 1)]","[(0, 0), (2, 0)]","[(9, 11)]","[(10, 10), (10, 12)]","[(1, 0), (1, 1), (1, 3), (1, 4), (1, 5), (1, 6), (1, 7), (1, 8), (1, 9), (1, 10), (1, 11), (2, 1), (2, 3), (2, 11), (3, 1), (3, 3), (3, 4), (3, 5), (3, 6), (3, 7), (3, 8), (3, 9), (3, 11), (4, 1), (4, 11), (5, 1), (5, 2), (5, 3), (5, 4), (5, 5), (5, 6), (5, 7), (5, 8), (5, 9), (5, 11), (6, 9), (6, 11), (7, 1), (7, 2), (7, 3), (7, 4), (7, 5), (7, 7), (7, 8), (7, 9), (7, 11), (8, 1), (8, 3), (8, 7), (8, 11), (9, 1), (9, 3), (9, 4), (9, 5), (9, 6), (9, 7), (9, 8), (9, 9), (9, 10), (9, 11), (10, 11)]","[(0, 0), (0, 1), (0, 2), (0, 3), (0, 4), (0, 5), (0, 6), (0, 7), (0, 8), (0, 9), (0, 10), (0, 11), (0, 12), (1, 2), (1, 12), (2, 0), (2, 2), (2, 4), (2, 5), (2, 6), (2, 7), (2, 8), (2, 9), (2, 10), (2, 12), (3, 0), (3, 2), (3, 10), (3, 12), (4, 0), (4, 2), (4, 3), (4, 4), (4, 5), (4, 6), (4, 7), (4, 8), (4, 9), (4, 10), (4, 12), (5, 0), (5, 10), (5, 12), (6, 0), (6, 1), (6, 2), (6, 3), (6, 4), (6, 5), (6, 6), (6, 7), (6, 8), (6, 10), (6, 12), (7, 0), (7, 6), (7, 10), (7, 12), (8, 0), (8, 2), (8, 4), (8, 5), (8, 6), (8, 8), (8, 9), (8, 10), (8, 12), (9, 0), (9, 2), (9, 12), (10, 0), (10, 1), (10, 2), (10, 3), (10, 4), (10, 5), (10, 6), (10, 7), (10, 8), (10, 9), (10, 10), (10, 12)]"
images/0212/maze_0212.jpg,"1;1;1;1;1;1;1
S;0;0;0;0;0;1
1;1;1;1;1;0;1
1;0;0;0;1;0;1
1;1;1;0;1;0;1
1;0;0;0;1;0;1
1;0;1;1;1;0;1
1;0;0;0;0;0;1
1;0;1;1;1;1;1
1;0;0;0;0;0;E
1;1;1;1;1;1;1","(1, 0)","(9, 6)",11x7,31,46,1,2,1,2,"[(1, 1)]","[(0, 0), (2, 0)]","[(9, 5)]","[(8, 6), (10, 6)]","[(1, 0), (1, 1), (1, 2), (1, 3), (1, 4), (1, 5), (2, 5), (3, 1), (3, 2), (3, 3), (3, 5), (4, 3), (4, 5), (5, 1), (5, 2), (5, 3), (5, 5), (6, 1), (6, 5), (7, 1), (7, 2), (7, 3), (7, 4), (7, 5), (8, 1), (9, 1), (9, 2), (9, 3), (9, 4), (9, 5), (9, 6)]","[(0, 0), (0, 1), (0, 2), (0, 3), (0, 4), (0, 5), (0, 6), (1, 6), (2, 0), (2, 1), (2, 2), (2, 3), (2, 4), (2, 6), (3, 0), (3, 4), (3, 6), (4, 0), (4, 1), (4, 2), (4, 4), (4, 6), (5, 0), (5, 4), (5, 6), (6, 0), (6, 2), (6, 3), (6, 4), (6, 6), (7, 0), (7, 6), (8, 0), (8, 2), (8, 3), (8, 4), (8, 5), (8, 6), (9, 0), (10, 0), (10, 1), (10, 2), (10, 3), (10, 4), (10, 5), (10, 6)]"
images/0909/maze_0909.jpg,"1;1;1;1;1;1;1;1;1
S;0;1;0;0;0;0;0;1
1;0;1;1;1;0;1;0;1
1;0;1;0;0;0;1;0;1
1;0;1;0;1;1;1;0;1
1;0;0;0;1;0;0;0;1
1;1;1;1;1;0;1;1;1
1;0;0;0;1;0;0;0;1
1;0;1;1;1;1;1;0;1
1;0;1;0;0;0;1;0;1
1;0;1;0;1;0;1;0;1
1;0;0;0;1;0;0;0;1
1;1;1;1;1;1;1;E;1","(1, 0)","(12, 7)",13x9,49,68,1,2,1,2,"[(1, 1)]","[(0, 0), (2, 0)]","[(11, 7)]","[(12, 6), (12, 8)]","[(1, 0), (1, 1), (1, 3), (1, 4), (1, 5), (1, 6), (1, 7), (2, 1), (2, 5), (2, 7), (3, 1), (3, 3), (3, 4), (3, 5), (3, 7), (4, 1), (4, 3), (4, 7), (5, 1), (5, 2), (5, 3), (5, 5), (5, 6), (5, 7), (6, 5), (7, 1), (7, 2), (7, 3), (7, 5), (7, 6), (7, 7), (8, 1), (8, 7), (9, 1), (9, 3), (9, 4), (9, 5), (9, 7), (10, 1), (10, 3), (10, 5), (10, 7), (11, 1), (11, 2), (11, 3), (11, 5), (11, 6), (11, 7), (12, 7)]","[(0, 0), (0, 1), (0, 2), (0, 3), (0, 4), (0, 5), (0, 6), (0, 7), (0, 8), (1, 2), (1, 8), (2, 0), (2, 2), (2, 3), (2, 4), (2, 6), (2, 8), (3, 0), (3, 2), (3, 6), (3, 8), (4, 0), (4, 2), (4, 4), (4, 5), (4, 6), (4, 8), (5, 0), (5, 4), (5, 8), (6, 0), (6, 1), (6, 2), (6, 3), (6, 4), (6, 6), (6, 7), (6, 8), (7, 0), (7, 4), (7, 8), (8, 0), (8, 2), (8, 3), (8, 4), (8, 5), (8, 6), (8, 8), (9, 0), (9, 2), (9, 6), (9, 8), (10, 0), (10, 2), (10, 4), (10, 6), (10, 8), (11, 0), (11, 4), (11, 8), (12, 0), (12, 1), (12, 2), (12, 3), (12, 4), (12, 5), (12, 6), (12, 8)]"
images/1741/maze_1741.jpg,"1;1;1;1;1;1;1;1;1;1;1;1;1;1;1
S;0;1;0;0;0;0;0;0;0;1;0;0;0;1
1;0;1;0;1;1;1;1;1;0;1;0;1;0;1
1;0;1;0;0;0;1;0;0;0;1;0;1;0;1
1;0;1;1;1;0;1;1;1;1;1;0;1;0;1
1;0;0;0;1;0;0;0;0;0;0;0;1;0;1
1;1;1;0;1;1;1;1;1;1;1;1;1;0;1
1;0;1;0;0;0;0;0;0;0;1;0;0;0;1
1;0;1;1;1;1;1;1;1;0;1;0;1;0;1
1;0;1;0;0;0;0;0;1;0;1;0;1;0;1
1;0;1;0;1;0;1;1;1;0;1;0;1;0;1
1;0;0;0;1;0;0;0;0;0;0;0;1;0;1
1;1;1;1;1;1;1;1;1;1;1;1;1;E;1","(1, 0)","(12, 13)",13x15,85,110,1,2,1,2,"[(1, 1)]","[(0, 0), (2, 0)]","[(11, 13)]","[(12, 12), (12, 14)]","[(1, 0), (1, 1), (1, 3), (1, 4), (1, 5), (1, 6), (1, 7), (1, 8), (1, 9), (1, 11), (1, 12), (1, 13), (2, 1), (2, 3), (2, 9), (2, 11), (2, 13), (3, 1), (3, 3), (3, 4), (3, 5), (3, 7), (3, 8), (3, 9), (3, 11), (3, 13), (4, 1), (4, 5), (4, 11), (4, 13), (5, 1), (5, 2), (5, 3), (5, 5), (5, 6), (5, 7), (5, 8), (5, 9), (5, 10), (5, 11), (5, 13), (6, 3), (6, 13), (7, 1), (7, 3), (7, 4), (7, 5), (7, 6), (7, 7), (7, 8), (7, 9), (7, 11), (7, 12), (7, 13), (8, 1), (8, 9), (8, 11), (8, 13), (9, 1), (9, 3), (9, 4), (9, 5), (9, 6), (9, 7), (9, 9), (9, 11), (9, 13), (10, 1), (10, 3), (10, 5), (10, 9), (10, 11), (10, 13), (11, 1), (11, 2), (11, 3), (11, 5), (11, 6), (11, 7), (11, 8), (11, 9), (11, 10), (11, 11), (11, 13), (12, 13)]","[(0, 0), (0, 1), (0, 2), (0, 3), (0, 4), (0, 5), (0, 6), (0, 7), (0, 8), (0, 9), (0, 10), (0, 11), (0, 12), (0, 13), (0, 14), (1, 2), (1, 10), (1, 14), (2, 0), (2, 2), (2, 4), (2, 5), (2, 6), (2, 7), (2, 8), (2, 10), (2, 12), (2, 14), (3, 0), (3, 2), (3, 6), (3, 10), (3, 12), (3, 14), (4, 0), (4, 2), (4, 3), (4, 4), (4, 6), (4, 7), (4, 8), (4, 9), (4, 10), (4, 12), (4, 14), (5, 0), (5, 4), (5, 12), (5, 14), (6, 0), (6, 1), (6, 2), (6, 4), (6, 5), (6, 6), (6, 7), (6, 8), (6, 9), (6, 10), (6, 11), (6, 12), (6, 14), (7, 0), (7, 2), (7, 10), (7, 14), (8, 0), (8, 2), (8, 3), (8, 4), (8, 5), (8, 6), (8, 7), (8, 8), (8, 10), (8, 12), (8, 14), (9, 0), (9, 2), (9, 8), (9, 10), (9, 12), (9, 14), (10, 0), (10, 2), (10, 4), (10, 6), (10, 7), (10, 8), (10, 10), (10, 12), (10, 14), (11, 0), (11, 4), (11, 12), (11, 14), (12, 0), (12, 1), (12, 2), (12, 3), (12, 4), (12, 5), (12, 6), (12, 7), (12, 8), (12, 9), (12, 10), (12, 11), (12, 12), (12, 14)]"
images/1244/maze_1244.jpg,"1;1;1;1;1;1;1;1;1;1;1
S;0;1;0;0;0;0;0;0;0;1
1;0;1;1;1;0;1;1;1;0;1
1;0;1;0;0;0;1;0;0;0;1
1;0;1;0;1;1;1;0;1;1;1
1;0;1;0;0;0;1;0;1;0;1
1;0;1;1;1;0;1;0;1;0;1
1;0;0;0;0;0;1;0;0;0;1
1;1;1;1;1;1;1;1;1;E;1","(1, 0)","(8, 9)",9x11,41,58,1,2,1,2,"[(1, 1)]","[(0, 0), (2, 0)]","[(7, 9)]","[(8, 8), (8, 10)]","[(1, 0), (1, 1), (1, 3), (1, 4), (1, 5), (1, 6), (1, 7), (1, 8), (1, 9), (2, 1), (2, 5), (2, 9), (3, 1), (3, 3), (3, 4), (3, 5), (3, 7), (3, 8), (3, 9), (4, 1), (4, 3), (4, 7), (5, 1), (5, 3), (5, 4), (5, 5), (5, 7), (5, 9), (6, 1), (6, 5), (6, 7), (6, 9), (7, 1), (7, 2), (7, 3), (7, 4), (7, 5), (7, 7), (7, 8), (7, 9), (8, 9)]","[(0, 0), (0, 1), (0, 2), (0, 3), (0, 4), (0, 5), (0, 6), (0, 7), (0, 8), (0, 9), (0, 10), (1, 2), (1, 10), (2, 0), (2, 2), (2, 3), (2, 4), (2, 6), (2, 7), (2, 8), (2, 10), (3, 0), (3, 2), (3, 6), (3, 10), (4, 0), (4, 2), (4, 4), (4, 5), (4, 6), (4, 8), (4, 9), (4, 10), (5, 0), (5, 2), (5, 6), (5, 8), (5, 10), (6, 0), (6, 2), (6, 3), (6, 4), (6, 6), (6, 8), (6, 10), (7, 0), (7, 6), (7, 10), (8, 0), (8, 1), (8, 2), (8, 3), (8, 4), (8, 5), (8, 6), (8, 7), (8, 8), (8, 10)]"
images/1696/maze_1696.jpg,"1;1;1;1;1;1;1;1;1
S;0;1;0;0;0;0;0;1
1;0;1;0;1;1;1;0;1
1;0;1;0;1;0;0;0;1
1;0;1;0;1;0;1;1;1
1;0;1;0;1;0;0;0;1
1;0;1;1;1;1;1;0;1
1;0;0;0;0;0;0;0;E
1;1;1;1;1;1;1;1;1","(1, 0)","(7, 8)",9x9,33,48,1,2,1,2,"[(1, 1)]","[(0, 0), (2, 0)]","[(7, 7)]","[(6, 8), (8, 8)]","[(1, 0), (1, 1), (1, 3), (1, 4), (1, 5), (1, 6), (1, 7), (2, 1), (2, 3), (2, 7), (3, 1), (3, 3), (3, 5), (3, 6), (3, 7), (4, 1), (4, 3), (4, 5), (5, 1), (5, 3), (5, 5), (5, 6), (5, 7), (6, 1), (6, 7), (7, 1), (7, 2), (7, 3), (7, 4), (7, 5), (7, 6), (7, 7), (7, 8)]","[(0, 0), (0, 1), (0, 2), (0, 3), (0, 4), (0, 5), (0, 6), (0, 7), (0, 8), (1, 2), (1, 8), (2, 0), (2, 2), (2, 4), (2, 5), (2, 6), (2, 8), (3, 0), (3, 2), (3, 4), (3, 8), (4, 0), (4, 2), (4, 4), (4, 6), (4, 7), (4, 8), (5, 0), (5, 2), (5, 4), (5, 8), (6, 0), (6, 2), (6, 3), (6, 4), (6, 5), (6, 6), (6, 8), (7, 0), (8, 0), (8, 1), (8, 2), (8, 3), (8, 4), (8, 5), (8, 6), (8, 7), (8, 8)]"
images/1182/maze_1182.jpg,"1;1;1;1;1;1;1;1;1;1;1
S;0;1;0;0;0;0;0;0;0;1
1;0;1;0;1;1;1;1;1;0;1
1;0;1;0;0;0;0;0;1;0;1
1;0;1;1;1;1;1;0;1;0;1
1;0;0;0;1;0;0;0;1;0;1
1;1;1;0;1;1;1;1;1;0;1
1;0;1;0;1;0;0;0;1;0;1
1;0;1;0;1;0;1;0;1;0;1
1;0;1;0;1;0;1;0;1;0;1
1;0;1;0;1;0;1;0;1;0;1
1;0;0;0;0;0;1;0;0;0;E
1;1;1;1;1;1;1;1;1;1;1","(1, 0)","(11, 10)",13x11,61,82,1,2,1,2,"[(1, 1)]","[(0, 0), (2, 0)]","[(11, 9)]","[(10, 10), (12, 10)]","[(1, 0), (1, 1), (1, 3), (1, 4), (1, 5), (1, 6), (1, 7), (1, 8), (1, 9), (2, 1), (2, 3), (2, 9), (3, 1), (3, 3), (3, 4), (3, 5), (3, 6), (3, 7), (3, 9), (4, 1), (4, 7), (4, 9), (5, 1), (5, 2), (5, 3), (5, 5), (5, 6), (5, 7), (5, 9), (6, 3), (6, 9), (7, 1), (7, 3), (7, 5), (7, 6), (7, 7), (7, 9), (8, 1), (8, 3), (8, 5), (8, 7), (8, 9), (9, 1), (9, 3), (9, 5), (9, 7), (9, 9), (10, 1), (10, 3), (10, 5), (10, 7), (10, 9), (11, 1), (11, 2), (11, 3), (11, 4), (11, 5), (11, 7), (11, 8), (11, 9), (11, 10)]","[(0, 0), (0, 1), (0, 2), (0, 3), (0, 4), (0, 5), (0, 6), (0, 7), (0, 8), (0, 9), (0, 10), (1, 2), (1, 10), (2, 0), (2, 2), (2, 4), (2, 5), (2, 6), (2, 7), (2, 8), (2, 10), (3, 0), (3, 2), (3, 8), (3, 10), (4, 0), (4, 2), (4, 3), (4, 4), (4, 5), (4, 6), (4, 8), (4, 10), (5, 0), (5, 4), (5, 8), (5, 10), (6, 0), (6, 1), (6, 2), (6, 4), (6, 5), (6, 6), (6, 7), (6, 8), (6, 10), (7, 0), (7, 2), (7, 4), (7, 8), (7, 10), (8, 0), (8, 2), (8, 4), (8, 6), (8, 8), (8, 10), (9, 0), (9, 2), (9, 4), (9, 6), (9, 8), (9, 10), (10, 0), (10, 2), (10, 4), (10, 6), (10, 8), (10, 10), (11, 0), (11, 6), (12, 0), (12, 1), (12, 2), (12, 3), (12, 4), (12, 5), (12, 6), (12, 7), (12, 8), (12, 9), (12, 10)]"
images/0361/maze_0361.jpg,"1;1;1;1;1;1;1
S;0;1;0;0;0;1
1;0;1;1;1;0;1
1;0;1;0;0;0;1
1;0;1;0;1;0;1
1;0;0;0;1;0;1
1;1;1;1;1;E;1","(1, 0)","(6, 5)",7x7,19,30,1,2,1,2,"[(1, 1)]","[(0, 0), (2, 0)]","[(5, 5)]","[(6, 4), (6, 6)]","[(1, 0), (1, 1), (1, 3), (1, 4), (1, 5), (2, 1), (2, 5), (3, 1), (3, 3), (3, 4), (3, 5), (4, 1), (4, 3), (4, 5), (5, 1), (5, 2), (5, 3), (5, 5), (6, 5)]","[(0, 0), (0, 1), (0, 2), (0, 3), (0, 4), (0, 5), (0, 6), (1, 2), (1, 6), (2, 0), (2, 2), (2, 3), (2, 4), (2, 6), (3, 0), (3, 2), (3, 6), (4, 0), (4, 2), (4, 4), (4, 6), (5, 0), (5, 4), (5, 6), (6, 0), (6, 1), (6, 2), (6, 3), (6, 4), (6, 6)]"
images/1473/maze_1473.jpg,"1;1;1;1;1;1;1;1;1;1;1
S;0;1;0;0;0;0;0;1;0;1
1;0;1;1;1;0;1;0;1;0;1
1;0;0;0;0;0;1;0;1;0;1
1;1;1;1;1;1;1;0;1;0;1
1;0;1;0;0;0;1;0;1;0;1
1;0;1;0;1;0;1;0;1;0;1
1;0;0;0;1;0;0;0;0;0;1
1;1;1;1;1;1;1;1;1;E;1","(1, 0)","(8, 9)",9x11,41,58,1,2,1,2,"[(1, 1)]","[(0, 0), (2, 0)]","[(7, 9)]","[(8, 8), (8, 10)]","[(1, 0), (1, 1), (1, 3), (1, 4), (1, 5), (1, 6), (1, 7), (1, 9), (2, 1), (2, 5), (2, 7), (2, 9), (3, 1), (3, 2), (3, 3), (3, 4), (3, 5), (3, 7), (3, 9), (4, 7), (4, 9), (5, 1), (5, 3), (5, 4), (5, 5), (5, 7), (5, 9), (6, 1), (6, 3), (6, 5), (6, 7), (6, 9), (7, 1), (7, 2), (7, 3), (7, 5), (7, 6), (7, 7), (7, 8), (7, 9), (8, 9)]","[(0, 0), (0, 1), (0, 2), (0, 3), (0, 4), (0, 5), (0, 6), (0, 7), (0, 8), (0, 9), (0, 10), (1, 2), (1, 8), (1, 10), (2, 0), (2, 2), (2, 3), (2, 4), (2, 6), (2, 8), (2, 10), (3, 0), (3, 6), (3, 8), (3, 10), (4, 0), (4, 1), (4, 2), (4, 3), (4, 4), (4, 5), (4, 6), (4, 8), (4, 10), (5, 0), (5, 2), (5, 6), (5, 8), (5, 10), (6, 0), (6, 2), (6, 4), (6, 6), (6, 8), (6, 10), (7, 0), (7, 4), (7, 10), (8, 0), (8, 1), (8, 2), (8, 3), (8, 4), (8, 5), (8, 6), (8, 7), (8, 8), (8, 10)]"
images/0678/maze_0678.jpg,"1;1;1;1;1;1;1;1;1;1;1;1;1;1;1
S;0;0;0;1;0;0;0;0;0;0;0;0;0;1
1;1;1;0;1;0;1;1;1;1;1;0;1;1;1
1;0;1;0;1;0;1;0;0;0;1;0;0;0;1
1;0;1;0;1;1;1;0;1;0;1;1;1;0;1
1;0;0;0;1;0;0;0;1;0;0;0;1;0;1
1;0;1;1;1;0;1;1;1;1;1;0;1;0;1
1;0;0;0;0;0;1;0;0;0;0;0;1;0;1
1;1;1;1;1;1;1;0;1;1;1;1;1;0;1
1;0;0;0;0;0;1;0;1;0;0;0;0;0;1
1;0;1;0;1;1;1;0;1;1;1;0;1;0;1
1;0;1;0;0;0;0;0;0;0;0;0;1;0;E
1;1;1;1;1;1;1;1;1;1;1;1;1;1;1","(1, 0)","(11, 14)",13x15,85,110,1,2,1,2,"[(1, 1)]","[(0, 0), (2, 0)]","[(11, 13)]","[(10, 14), (12, 14)]","[(1, 0), (1, 1), (1, 2), (1, 3), (1, 5), (1, 6), (1, 7), (1, 8), (1, 9), (1, 10), (1, 11), (1, 12), (1, 13), (2, 3), (2, 5), (2, 11), (3, 1), (3, 3), (3, 5), (3, 7), (3, 8), (3, 9), (3, 11), (3, 12), (3, 13), (4, 1), (4, 3), (4, 7), (4, 9), (4, 13), (5, 1), (5, 2), (5, 3), (5, 5), (5, 6), (5, 7), (5, 9), (5, 10), (5, 11), (5, 13), (6, 1), (6, 5), (6, 11), (6, 13), (7, 1), (7, 2), (7, 3), (7, 4), (7, 5), (7, 7), (7, 8), (7, 9), (7, 10), (7, 11), (7, 13), (8, 7), (8, 13), (9, 1), (9, 2), (9, 3), (9, 4), (9, 5), (9, 7), (9, 9), (9, 10), (9, 11), (9, 12), (9, 13), (10, 1), (10, 3), (10, 7), (10, 11), (10, 13), (11, 1), (11, 3), (11, 4), (11, 5), (11, 6), (11, 7), (11, 8), (11, 9), (11, 10), (11, 11), (11, 13), (11, 14)]","[(0, 0), (0, 1), (0, 2), (0, 3), (0, 4), (0, 5), (0, 6), (0, 7), (0, 8), (0, 9), (0, 10), (0, 11), (0, 12), (0, 13), (0, 14), (1, 4), (1, 14), (2, 0), (2, 1), (2, 2), (2, 4), (2, 6), (2, 7), (2, 8), (2, 9), (2, 10), (2, 12), (2, 13), (2, 14), (3, 0), (3, 2), (3, 4), (3, 6), (3, 10), (3, 14), (4, 0), (4, 2), (4, 4), (4, 5), (4, 6), (4, 8), (4, 10), (4, 11), (4, 12), (4, 14), (5, 0), (5, 4), (5, 8), (5, 12), (5, 14), (6, 0), (6, 2), (6, 3), (6, 4), (6, 6), (6, 7), (6, 8), (6, 9), (6, 10), (6, 12), (6, 14), (7, 0), (7, 6), (7, 12), (7, 14), (8, 0), (8, 1), (8, 2), (8, 3), (8, 4), (8, 5), (8, 6), (8, 8), (8, 9), (8, 10), (8, 11), (8, 12), (8, 14), (9, 0), (9, 6), (9, 8), (9, 14), (10, 0), (10, 2), (10, 4), (10, 5), (10, 6), (10, 8), (10, 9), (10, 10), (10, 12), (10, 14), (11, 0), (11, 2), (11, 12), (12, 0), (12, 1), (12, 2), (12, 3), (12, 4), (12, 5), (12, 6), (12, 7), (12, 8), (12, 9), (12, 10), (12, 11), (12, 12), (12, 13), (12, 14)]"
images/1621/maze_1621.jpg,"1;1;1;1;1;1;1;1;1;1;1
S;0;0;0;1;0;0;0;1;0;1
1;1;1;0;1;0;1;0;1;0;1
1;0;1;0;0;0;1;0;1;0;1
1;0;1;1;1;1;1;0;1;0;1
1;0;0;0;0;0;0;0;0;0;E
1;1;1;1;1;1;1;1;1;1;1","(1, 0)","(5, 10)",7x11,31,46,1,2,1,2,"[(1, 1)]","[(0, 0), (2, 0)]","[(5, 9)]","[(4, 10), (6, 10)]","[(1, 0), (1, 1), (1, 2), (1, 3), (1, 5), (1, 6), (1, 7), (1, 9), (2, 3), (2, 5), (2, 7), (2, 9), (3, 1), (3, 3), (3, 4), (3, 5), (3, 7), (3, 9), (4, 1), (4, 7), (4, 9), (5, 1), (5, 2), (5, 3), (5, 4), (5, 5), (5, 6), (5, 7), (5, 8), (5, 9), (5, 10)]","[(0, 0), (0, 1), (0, 2), (0, 3), (0, 4), (0, 5), (0, 6), (0, 7), (0, 8), (0, 9), (0, 10), (1, 4), (1, 8), (1, 10), (2, 0), (2, 1), (2, 2), (2, 4), (2, 6), (2, 8), (2, 10), (3, 0), (3, 2), (3, 6), (3, 8), (3, 10), (4, 0), (4, 2), (4, 3), (4, 4), (4, 5), (4, 6), (4, 8), (4, 10), (5, 0), (6, 0), (6, 1), (6, 2), (6, 3), (6, 4), (6, 5), (6, 6), (6, 7), (6, 8), (6, 9), (6, 10)]"
images/1089/maze_1089.jpg,"1;1;1;1;1;1;1;1;1;1;1;1;1;1;1
S;0;0;0;1;0;1;0;0;0;0;0;0;0;1
1;1;1;0;1;0;1;0;1;1;1;1;1;0;1
1;0;1;0;1;0;0;0;1;0;0;0;0;0;1
1;0;1;0;1;0;1;1;1;0;1;1;1;0;1
1;0;0;0;1;0;1;0;0;0;1;0;1;0;1
1;0;1;1;1;1;1;0;1;1;1;0;1;0;1
1;0;0;0;0;0;0;0;1;0;0;0;0;0;E
1;1;1;1;1;1;1;1;1;1;1;1;1;1;1","(1, 0)","(7, 14)",9x15,57,78,1,2,1,2,"[(1, 1)]","[(0, 0), (2, 0)]","[(7, 13)]","[(6, 14), (8, 14)]","[(1, 0), (1, 1), (1, 2), (1, 3), (1, 5), (1, 7), (1, 8), (1, 9), (1, 10), (1, 11), (1, 12), (1, 13), (2, 3), (2, 5), (2, 7), (2, 13), (3, 1), (3, 3), (3, 5), (3, 6), (3, 7), (3, 9), (3, 10), (3, 11), (3, 12), (3, 13), (4, 1), (4, 3), (4, 5), (4, 9), (4, 13), (5, 1), (5, 2), (5, 3), (5, 5), (5, 7), (5, 8), (5, 9), (5, 11), (5, 13), (6, 1), (6, 7), (6, 11), (6, 13), (7, 1), (7, 2), (7, 3), (7, 4), (7, 5), (7, 6), (7, 7), (7, 9), (7, 10), (7, 11), (7, 12), (7, 13), (7, 14)]","[(0, 0), (0, 1), (0, 2), (0, 3), (0, 4), (0, 5), (0, 6), (0, 7), (0, 8), (0, 9), (0, 10), (0, 11), (0, 12), (0, 13), (0, 14), (1, 4), (1, 6), (1, 14), (2, 0), (2, 1), (2, 2), (2, 4), (2, 6), (2, 8), (2, 9), (2, 10), (2, 11), (2, 12), (2, 14), (3, 0), (3, 2), (3, 4), (3, 8), (3, 14), (4, 0), (4, 2), (4, 4), (4, 6), (4, 7), (4, 8), (4, 10), (4, 11), (4, 12), (4, 14), (5, 0), (5, 4), (5, 6), (5, 10), (5, 12), (5, 14), (6, 0), (6, 2), (6, 3), (6, 4), (6, 5), (6, 6), (6, 8), (6, 9), (6, 10), (6, 12), (6, 14), (7, 0), (7, 8), (8, 0), (8, 1), (8, 2), (8, 3), (8, 4), (8, 5), (8, 6), (8, 7), (8, 8), (8, 9), (8, 10), (8, 11), (8, 12), (8, 13), (8, 14)]"
images/1987/maze_1987.jpg,"1;1;1;1;1;1;1
S;0;1;0;0;0;1
1;0;1;1;1;0;1
1;0;0;0;1;0;1
1;1;1;0;1;0;1
1;0;1;0;1;0;1
1;0;1;0;1;0;1
1;0;1;0;1;0;1
1;0;1;0;1;0;1
1;0;0;0;1;0;1
1;0;1;1;1;0;1
1;0;0;0;0;0;1
1;1;1;1;1;E;1","(1, 0)","(12, 5)",13x7,37,54,1,2,1,2,"[(1, 1)]","[(0, 0), (2, 0)]","[(11, 5)]","[(12, 4), (12, 6)]","[(1, 0), (1, 1), (1, 3), (1, 4), (1, 5), (2, 1), (2, 5), (3, 1), (3, 2), (3, 3), (3, 5), (4, 3), (4, 5), (5, 1), (5, 3), (5, 5), (6, 1), (6, 3), (6, 5), (7, 1), (7, 3), (7, 5), (8, 1), (8, 3), (8, 5), (9, 1), (9, 2), (9, 3), (9, 5), (10, 1), (10, 5), (11, 1), (11, 2), (11, 3), (11, 4), (11, 5), (12, 5)]","[(0, 0), (0, 1), (0, 2), (0, 3), (0, 4), (0, 5), (0, 6), (1, 2), (1, 6), (2, 0), (2, 2), (2, 3), (2, 4), (2, 6), (3, 0), (3, 4), (3, 6), (4, 0), (4, 1), (4, 2), (4, 4), (4, 6), (5, 0), (5, 2), (5, 4), (5, 6), (6, 0), (6, 2), (6, 4), (6, 6), (7, 0), (7, 2), (7, 4), (7, 6), (8, 0), (8, 2), (8, 4), (8, 6), (9, 0), (9, 4), (9, 6), (10, 0), (10, 2), (10, 3), (10, 4), (10, 6), (11, 0), (11, 6), (12, 0), (12, 1), (12, 2), (12, 3), (12, 4), (12, 6)]"
images/1847/maze_1847.jpg,"1;1;1;1;1;1;1;1;1;1;1
S;0;0;0;0;0;1;0;0;0;1
1;1;1;1;1;0;1;1;1;0;1
1;0;0;0;0;0;1;0;0;0;1
1;0;1;1;1;1;1;0;1;0;1
1;0;0;0;1;0;0;0;1;0;1
1;1;1;0;1;0;1;0;1;0;1
1;0;1;0;1;0;1;0;1;0;1
1;0;1;0;1;1;1;0;1;0;1
1;0;0;0;1;0;0;0;1;0;1
1;0;1;1;1;0;1;1;1;0;1
1;0;0;0;0;0;1;0;0;0;E
1;1;1;1;1;1;1;1;1;1;1","(1, 0)","(11, 10)",13x11,61,82,1,2,1,2,"[(1, 1)]","[(0, 0), (2, 0)]","[(11, 9)]","[(10, 10), (12, 10)]","[(1, 0), (1, 1), (1, 2), (1, 3), (1, 4), (1, 5), (1, 7), (1, 8), (1, 9), (2, 5), (2, 9), (3, 1), (3, 2), (3, 3), (3, 4), (3, 5), (3, 7), (3, 8), (3, 9), (4, 1), (4, 7), (4, 9), (5, 1), (5, 2), (5, 3), (5, 5), (5, 6), (5, 7), (5, 9), (6, 3), (6, 5), (6, 7), (6, 9), (7, 1), (7, 3), (7, 5), (7, 7), (7, 9), (8, 1), (8, 3), (8, 7), (8, 9), (9, 1), (9, 2), (9, 3), (9, 5), (9, 6), (9, 7), (9, 9), (10, 1), (10, 5), (10, 9), (11, 1), (11, 2), (11, 3), (11, 4), (11, 5), (11, 7), (11, 8), (11, 9), (11, 10)]","[(0, 0), (0, 1), (0, 2), (0, 3), (0, 4), (0, 5), (0, 6), (0, 7), (0, 8), (0, 9), (0, 10), (1, 6), (1, 10), (2, 0), (2, 1), (2, 2), (2, 3), (2, 4), (2, 6), (2, 7), (2, 8), (2, 10), (3, 0), (3, 6), (3, 10), (4, 0), (4, 2), (4, 3), (4, 4), (4, 5), (4, 6), (4, 8), (4, 10), (5, 0), (5, 4), (5, 8), (5, 10), (6, 0), (6, 1), (6, 2), (6, 4), (6, 6), (6, 8), (6, 10), (7, 0), (7, 2), (7, 4), (7, 6), (7, 8), (7, 10), (8, 0), (8, 2), (8, 4), (8, 5), (8, 6), (8, 8), (8, 10), (9, 0), (9, 4), (9, 8), (9, 10), (10, 0), (10, 2), (10, 3), (10, 4), (10, 6), (10, 7), (10, 8), (10, 10), (11, 0), (11, 6), (12, 0), (12, 1), (12, 2), (12, 3), (12, 4), (12, 5), (12, 6), (12, 7), (12, 8), (12, 9), (12, 10)]"
images/0987/maze_0987.jpg,"1;1;1;1;1;1;1
S;0;0;0;1;0;1
1;1;1;0;1;0;1
1;0;1;0;1;0;1
1;0;1;0;1;0;1
1;0;0;0;0;0;1
1;1;1;1;1;E;1","(1, 0)","(6, 5)",7x7,19,30,1,2,1,2,"[(1, 1)]","[(0, 0), (2, 0)]","[(5, 5)]","[(6, 4), (6, 6)]","[(1, 0), (1, 1), (1, 2), (1, 3), (1, 5), (2, 3), (2, 5), (3, 1), (3, 3), (3, 5), (4, 1), (4, 3), (4, 5), (5, 1), (5, 2), (5, 3), (5, 4), (5, 5), (6, 5)]","[(0, 0), (0, 1), (0, 2), (0, 3), (0, 4), (0, 5), (0, 6), (1, 4), (1, 6), (2, 0), (2, 1), (2, 2), (2, 4), (2, 6), (3, 0), (3, 2), (3, 4), (3, 6), (4, 0), (4, 2), (4, 4), (4, 6), (5, 0), (5, 6), (6, 0), (6, 1), (6, 2), (6, 3), (6, 4), (6, 6)]"
images/1512/maze_1512.jpg,"1;1;1;1;1;1;1;1;1;1;1;1;1
S;0;0;0;1;0;0;0;0;0;0;0;1
1;1;1;0;1;1;1;1;1;0;1;0;1
1;0;0;0;1;0;0;0;0;0;1;0;1
1;0;1;1;1;0;1;1;1;1;1;0;1
1;0;1;0;0;0;1;0;0;0;1;0;1
1;0;1;1;1;0;1;1;1;0;1;0;1
1;0;0;0;1;0;1;0;0;0;1;0;1
1;1;1;0;1;0;1;0;1;1;1;0;1
1;0;1;0;0;0;1;0;0;0;0;0;1
1;0;1;1;1;1;1;0;1;1;1;1;1
1;0;0;0;0;0;0;0;0;0;0;0;1
1;1;1;1;1;1;1;1;1;1;1;E;1","(1, 0)","(12, 11)",13x13,73,96,1,2,1,2,"[(1, 1)]","[(0, 0), (2, 0)]","[(11, 11)]","[(12, 10), (12, 12)]","[(1, 0), (1, 1), (1, 2), (1, 3), (1, 5), (1, 6), (1, 7), (1, 8), (1, 9), (1, 10), (1, 11), (2, 3), (2, 9), (2, 11), (3, 1), (3, 2), (3, 3), (3, 5), (3, 6), (3, 7), (3, 8), (3, 9), (3, 11), (4, 1), (4, 5), (4, 11), (5, 1), (5, 3), (5, 4), (5, 5), (5, 7), (5, 8), (5, 9), (5, 11), (6, 1), (6, 5), (6, 9), (6, 11), (7, 1), (7, 2), (7, 3), (7, 5), (7, 7), (7, 8), (7, 9), (7, 11), (8, 3), (8, 5), (8, 7), (8, 11), (9, 1), (9, 3), (9, 4), (9, 5), (9, 7), (9, 8), (9, 9), (9, 10), (9, 11), (10, 1), (10, 7), (11, 1), (11, 2), (11, 3), (11, 4), (11, 5), (11, 6), (11, 7), (11, 8), (11, 9), (11, 10), (11, 11), (12, 11)]","[(0, 0), (0, 1), (0, 2), (0, 3), (0, 4), (0, 5), (0, 6), (0, 7), (0, 8), (0, 9), (0, 10), (0, 11), (0, 12), (1, 4), (1, 12), (2, 0), (2, 1), (2, 2), (2, 4), (2, 5), (2, 6), (2, 7), (2, 8), (2, 10), (2, 12), (3, 0), (3, 4), (3, 10), (3, 12), (4, 0), (4, 2), (4, 3), (4, 4), (4, 6), (4, 7), (4, 8), (4, 9), (4, 10), (4, 12), (5, 0), (5, 2), (5, 6), (5, 10), (5, 12), (6, 0), (6, 2), (6, 3), (6, 4), (6, 6), (6, 7), (6, 8), (6, 10), (6, 12), (7, 0), (7, 4), (7, 6), (7, 10), (7, 12), (8, 0), (8, 1), (8, 2), (8, 4), (8, 6), (8, 8), (8, 9), (8, 10), (8, 12), (9, 0), (9, 2), (9, 6), (9, 12), (10, 0), (10, 2), (10, 3), (10, 4), (10, 5), (10, 6), (10, 8), (10, 9), (10, 10), (10, 11), (10, 12), (11, 0), (11, 12), (12, 0), (12, 1), (12, 2), (12, 3), (12, 4), (12, 5), (12, 6), (12, 7), (12, 8), (12, 9), (12, 10), (12, 12)]"
images/0111/maze_0111.jpg,"1;1;1;1;1;1;1;1;1;1;1;1;1;1;1
S;0;1;0;0;0;1;0;0;0;0;0;0;0;1
1;0;1;0;1;0;1;0;1;1;1;1;1;0;1
1;0;0;0;1;0;1;0;0;0;1;0;0;0;1
1;1;1;1;1;0;1;0;1;0;1;0;1;1;1
1;0;0;0;1;0;1;0;1;0;1;0;1;0;1
1;0;1;0;1;0;1;1;1;0;1;0;1;0;1
1;0;1;0;0;0;0;0;0;0;1;0;0;0;E
1;1;1;1;1;1;1;1;1;1;1;1;1;1;1","(1, 0)","(7, 14)",9x15,57,78,1,2,1,2,"[(1, 1)]","[(0, 0), (2, 0)]","[(7, 13)]","[(6, 14), (8, 14)]","[(1, 0), (1, 1), (1, 3), (1, 4), (1, 5), (1, 7), (1, 8), (1, 9), (1, 10), (1, 11), (1, 12), (1, 13), (2, 1), (2, 3), (2, 5), (2, 7), (2, 13), (3, 1), (3, 2), (3, 3), (3, 5), (3, 7), (3, 8), (3, 9), (3, 11), (3, 12), (3, 13), (4, 5), (4, 7), (4, 9), (4, 11), (5, 1), (5, 2), (5, 3), (5, 5), (5, 7), (5, 9), (5, 11), (5, 13), (6, 1), (6, 3), (6, 5), (6, 9), (6, 11), (6, 13), (7, 1), (7, 3), (7, 4), (7, 5), (7, 6), (7, 7), (7, 8), (7, 9), (7, 11), (7, 12), (7, 13), (7, 14)]","[(0, 0), (0, 1), (0, 2), (0, 3), (0, 4), (0, 5), (0, 6), (0, 7), (0, 8), (0, 9), (0, 10), (0, 11), (0, 12), (0, 13), (0, 14), (1, 2), (1, 6), (1, 14), (2, 0), (2, 2), (2, 4), (2, 6), (2, 8), (2, 9), (2, 10), (2, 11), (2, 12), (2, 14), (3, 0), (3, 4), (3, 6), (3, 10), (3, 14), (4, 0), (4, 1), (4, 2), (4, 3), (4, 4), (4, 6), (4, 8), (4, 10), (4, 12), (4, 13), (4, 14), (5, 0), (5, 4), (5, 6), (5, 8), (5, 10), (5, 12), (5, 14), (6, 0), (6, 2), (6, 4), (6, 6), (6, 7), (6, 8), (6, 10), (6, 12), (6, 14), (7, 0), (7, 2), (7, 10), (8, 0), (8, 1), (8, 2), (8, 3), (8, 4), (8, 5), (8, 6), (8, 7), (8, 8), (8, 9), (8, 10), (8, 11), (8, 12), (8, 13), (8, 14)]"
images/1487/maze_1487.jpg,"1;1;1;1;1;1;1;1;1;1;1;1;1;1;1
S;0;0;0;1;0;0;0;0;0;0;0;0;0;1
1;1;1;0;1;1;1;1;1;1;1;0;1;1;1
1;0;1;0;0;0;1;0;0;0;1;0;0;0;1
1;0;1;1;1;0;1;0;1;0;1;1;1;0;1
1;0;0;0;0;0;0;0;1;0;0;0;0;0;E
1;1;1;1;1;1;1;1;1;1;1;1;1;1;1","(1, 0)","(5, 14)",7x15,43,62,1,2,1,2,"[(1, 1)]","[(0, 0), (2, 0)]","[(5, 13)]","[(4, 14), (6, 14)]","[(1, 0), (1, 1), (1, 2), (1, 3), (1, 5), (1, 6), (1, 7), (1, 8), (1, 9), (1, 10), (1, 11), (1, 12), (1, 13), (2, 3), (2, 11), (3, 1), (3, 3), (3, 4), (3, 5), (3, 7), (3, 8), (3, 9), (3, 11), (3, 12), (3, 13), (4, 1), (4, 5), (4, 7), (4, 9), (4, 13), (5, 1), (5, 2), (5, 3), (5, 4), (5, 5), (5, 6), (5, 7), (5, 9), (5, 10), (5, 11), (5, 12), (5, 13), (5, 14)]","[(0, 0), (0, 1), (0, 2), (0, 3), (0, 4), (0, 5), (0, 6), (0, 7), (0, 8), (0, 9), (0, 10), (0, 11), (0, 12), (0, 13), (0, 14), (1, 4), (1, 14), (2, 0), (2, 1), (2, 2), (2, 4), (2, 5), (2, 6), (2, 7), (2, 8), (2, 9), (2, 10), (2, 12), (2, 13), (2, 14), (3, 0), (3, 2), (3, 6), (3, 10), (3, 14), (4, 0), (4, 2), (4, 3), (4, 4), (4, 6), (4, 8), (4, 10), (4, 11), (4, 12), (4, 14), (5, 0), (5, 8), (6, 0), (6, 1), (6, 2), (6, 3), (6, 4), (6, 5), (6, 6), (6, 7), (6, 8), (6, 9), (6, 10), (6, 11), (6, 12), (6, 13), (6, 14)]"
images/1453/maze_1453.jpg,"1;1;1;1;1;1;1;1;1
S;0;1;0;0;0;0;0;1
1;0;1;0;1;1;1;0;1
1;0;1;0;1;0;0;0;1
1;0;1;0;1;0;1;1;1
1;0;0;0;1;0;1;0;1
1;1;1;1;1;0;1;0;1
1;0;0;0;0;0;0;0;E
1;1;1;1;1;1;1;1;1","(1, 0)","(7, 8)",9x9,33,48,1,2,1,2,"[(1, 1)]","[(0, 0), (2, 0)]","[(7, 7)]","[(6, 8), (8, 8)]","[(1, 0), (1, 1), (1, 3), (1, 4), (1, 5), (1, 6), (1, 7), (2, 1), (2, 3), (2, 7), (3, 1), (3, 3), (3, 5), (3, 6), (3, 7), (4, 1), (4, 3), (4, 5), (5, 1), (5, 2), (5, 3), (5, 5), (5, 7), (6, 5), (6, 7), (7, 1), (7, 2), (7, 3), (7, 4), (7, 5), (7, 6), (7, 7), (7, 8)]","[(0, 0), (0, 1), (0, 2), (0, 3), (0, 4), (0, 5), (0, 6), (0, 7), (0, 8), (1, 2), (1, 8), (2, 0), (2, 2), (2, 4), (2, 5), (2, 6), (2, 8), (3, 0), (3, 2), (3, 4), (3, 8), (4, 0), (4, 2), (4, 4), (4, 6), (4, 7), (4, 8), (5, 0), (5, 4), (5, 6), (5, 8), (6, 0), (6, 1), (6, 2), (6, 3), (6, 4), (6, 6), (6, 8), (7, 0), (8, 0), (8, 1), (8, 2), (8, 3), (8, 4), (8, 5), (8, 6), (8, 7), (8, 8)]"
images/0383/maze_0383.jpg,"1;1;1;1;1;1;1;1;1;1;1;1;1
S;0;0;0;0;0;0;0;0;0;0;0;1
1;1;1;1;1;1;1;1;1;1;1;0;1
1;0;0;0;0;0;0;0;0;0;1;0;1
1;0;1;1;1;1;1;1;1;1;1;0;1
1;0;0;0;0;0;1;0;0;0;1;0;1
1;0;1;1;1;0;1;0;1;0;1;0;1
1;0;0;0;1;0;0;0;1;0;0;0;E
1;1;1;1;1;1;1;1;1;1;1;1;1","(1, 0)","(7, 12)",9x13,49,68,1,2,1,2,"[(1, 1)]","[(0, 0), (2, 0)]","[(7, 11)]","[(6, 12), (8, 12)]","[(1, 0), (1, 1), (1, 2), (1, 3), (1, 4), (1, 5), (1, 6), (1, 7), (1, 8), (1, 9), (1, 10), (1, 11), (2, 11), (3, 1), (3, 2), (3, 3), (3, 4), (3, 5), (3, 6), (3, 7), (3, 8), (3, 9), (3, 11), (4, 1), (4, 11), (5, 1), (5, 2), (5, 3), (5, 4), (5, 5), (5, 7), (5, 8), (5, 9), (5, 11), (6, 1), (6, 5), (6, 7), (6, 9), (6, 11), (7, 1), (7, 2), (7, 3), (7, 5), (7, 6), (7, 7), (7, 9), (7, 10), (7, 11), (7, 12)]","[(0, 0), (0, 1), (0, 2), (0, 3), (0, 4), (0, 5), (0, 6), (0, 7), (0, 8), (0, 9), (0, 10), (0, 11), (0, 12), (1, 12), (2, 0), (2, 1), (2, 2), (2, 3), (2, 4), (2, 5), (2, 6), (2, 7), (2, 8), (2, 9), (2, 10), (2, 12), (3, 0), (3, 10), (3, 12), (4, 0), (4, 2), (4, 3), (4, 4), (4, 5), (4, 6), (4, 7), (4, 8), (4, 9), (4, 10), (4, 12), (5, 0), (5, 6), (5, 10), (5, 12), (6, 0), (6, 2), (6, 3), (6, 4), (6, 6), (6, 8), (6, 10), (6, 12), (7, 0), (7, 4), (7, 8), (8, 0), (8, 1), (8, 2), (8, 3), (8, 4), (8, 5), (8, 6), (8, 7), (8, 8), (8, 9), (8, 10), (8, 11), (8, 12)]"
images/1395/maze_1395.jpg,"1;1;1;1;1;1;1;1;1;1;1;1;1;1;1
S;0;0;0;1;0;0;0;1;0;0;0;0;0;1
1;1;1;0;1;0;1;0;1;0;1;0;1;1;1
1;0;1;0;0;0;1;0;1;0;1;0;0;0;1
1;0;1;1;1;1;1;0;1;1;1;1;1;0;1
1;0;0;0;0;0;1;0;0;0;0;0;0;0;1
1;1;1;1;1;0;1;1;1;1;1;1;1;0;1
1;0;0;0;0;0;1;0;0;0;1;0;0;0;1
1;0;1;1;1;1;1;0;1;0;1;0;1;1;1
1;0;0;0;0;0;0;0;1;0;0;0;0;0;E
1;1;1;1;1;1;1;1;1;1;1;1;1;1;1","(1, 0)","(9, 14)",11x15,71,94,1,2,1,2,"[(1, 1)]","[(0, 0), (2, 0)]","[(9, 13)]","[(8, 14), (10, 14)]","[(1, 0), (1, 1), (1, 2), (1, 3), (1, 5), (1, 6), (1, 7), (1, 9), (1, 10), (1, 11), (1, 12), (1, 13), (2, 3), (2, 5), (2, 7), (2, 9), (2, 11), (3, 1), (3, 3), (3, 4), (3, 5), (3, 7), (3, 9), (3, 11), (3, 12), (3, 13), (4, 1), (4, 7), (4, 13), (5, 1), (5, 2), (5, 3), (5, 4), (5, 5), (5, 7), (5, 8), (5, 9), (5, 10), (5, 11), (5, 12), (5, 13), (6, 5), (6, 13), (7, 1), (7, 2), (7, 3), (7, 4), (7, 5), (7, 7), (7, 8), (7, 9), (7, 11), (7, 12), (7, 13), (8, 1), (8, 7), (8, 9), (8, 11), (9, 1), (9, 2), (9, 3), (9, 4), (9, 5), (9, 6), (9, 7), (9, 9), (9, 10), (9, 11), (9, 12), (9, 13), (9, 14)]","[(0, 0), (0, 1), (0, 2), (0, 3), (0, 4), (0, 5), (0, 6), (0, 7), (0, 8), (0, 9), (0, 10), (0, 11), (0, 12), (0, 13), (0, 14), (1, 4), (1, 8), (1, 14), (2, 0), (2, 1), (2, 2), (2, 4), (2, 6), (2, 8), (2, 10), (2, 12), (2, 13), (2, 14), (3, 0), (3, 2), (3, 6), (3, 8), (3, 10), (3, 14), (4, 0), (4, 2), (4, 3), (4, 4), (4, 5), (4, 6), (4, 8), (4, 9), (4, 10), (4, 11), (4, 12), (4, 14), (5, 0), (5, 6), (5, 14), (6, 0), (6, 1), (6, 2), (6, 3), (6, 4), (6, 6), (6, 7), (6, 8), (6, 9), (6, 10), (6, 11), (6, 12), (6, 14), (7, 0), (7, 6), (7, 10), (7, 14), (8, 0), (8, 2), (8, 3), (8, 4), (8, 5), (8, 6), (8, 8), (8, 10), (8, 12), (8, 13), (8, 14), (9, 0), (9, 8), (10, 0), (10, 1), (10, 2), (10, 3), (10, 4), (10, 5), (10, 6), (10, 7), (10, 8), (10, 9), (10, 10), (10, 11), (10, 12), (10, 13), (10, 14)]"
images/1054/maze_1054.jpg,"1;1;1;1;1;1;1;1;1
S;0;1;0;0;0;0;0;1
1;0;1;1;1;1;1;0;1
1;0;1;0;0;0;0;0;1
1;0;1;0;1;1;1;0;1
1;0;0;0;1;0;1;0;1
1;1;1;1;1;0;1;0;1
1;0;0;0;0;0;0;0;E
1;1;1;1;1;1;1;1;1","(1, 0)","(7, 8)",9x9,33,48,1,2,1,2,"[(1, 1)]","[(0, 0), (2, 0)]","[(7, 7)]","[(6, 8), (8, 8)]","[(1, 0), (1, 1), (1, 3), (1, 4), (1, 5), (1, 6), (1, 7), (2, 1), (2, 7), (3, 1), (3, 3), (3, 4), (3, 5), (3, 6), (3, 7), (4, 1), (4, 3), (4, 7), (5, 1), (5, 2), (5, 3), (5, 5), (5, 7), (6, 5), (6, 7), (7, 1), (7, 2), (7, 3), (7, 4), (7, 5), (7, 6), (7, 7), (7, 8)]","[(0, 0), (0, 1), (0, 2), (0, 3), (0, 4), (0, 5), (0, 6), (0, 7), (0, 8), (1, 2), (1, 8), (2, 0), (2, 2), (2, 3), (2, 4), (2, 5), (2, 6), (2, 8), (3, 0), (3, 2), (3, 8), (4, 0), (4, 2), (4, 4), (4, 5), (4, 6), (4, 8), (5, 0), (5, 4), (5, 6), (5, 8), (6, 0), (6, 1), (6, 2), (6, 3), (6, 4), (6, 6), (6, 8), (7, 0), (8, 0), (8, 1), (8, 2), (8, 3), (8, 4), (8, 5), (8, 6), (8, 7), (8, 8)]"
images/0755/maze_0755.jpg,"1;1;1;1;1;1;1
S;0;1;0;0;0;1
1;0;1;0;1;0;1
1;0;1;0;1;0;1
1;0;1;0;1;0;1
1;0;0;0;1;0;1
1;1;1;1;1;0;1
1;0;0;0;1;0;1
1;0;1;1;1;0;1
1;0;0;0;0;0;1
1;1;1;1;1;E;1","(1, 0)","(10, 5)",11x7,31,46,1,2,1,2,"[(1, 1)]","[(0, 0), (2, 0)]","[(9, 5)]","[(10, 4), (10, 6)]","[(1, 0), (1, 1), (1, 3), (1, 4), (1, 5), (2, 1), (2, 3), (2, 5), (3, 1), (3, 3), (3, 5), (4, 1), (4, 3), (4, 5), (5, 1), (5, 2), (5, 3), (5, 5), (6, 5), (7, 1), (7, 2), (7, 3), (7, 5), (8, 1), (8, 5), (9, 1), (9, 2), (9, 3), (9, 4), (9, 5), (10, 5)]","[(0, 0), (0, 1), (0, 2), (0, 3), (0, 4), (0, 5), (0, 6), (1, 2), (1, 6), (2, 0), (2, 2), (2, 4), (2, 6), (3, 0), (3, 2), (3, 4), (3, 6), (4, 0), (4, 2), (4, 4), (4, 6), (5, 0), (5, 4), (5, 6), (6, 0), (6, 1), (6, 2), (6, 3), (6, 4), (6, 6), (7, 0), (7, 4), (7, 6), (8, 0), (8, 2), (8, 3), (8, 4), (8, 6), (9, 0), (9, 6), (10, 0), (10, 1), (10, 2), (10, 3), (10, 4), (10, 6)]"
images/0324/maze_0324.jpg,"1;1;1;1;1;1;1;1;1;1;1
S;0;0;0;1;0;0;0;0;0;1
1;1;1;0;1;0;1;0;1;1;1
1;0;1;0;1;0;1;0;0;0;1
1;0;1;0;1;0;1;1;1;0;1
1;0;0;0;1;0;0;0;1;0;1
1;0;1;1;1;1;1;1;1;0;1
1;0;0;0;0;0;0;0;0;0;E
1;1;1;1;1;1;1;1;1;1;1","(1, 0)","(7, 10)",9x11,41,58,1,2,1,2,"[(1, 1)]","[(0, 0), (2, 0)]","[(7, 9)]","[(6, 10), (8, 10)]","[(1, 0), (1, 1), (1, 2), (1, 3), (1, 5), (1, 6), (1, 7), (1, 8), (1, 9), (2, 3), (2, 5), (2, 7), (3, 1), (3, 3), (3, 5), (3, 7), (3, 8), (3, 9), (4, 1), (4, 3), (4, 5), (4, 9), (5, 1), (5, 2), (5, 3), (5, 5), (5, 6), (5, 7), (5, 9), (6, 1), (6, 9), (7, 1), (7, 2), (7, 3), (7, 4), (7, 5), (7, 6), (7, 7), (7, 8), (7, 9), (7, 10)]","[(0, 0), (0, 1), (0, 2), (0, 3), (0, 4), (0, 5), (0, 6), (0, 7), (0, 8), (0, 9), (0, 10), (1, 4), (1, 10), (2, 0), (2, 1), (2, 2), (2, 4), (2, 6), (2, 8), (2, 9), (2, 10), (3, 0), (3, 2), (3, 4), (3, 6), (3, 10), (4, 0), (4, 2), (4, 4), (4, 6), (4, 7), (4, 8), (4, 10), (5, 0), (5, 4), (5, 8), (5, 10), (6, 0), (6, 2), (6, 3), (6, 4), (6, 5), (6, 6), (6, 7), (6, 8), (6, 10), (7, 0), (8, 0), (8, 1), (8, 2), (8, 3), (8, 4), (8, 5), (8, 6), (8, 7), (8, 8), (8, 9), (8, 10)]"
images/1623/maze_1623.jpg,"1;1;1;1;1;1;1;1;1
S;0;1;0;0;0;0;0;1
1;0;1;1;1;1;1;0;1
1;0;0;0;1;0;0;0;1
1;1;1;0;1;0;1;0;1
1;0;1;0;1;0;1;0;1
1;0;1;0;1;0;1;0;1
1;0;0;0;1;0;1;0;1
1;0;1;1;1;0;1;1;1
1;0;1;0;0;0;0;0;1
1;0;1;1;1;1;1;0;1
1;0;0;0;0;0;0;0;1
1;1;1;1;1;1;1;E;1","(1, 0)","(12, 7)",13x9,49,68,1,2,1,2,"[(1, 1)]","[(0, 0), (2, 0)]","[(11, 7)]","[(12, 6), (12, 8)]","[(1, 0), (1, 1), (1, 3), (1, 4), (1, 5), (1, 6), (1, 7), (2, 1), (2, 7), (3, 1), (3, 2), (3, 3), (3, 5), (3, 6), (3, 7), (4, 3), (4, 5), (4, 7), (5, 1), (5, 3), (5, 5), (5, 7), (6, 1), (6, 3), (6, 5), (6, 7), (7, 1), (7, 2), (7, 3), (7, 5), (7, 7), (8, 1), (8, 5), (9, 1), (9, 3), (9, 4), (9, 5), (9, 6), (9, 7), (10, 1), (10, 7), (11, 1), (11, 2), (11, 3), (11, 4), (11, 5), (11, 6), (11, 7), (12, 7)]","[(0, 0), (0, 1), (0, 2), (0, 3), (0, 4), (0, 5), (0, 6), (0, 7), (0, 8), (1, 2), (1, 8), (2, 0), (2, 2), (2, 3), (2, 4), (2, 5), (2, 6), (2, 8), (3, 0), (3, 4), (3, 8), (4, 0), (4, 1), (4, 2), (4, 4), (4, 6), (4, 8), (5, 0), (5, 2), (5, 4), (5, 6), (5, 8), (6, 0), (6, 2), (6, 4), (6, 6), (6, 8), (7, 0), (7, 4), (7, 6), (7, 8), (8, 0), (8, 2), (8, 3), (8, 4), (8, 6), (8, 7), (8, 8), (9, 0), (9, 2), (9, 8), (10, 0), (10, 2), (10, 3), (10, 4), (10, 5), (10, 6), (10, 8), (11, 0), (11, 8), (12, 0), (12, 1), (12, 2), (12, 3), (12, 4), (12, 5), (12, 6), (12, 8)]"
images/0787/maze_0787.jpg,"1;1;1;1;1;1;1;1;1;1;1;1;1;1;1
S;0;1;0;0;0;1;0;0;0;0;0;0;0;1
1;0;1;1;1;0;1;0;1;1;1;1;1;0;1
1;0;0;0;1;0;1;0;0;0;1;0;0;0;1
1;1;1;0;1;0;1;1;1;0;1;0;1;1;1
1;0;1;0;1;0;0;0;1;0;1;0;0;0;1
1;0;1;0;1;0;1;0;1;0;1;1;1;0;1
1;0;1;0;1;0;1;0;0;0;1;0;0;0;1
1;0;1;0;1;1;1;1;1;1;1;0;1;0;1
1;0;1;0;0;0;0;0;1;0;0;0;1;0;1
1;0;1;1;1;1;1;0;1;0;1;1;1;0;1
1;0;0;0;0;0;0;0;0;0;1;0;0;0;E
1;1;1;1;1;1;1;1;1;1;1;1;1;1;1","(1, 0)","(11, 14)",13x15,85,110,1,2,1,2,"[(1, 1)]","[(0, 0), (2, 0)]","[(11, 13)]","[(10, 14), (12, 14)]","[(1, 0), (1, 1), (1, 3), (1, 4), (1, 5), (1, 7), (1, 8), (1, 9), (1, 10), (1, 11), (1, 12), (1, 13), (2, 1), (2, 5), (2, 7), (2, 13), (3, 1), (3, 2), (3, 3), (3, 5), (3, 7), (3, 8), (3, 9), (3, 11), (3, 12), (3, 13), (4, 3), (4, 5), (4, 9), (4, 11), (5, 1), (5, 3), (5, 5), (5, 6), (5, 7), (5, 9), (5, 11), (5, 12), (5, 13), (6, 1), (6, 3), (6, 5), (6, 7), (6, 9), (6, 13), (7, 1), (7, 3), (7, 5), (7, 7), (7, 8), (7, 9), (7, 11), (7, 12), (7, 13), (8, 1), (8, 3), (8, 11), (8, 13), (9, 1), (9, 3), (9, 4), (9, 5), (9, 6), (9, 7), (9, 9), (9, 10), (9, 11), (9, 13), (10, 1), (10, 7), (10, 9), (10, 13), (11, 1), (11, 2), (11, 3), (11, 4), (11, 5), (11, 6), (11, 7), (11, 8), (11, 9), (11, 11), (11, 12), (11, 13), (11, 14)]","[(0, 0), (0, 1), (0, 2), (0, 3), (0, 4), (0, 5), (0, 6), (0, 7), (0, 8), (0, 9), (0, 10), (0, 11), (0, 12), (0, 13), (0, 14), (1, 2), (1, 6), (1, 14), (2, 0), (2, 2), (2, 3), (2, 4), (2, 6), (2, 8), (2, 9), (2, 10), (2, 11), (2, 12), (2, 14), (3, 0), (3, 4), (3, 6), (3, 10), (3, 14), (4, 0), (4, 1), (4, 2), (4, 4), (4, 6), (4, 7), (4, 8), (4, 10), (4, 12), (4, 13), (4, 14), (5, 0), (5, 2), (5, 4), (5, 8), (5, 10), (5, 14), (6, 0), (6, 2), (6, 4), (6, 6), (6, 8), (6, 10), (6, 11), (6, 12), (6, 14), (7, 0), (7, 2), (7, 4), (7, 6), (7, 10), (7, 14), (8, 0), (8, 2), (8, 4), (8, 5), (8, 6), (8, 7), (8, 8), (8, 9), (8, 10), (8, 12), (8, 14), (9, 0), (9, 2), (9, 8), (9, 12), (9, 14), (10, 0), (10, 2), (10, 3), (10, 4), (10, 5), (10, 6), (10, 8), (10, 10), (10, 11), (10, 12), (10, 14), (11, 0), (11, 10), (12, 0), (12, 1), (12, 2), (12, 3), (12, 4), (12, 5), (12, 6), (12, 7), (12, 8), (12, 9), (12, 10), (12, 11), (12, 12), (12, 13), (12, 14)]"
images/0368/maze_0368.jpg,"1;1;1;1;1;1;1;1;1;1;1
S;0;1;0;0;0;0;0;0;0;1
1;0;1;0;1;0;1;1;1;0;1
1;0;1;0;1;0;1;0;0;0;1
1;0;1;1;1;0;1;1;1;1;1
1;0;0;0;1;0;0;0;0;0;1
1;1;1;0;1;1;1;1;1;0;1
1;0;1;0;0;0;0;0;0;0;1
1;0;1;1;1;1;1;1;1;0;1
1;0;1;0;0;0;1;0;0;0;1
1;0;1;0;1;0;1;0;1;1;1
1;0;0;0;1;0;1;0;1;0;1
1;0;1;1;1;0;1;0;1;0;1
1;0;0;0;1;0;0;0;0;0;E
1;1;1;1;1;1;1;1;1;1;1","(1, 0)","(13, 10)",15x11,71,94,1,2,1,2,"[(1, 1)]","[(0, 0), (2, 0)]","[(13, 9)]","[(12, 10), (14, 10)]","[(1, 0), (1, 1), (1, 3), (1, 4), (1, 5), (1, 6), (1, 7), (1, 8), (1, 9), (2, 1), (2, 3), (2, 5), (2, 9), (3, 1), (3, 3), (3, 5), (3, 7), (3, 8), (3, 9), (4, 1), (4, 5), (5, 1), (5, 2), (5, 3), (5, 5), (5, 6), (5, 7), (5, 8), (5, 9), (6, 3), (6, 9), (7, 1), (7, 3), (7, 4), (7, 5), (7, 6), (7, 7), (7, 8), (7, 9), (8, 1), (8, 9), (9, 1), (9, 3), (9, 4), (9, 5), (9, 7), (9, 8), (9, 9), (10, 1), (10, 3), (10, 5), (10, 7), (11, 1), (11, 2), (11, 3), (11, 5), (11, 7), (11, 9), (12, 1), (12, 5), (12, 7), (12, 9), (13, 1), (13, 2), (13, 3), (13, 5), (13, 6), (13, 7), (13, 8), (13, 9), (13, 10)]","[(0, 0), (0, 1), (0, 2), (0, 3), (0, 4), (0, 5), (0, 6), (0, 7), (0, 8), (0, 9), (0, 10), (1, 2), (1, 10), (2, 0), (2, 2), (2, 4), (2, 6), (2, 7), (2, 8), (2, 10), (3, 0), (3, 2), (3, 4), (3, 6), (3, 10), (4, 0), (4, 2), (4, 3), (4, 4), (4, 6), (4, 7), (4, 8), (4, 9), (4, 10), (5, 0), (5, 4), (5, 10), (6, 0), (6, 1), (6, 2), (6, 4), (6, 5), (6, 6), (6, 7), (6, 8), (6, 10), (7, 0), (7, 2), (7, 10), (8, 0), (8, 2), (8, 3), (8, 4), (8, 5), (8, 6), (8, 7), (8, 8), (8, 10), (9, 0), (9, 2), (9, 6), (9, 10), (10, 0), (10, 2), (10, 4), (10, 6), (10, 8), (10, 9), (10, 10), (11, 0), (11, 4), (11, 6), (11, 8), (11, 10), (12, 0), (12, 2), (12, 3), (12, 4), (12, 6), (12, 8), (12, 10), (13, 0), (13, 4), (14, 0), (14, 1), (14, 2), (14, 3), (14, 4), (14, 5), (14, 6), (14, 7), (14, 8), (14, 9), (14, 10)]"
images/1819/maze_1819.jpg,"1;1;1;1;1;1;1;1;1
S;0;0;0;1;0;0;0;1
1;1;1;0;1;0;1;0;1
1;0;1;0;1;0;1;0;1
1;0;1;0;1;0;1;0;1
1;0;0;0;1;0;1;0;1
1;0;1;1;1;0;1;0;1
1;0;1;0;0;0;1;0;1
1;0;1;1;1;0;1;0;1
1;0;0;0;1;0;1;0;1
1;1;1;0;1;0;1;1;1
1;0;0;0;1;0;0;0;1
1;0;1;1;1;1;1;0;1
1;0;0;0;0;0;0;0;E
1;1;1;1;1;1;1;1;1","(1, 0)","(13, 8)",15x9,57,78,1,2,1,2,"[(1, 1)]","[(0, 0), (2, 0)]","[(13, 7)]","[(12, 8), (14, 8)]","[(1, 0), (1, 1), (1, 2), (1, 3), (1, 5), (1, 6), (1, 7), (2, 3), (2, 5), (2, 7), (3, 1), (3, 3), (3, 5), (3, 7), (4, 1), (4, 3), (4, 5), (4, 7), (5, 1), (5, 2), (5, 3), (5, 5), (5, 7), (6, 1), (6, 5), (6, 7), (7, 1), (7, 3), (7, 4), (7, 5), (7, 7), (8, 1), (8, 5), (8, 7), (9, 1), (9, 2), (9, 3), (9, 5), (9, 7), (10, 3), (10, 5), (11, 1), (11, 2), (11, 3), (11, 5), (11, 6), (11, 7), (12, 1), (12, 7), (13, 1), (13, 2), (13, 3), (13, 4), (13, 5), (13, 6), (13, 7), (13, 8)]","[(0, 0), (0, 1), (0, 2), (0, 3), (0, 4), (0, 5), (0, 6), (0, 7), (0, 8), (1, 4), (1, 8), (2, 0), (2, 1), (2, 2), (2, 4), (2, 6), (2, 8), (3, 0), (3, 2), (3, 4), (3, 6), (3, 8), (4, 0), (4, 2), (4, 4), (4, 6), (4, 8), (5, 0), (5, 4), (5, 6), (5, 8), (6, 0), (6, 2), (6, 3), (6, 4), (6, 6), (6, 8), (7, 0), (7, 2), (7, 6), (7, 8), (8, 0), (8, 2), (8, 3), (8, 4), (8, 6), (8, 8), (9, 0), (9, 4), (9, 6), (9, 8), (10, 0), (10, 1), (10, 2), (10, 4), (10, 6), (10, 7), (10, 8), (11, 0), (11, 4), (11, 8), (12, 0), (12, 2), (12, 3), (12, 4), (12, 5), (12, 6), (12, 8), (13, 0), (14, 0), (14, 1), (14, 2), (14, 3), (14, 4), (14, 5), (14, 6), (14, 7), (14, 8)]"
images/0069/maze_0069.jpg,"1;1;1;1;1;1;1;1;1;1;1;1;1
S;0;0;0;1;0;1;0;0;0;0;0;1
1;1;1;0;1;0;1;0;1;1;1;0;1
1;0;1;0;1;0;1;0;0;0;1;0;1
1;0;1;0;1;0;1;1;1;0;1;0;1
1;0;0;0;1;0;0;0;0;0;1;0;1
1;0;1;1;1;1;1;1;1;1;1;0;1
1;0;0;0;0;0;0;0;1;0;0;0;1
1;1;1;1;1;1;1;0;1;0;1;0;1
1;0;0;0;0;0;0;0;0;0;1;0;1
1;1;1;1;1;1;1;1;1;1;1;E;1","(1, 0)","(10, 11)",11x13,61,82,1,2,1,2,"[(1, 1)]","[(0, 0), (2, 0)]","[(9, 11)]","[(10, 10), (10, 12)]","[(1, 0), (1, 1), (1, 2), (1, 3), (1, 5), (1, 7), (1, 8), (1, 9), (1, 10), (1, 11), (2, 3), (2, 5), (2, 7), (2, 11), (3, 1), (3, 3), (3, 5), (3, 7), (3, 8), (3, 9), (3, 11), (4, 1), (4, 3), (4, 5), (4, 9), (4, 11), (5, 1), (5, 2), (5, 3), (5, 5), (5, 6), (5, 7), (5, 8), (5, 9), (5, 11), (6, 1), (6, 11), (7, 1), (7, 2), (7, 3), (7, 4), (7, 5), (7, 6), (7, 7), (7, 9), (7, 10), (7, 11), (8, 7), (8, 9), (8, 11), (9, 1), (9, 2), (9, 3), (9, 4), (9, 5), (9, 6), (9, 7), (9, 8), (9, 9), (9, 11), (10, 11)]","[(0, 0), (0, 1), (0, 2), (0, 3), (0, 4), (0, 5), (0, 6), (0, 7), (0, 8), (0, 9), (0, 10), (0, 11), (0, 12), (1, 4), (1, 6), (1, 12), (2, 0), (2, 1), (2, 2), (2, 4), (2, 6), (2, 8), (2, 9), (2, 10), (2, 12), (3, 0), (3, 2), (3, 4), (3, 6), (3, 10), (3, 12), (4, 0), (4, 2), (4, 4), (4, 6), (4, 7), (4, 8), (4, 10), (4, 12), (5, 0), (5, 4), (5, 10), (5, 12), (6, 0), (6, 2), (6, 3), (6, 4), (6, 5), (6, 6), (6, 7), (6, 8), (6, 9), (6, 10), (6, 12), (7, 0), (7, 8), (7, 12), (8, 0), (8, 1), (8, 2), (8, 3), (8, 4), (8, 5), (8, 6), (8, 8), (8, 10), (8, 12), (9, 0), (9, 10), (9, 12), (10, 0), (10, 1), (10, 2), (10, 3), (10, 4), (10, 5), (10, 6), (10, 7), (10, 8), (10, 9), (10, 10), (10, 12)]"
images/0857/maze_0857.jpg,"1;1;1;1;1;1;1
S;0;1;0;0;0;1
1;0;1;0;1;0;1
1;0;0;0;1;0;1
1;1;1;1;1;0;1
1;0;0;0;0;0;1
1;0;1;1;1;1;1
1;0;1;0;0;0;1
1;0;1;0;1;0;1
1;0;1;0;1;0;1
1;0;1;1;1;0;1
1;0;0;0;1;0;1
1;1;1;0;1;0;1
1;0;0;0;0;0;E
1;1;1;1;1;1;1","(1, 0)","(13, 6)",15x7,43,62,1,2,1,2,"[(1, 1)]","[(0, 0), (2, 0)]","[(13, 5)]","[(12, 6), (14, 6)]","[(1, 0), (1, 1), (1, 3), (1, 4), (1, 5), (2, 1), (2, 3), (2, 5), (3, 1), (3, 2), (3, 3), (3, 5), (4, 5), (5, 1), (5, 2), (5, 3), (5, 4), (5, 5), (6, 1), (7, 1), (7, 3), (7, 4), (7, 5), (8, 1), (8, 3), (8, 5), (9, 1), (9, 3), (9, 5), (10, 1), (10, 5), (11, 1), (11, 2), (11, 3), (11, 5), (12, 3), (12, 5), (13, 1), (13, 2), (13, 3), (13, 4), (13, 5), (13, 6)]","[(0, 0), (0, 1), (0, 2), (0, 3), (0, 4), (0, 5), (0, 6), (1, 2), (1, 6), (2, 0), (2, 2), (2, 4), (2, 6), (3, 0), (3, 4), (3, 6), (4, 0), (4, 1), (4, 2), (4, 3), (4, 4), (4, 6), (5, 0), (5, 6), (6, 0), (6, 2), (6, 3), (6, 4), (6, 5), (6, 6), (7, 0), (7, 2), (7, 6), (8, 0), (8, 2), (8, 4), (8, 6), (9, 0), (9, 2), (9, 4), (9, 6), (10, 0), (10, 2), (10, 3), (10, 4), (10, 6), (11, 0), (11, 4), (11, 6), (12, 0), (12, 1), (12, 2), (12, 4), (12, 6), (13, 0), (14, 0), (14, 1), (14, 2), (14, 3), (14, 4), (14, 5), (14, 6)]"
images/1483/maze_1483.jpg,"1;1;1;1;1;1;1;1;1;1;1;1;1
S;0;0;0;1;0;0;0;0;0;0;0;1
1;1;1;0;1;0;1;1;1;0;1;1;1
1;0;0;0;1;0;0;0;1;0;0;0;1
1;0;1;1;1;1;1;1;1;1;1;0;1
1;0;0;0;0;0;1;0;0;0;0;0;1
1;1;1;1;1;0;1;0;1;1;1;0;1
1;0;0;0;0;0;0;0;1;0;0;0;E
1;1;1;1;1;1;1;1;1;1;1;1;1","(1, 0)","(7, 12)",9x13,49,68,1,2,1,2,"[(1, 1)]","[(0, 0), (2, 0)]","[(7, 11)]","[(6, 12), (8, 12)]","[(1, 0), (1, 1), (1, 2), (1, 3), (1, 5), (1, 6), (1, 7), (1, 8), (1, 9), (1, 10), (1, 11), (2, 3), (2, 5), (2, 9), (3, 1), (3, 2), (3, 3), (3, 5), (3, 6), (3, 7), (3, 9), (3, 10), (3, 11), (4, 1), (4, 11), (5, 1), (5, 2), (5, 3), (5, 4), (5, 5), (5, 7), (5, 8), (5, 9), (5, 10), (5, 11), (6, 5), (6, 7), (6, 11), (7, 1), (7, 2), (7, 3), (7, 4), (7, 5), (7, 6), (7, 7), (7, 9), (7, 10), (7, 11), (7, 12)]","[(0, 0), (0, 1), (0, 2), (0, 3), (0, 4), (0, 5), (0, 6), (0, 7), (0, 8), (0, 9), (0, 10), (0, 11), (0, 12), (1, 4), (1, 12), (2, 0), (2, 1), (2, 2), (2, 4), (2, 6), (2, 7), (2, 8), (2, 10), (2, 11), (2, 12), (3, 0), (3, 4), (3, 8), (3, 12), (4, 0), (4, 2), (4, 3), (4, 4), (4, 5), (4, 6), (4, 7), (4, 8), (4, 9), (4, 10), (4, 12), (5, 0), (5, 6), (5, 12), (6, 0), (6, 1), (6, 2), (6, 3), (6, 4), (6, 6), (6, 8), (6, 9), (6, 10), (6, 12), (7, 0), (7, 8), (8, 0), (8, 1), (8, 2), (8, 3), (8, 4), (8, 5), (8, 6), (8, 7), (8, 8), (8, 9), (8, 10), (8, 11), (8, 12)]"
images/1555/maze_1555.jpg,"1;1;1;1;1;1;1;1;1
S;0;1;0;0;0;0;0;1
1;0;1;1;1;1;1;0;1
1;0;0;0;0;0;0;0;1
1;1;1;1;1;1;1;0;1
1;0;0;0;0;0;1;0;1
1;0;1;0;1;1;1;0;1
1;0;1;0;0;0;0;0;E
1;1;1;1;1;1;1;1;1","(1, 0)","(7, 8)",9x9,33,48,1,2,1,2,"[(1, 1)]","[(0, 0), (2, 0)]","[(7, 7)]","[(6, 8), (8, 8)]","[(1, 0), (1, 1), (1, 3), (1, 4), (1, 5), (1, 6), (1, 7), (2, 1), (2, 7), (3, 1), (3, 2), (3, 3), (3, 4), (3, 5), (3, 6), (3, 7), (4, 7), (5, 1), (5, 2), (5, 3), (5, 4), (5, 5), (5, 7), (6, 1), (6, 3), (6, 7), (7, 1), (7, 3), (7, 4), (7, 5), (7, 6), (7, 7), (7, 8)]","[(0, 0), (0, 1), (0, 2), (0, 3), (0, 4), (0, 5), (0, 6), (0, 7), (0, 8), (1, 2), (1, 8), (2, 0), (2, 2), (2, 3), (2, 4), (2, 5), (2, 6), (2, 8), (3, 0), (3, 8), (4, 0), (4, 1), (4, 2), (4, 3), (4, 4), (4, 5), (4, 6), (4, 8), (5, 0), (5, 6), (5, 8), (6, 0), (6, 2), (6, 4), (6, 5), (6, 6), (6, 8), (7, 0), (7, 2), (8, 0), (8, 1), (8, 2), (8, 3), (8, 4), (8, 5), (8, 6), (8, 7), (8, 8)]"
images/1691/maze_1691.jpg,"1;1;1;1;1;1;1;1;1;1;1
S;0;0;0;0;0;0;0;1;0;1
1;1;1;1;1;1;1;0;1;0;1
1;0;0;0;1;0;1;0;1;0;1
1;0;1;0;1;0;1;0;1;0;1
1;0;1;0;0;0;1;0;0;0;1
1;0;1;1;1;1;1;1;1;0;1
1;0;0;0;0;0;0;0;1;0;1
1;0;1;1;1;0;1;1;1;0;1
1;0;0;0;1;0;0;0;0;0;1
1;1;1;1;1;1;1;1;1;E;1","(1, 0)","(10, 9)",11x11,51,70,1,2,1,2,"[(1, 1)]","[(0, 0), (2, 0)]","[(9, 9)]","[(10, 8), (10, 10)]","[(1, 0), (1, 1), (1, 2), (1, 3), (1, 4), (1, 5), (1, 6), (1, 7), (1, 9), (2, 7), (2, 9), (3, 1), (3, 2), (3, 3), (3, 5), (3, 7), (3, 9), (4, 1), (4, 3), (4, 5), (4, 7), (4, 9), (5, 1), (5, 3), (5, 4), (5, 5), (5, 7), (5, 8), (5, 9), (6, 1), (6, 9), (7, 1), (7, 2), (7, 3), (7, 4), (7, 5), (7, 6), (7, 7), (7, 9), (8, 1), (8, 5), (8, 9), (9, 1), (9, 2), (9, 3), (9, 5), (9, 6), (9, 7), (9, 8), (9, 9), (10, 9)]","[(0, 0), (0, 1), (0, 2), (0, 3), (0, 4), (0, 5), (0, 6), (0, 7), (0, 8), (0, 9), (0, 10), (1, 8), (1, 10), (2, 0), (2, 1), (2, 2), (2, 3), (2, 4), (2, 5), (2, 6), (2, 8), (2, 10), (3, 0), (3, 4), (3, 6), (3, 8), (3, 10), (4, 0), (4, 2), (4, 4), (4, 6), (4, 8), (4, 10), (5, 0), (5, 2), (5, 6), (5, 10), (6, 0), (6, 2), (6, 3), (6, 4), (6, 5), (6, 6), (6, 7), (6, 8), (6, 10), (7, 0), (7, 8), (7, 10), (8, 0), (8, 2), (8, 3), (8, 4), (8, 6), (8, 7), (8, 8), (8, 10), (9, 0), (9, 4), (9, 10), (10, 0), (10, 1), (10, 2), (10, 3), (10, 4), (10, 5), (10, 6), (10, 7), (10, 8), (10, 10)]"
images/1474/maze_1474.jpg,"1;1;1;1;1;1;1
S;0;1;0;0;0;1
1;0;1;0;1;1;1
1;0;1;0;0;0;1
1;0;1;1;1;0;1
1;0;0;0;0;0;1
1;1;1;1;1;0;1
1;0;1;0;0;0;1
1;0;1;0;1;1;1
1;0;0;0;1;0;1
1;0;1;1;1;0;1
1;0;0;0;0;0;1
1;1;1;1;1;E;1","(1, 0)","(12, 5)",13x7,37,54,1,2,1,2,"[(1, 1)]","[(0, 0), (2, 0)]","[(11, 5)]","[(12, 4), (12, 6)]","[(1, 0), (1, 1), (1, 3), (1, 4), (1, 5), (2, 1), (2, 3), (3, 1), (3, 3), (3, 4), (3, 5), (4, 1), (4, 5), (5, 1), (5, 2), (5, 3), (5, 4), (5, 5), (6, 5), (7, 1), (7, 3), (7, 4), (7, 5), (8, 1), (8, 3), (9, 1), (9, 2), (9, 3), (9, 5), (10, 1), (10, 5), (11, 1), (11, 2), (11, 3), (11, 4), (11, 5), (12, 5)]","[(0, 0), (0, 1), (0, 2), (0, 3), (0, 4), (0, 5), (0, 6), (1, 2), (1, 6), (2, 0), (2, 2), (2, 4), (2, 5), (2, 6), (3, 0), (3, 2), (3, 6), (4, 0), (4, 2), (4, 3), (4, 4), (4, 6), (5, 0), (5, 6), (6, 0), (6, 1), (6, 2), (6, 3), (6, 4), (6, 6), (7, 0), (7, 2), (7, 6), (8, 0), (8, 2), (8, 4), (8, 5), (8, 6), (9, 0), (9, 4), (9, 6), (10, 0), (10, 2), (10, 3), (10, 4), (10, 6), (11, 0), (11, 6), (12, 0), (12, 1), (12, 2), (12, 3), (12, 4), (12, 6)]"
images/1798/maze_1798.jpg,"1;1;1;1;1;1;1;1;1;1;1
S;0;1;0;0;0;0;0;1;0;1
1;0;1;0;1;1;1;0;1;0;1
1;0;0;0;1;0;1;0;1;0;1
1;1;1;1;1;0;1;0;1;0;1
1;0;0;0;0;0;1;0;1;0;1
1;0;1;1;1;0;1;0;1;0;1
1;0;0;0;1;0;1;0;0;0;1
1;1;1;0;1;0;1;1;1;0;1
1;0;0;0;1;0;0;0;1;0;1
1;0;1;1;1;0;1;1;1;0;1
1;0;0;0;1;0;1;0;0;0;1
1;0;1;0;1;1;1;0;1;1;1
1;0;1;0;0;0;0;0;0;0;1
1;1;1;1;1;1;1;1;1;E;1","(1, 0)","(14, 9)",15x11,71,94,1,2,1,2,"[(1, 1)]","[(0, 0), (2, 0)]","[(13, 9)]","[(14, 8), (14, 10)]","[(1, 0), (1, 1), (1, 3), (1, 4), (1, 5), (1, 6), (1, 7), (1, 9), (2, 1), (2, 3), (2, 7), (2, 9), (3, 1), (3, 2), (3, 3), (3, 5), (3, 7), (3, 9), (4, 5), (4, 7), (4, 9), (5, 1), (5, 2), (5, 3), (5, 4), (5, 5), (5, 7), (5, 9), (6, 1), (6, 5), (6, 7), (6, 9), (7, 1), (7, 2), (7, 3), (7, 5), (7, 7), (7, 8), (7, 9), (8, 3), (8, 5), (8, 9), (9, 1), (9, 2), (9, 3), (9, 5), (9, 6), (9, 7), (9, 9), (10, 1), (10, 5), (10, 9), (11, 1), (11, 2), (11, 3), (11, 5), (11, 7), (11, 8), (11, 9), (12, 1), (12, 3), (12, 7), (13, 1), (13, 3), (13, 4), (13, 5), (13, 6), (13, 7), (13, 8), (13, 9), (14, 9)]","[(0, 0), (0, 1), (0, 2), (0, 3), (0, 4), (0, 5), (0, 6), (0, 7), (0, 8), (0, 9), (0, 10), (1, 2), (1, 8), (1, 10), (2, 0), (2, 2), (2, 4), (2, 5), (2, 6), (2, 8), (2, 10), (3, 0), (3, 4), (3, 6), (3, 8), (3, 10), (4, 0), (4, 1), (4, 2), (4, 3), (4, 4), (4, 6), (4, 8), (4, 10), (5, 0), (5, 6), (5, 8), (5, 10), (6, 0), (6, 2), (6, 3), (6, 4), (6, 6), (6, 8), (6, 10), (7, 0), (7, 4), (7, 6), (7, 10), (8, 0), (8, 1), (8, 2), (8, 4), (8, 6), (8, 7), (8, 8), (8, 10), (9, 0), (9, 4), (9, 8), (9, 10), (10, 0), (10, 2), (10, 3), (10, 4), (10, 6), (10, 7), (10, 8), (10, 10), (11, 0), (11, 4), (11, 6), (11, 10), (12, 0), (12, 2), (12, 4), (12, 5), (12, 6), (12, 8), (12, 9), (12, 10), (13, 0), (13, 2), (13, 10), (14, 0), (14, 1), (14, 2), (14, 3), (14, 4), (14, 5), (14, 6), (14, 7), (14, 8), (14, 10)]"
images/0478/maze_0478.jpg,"1;1;1;1;1;1;1;1;1;1;1
S;0;0;0;0;0;0;0;0;0;1
1;1;1;1;1;1;1;1;1;0;1
1;0;0;0;0;0;1;0;0;0;1
1;0;1;1;1;1;1;0;1;1;1
1;0;0;0;0;0;0;0;0;0;E
1;1;1;1;1;1;1;1;1;1;1","(1, 0)","(5, 10)",7x11,31,46,1,2,1,2,"[(1, 1)]","[(0, 0), (2, 0)]","[(5, 9)]","[(4, 10), (6, 10)]","[(1, 0), (1, 1), (1, 2), (1, 3), (1, 4), (1, 5), (1, 6), (1, 7), (1, 8), (1, 9), (2, 9), (3, 1), (3, 2), (3, 3), (3, 4), (3, 5), (3, 7), (3, 8), (3, 9), (4, 1), (4, 7), (5, 1), (5, 2), (5, 3), (5, 4), (5, 5), (5, 6), (5, 7), (5, 8), (5, 9), (5, 10)]","[(0, 0), (0, 1), (0, 2), (0, 3), (0, 4), (0, 5), (0, 6), (0, 7), (0, 8), (0, 9), (0, 10), (1, 10), (2, 0), (2, 1), (2, 2), (2, 3), (2, 4), (2, 5), (2, 6), (2, 7), (2, 8), (2, 10), (3, 0), (3, 6), (3, 10), (4, 0), (4, 2), (4, 3), (4, 4), (4, 5), (4, 6), (4, 8), (4, 9), (4, 10), (5, 0), (6, 0), (6, 1), (6, 2), (6, 3), (6, 4), (6, 5), (6, 6), (6, 7), (6, 8), (6, 9), (6, 10)]"
images/0281/maze_0281.jpg,"1;1;1;1;1;1;1;1;1;1;1
S;0;0;0;1;0;0;0;0;0;1
1;1;1;0;1;0;1;1;1;1;1
1;0;0;0;1;0;0;0;0;0;1
1;0;1;1;1;1;1;0;1;0;1
1;0;0;0;0;0;1;0;1;0;1
1;1;1;1;1;0;1;0;1;0;1
1;0;1;0;0;0;1;0;1;0;1
1;0;1;0;1;1;1;1;1;0;1
1;0;0;0;0;0;0;0;0;0;1
1;1;1;1;1;1;1;1;1;E;1","(1, 0)","(10, 9)",11x11,51,70,1,2,1,2,"[(1, 1)]","[(0, 0), (2, 0)]","[(9, 9)]","[(10, 8), (10, 10)]","[(1, 0), (1, 1), (1, 2), (1, 3), (1, 5), (1, 6), (1, 7), (1, 8), (1, 9), (2, 3), (2, 5), (3, 1), (3, 2), (3, 3), (3, 5), (3, 6), (3, 7), (3, 8), (3, 9), (4, 1), (4, 7), (4, 9), (5, 1), (5, 2), (5, 3), (5, 4), (5, 5), (5, 7), (5, 9), (6, 5), (6, 7), (6, 9), (7, 1), (7, 3), (7, 4), (7, 5), (7, 7), (7, 9), (8, 1), (8, 3), (8, 9), (9, 1), (9, 2), (9, 3), (9, 4), (9, 5), (9, 6), (9, 7), (9, 8), (9, 9), (10, 9)]","[(0, 0), (0, 1), (0, 2), (0, 3), (0, 4), (0, 5), (0, 6), (0, 7), (0, 8), (0, 9), (0, 10), (1, 4), (1, 10), (2, 0), (2, 1), (2, 2), (2, 4), (2, 6), (2, 7), (2, 8), (2, 9), (2, 10), (3, 0), (3, 4), (3, 10), (4, 0), (4, 2), (4, 3), (4, 4), (4, 5), (4, 6), (4, 8), (4, 10), (5, 0), (5, 6), (5, 8), (5, 10), (6, 0), (6, 1), (6, 2), (6, 3), (6, 4), (6, 6), (6, 8), (6, 10), (7, 0), (7, 2), (7, 6), (7, 8), (7, 10), (8, 0), (8, 2), (8, 4), (8, 5), (8, 6), (8, 7), (8, 8), (8, 10), (9, 0), (9, 10), (10, 0), (10, 1), (10, 2), (10, 3), (10, 4), (10, 5), (10, 6), (10, 7), (10, 8), (10, 10)]"
images/1647/maze_1647.jpg,"1;1;1;1;1;1;1;1;1;1;1
S;0;1;0;0;0;0;0;0;0;1
1;0;1;0;1;1;1;1;1;0;1
1;0;1;0;1;0;0;0;0;0;1
1;0;1;1;1;0;1;1;1;0;1
1;0;0;0;0;0;1;0;0;0;1
1;1;1;1;1;1;1;0;1;1;1
1;0;0;0;1;0;1;0;0;0;1
1;0;1;0;1;0;1;1;1;0;1
1;0;1;0;0;0;1;0;0;0;1
1;0;1;1;1;1;1;0;1;1;1
1;0;0;0;0;0;0;0;0;0;E
1;1;1;1;1;1;1;1;1;1;1","(1, 0)","(11, 10)",13x11,61,82,1,2,1,2,"[(1, 1)]","[(0, 0), (2, 0)]","[(11, 9)]","[(10, 10), (12, 10)]","[(1, 0), (1, 1), (1, 3), (1, 4), (1, 5), (1, 6), (1, 7), (1, 8), (1, 9), (2, 1), (2, 3), (2, 9), (3, 1), (3, 3), (3, 5), (3, 6), (3, 7), (3, 8), (3, 9), (4, 1), (4, 5), (4, 9), (5, 1), (5, 2), (5, 3), (5, 4), (5, 5), (5, 7), (5, 8), (5, 9), (6, 7), (7, 1), (7, 2), (7, 3), (7, 5), (7, 7), (7, 8), (7, 9), (8, 1), (8, 3), (8, 5), (8, 9), (9, 1), (9, 3), (9, 4), (9, 5), (9, 7), (9, 8), (9, 9), (10, 1), (10, 7), (11, 1), (11, 2), (11, 3), (11, 4), (11, 5), (11, 6), (11, 7), (11, 8), (11, 9), (11, 10)]","[(0, 0), (0, 1), (0, 2), (0, 3), (0, 4), (0, 5), (0, 6), (0, 7), (0, 8), (0, 9), (0, 10), (1, 2), (1, 10), (2, 0), (2, 2), (2, 4), (2, 5), (2, 6), (2, 7), (2, 8), (2, 10), (3, 0), (3, 2), (3, 4), (3, 10), (4, 0), (4, 2), (4, 3), (4, 4), (4, 6), (4, 7), (4, 8), (4, 10), (5, 0), (5, 6), (5, 10), (6, 0), (6, 1), (6, 2), (6, 3), (6, 4), (6, 5), (6, 6), (6, 8), (6, 9), (6, 10), (7, 0), (7, 4), (7, 6), (7, 10), (8, 0), (8, 2), (8, 4), (8, 6), (8, 7), (8, 8), (8, 10), (9, 0), (9, 2), (9, 6), (9, 10), (10, 0), (10, 2), (10, 3), (10, 4), (10, 5), (10, 6), (10, 8), (10, 9), (10, 10), (11, 0), (12, 0), (12, 1), (12, 2), (12, 3), (12, 4), (12, 5), (12, 6), (12, 7), (12, 8), (12, 9), (12, 10)]"
images/1556/maze_1556.jpg,"1;1;1;1;1;1;1;1;1
S;0;0;0;1;0;0;0;1
1;1;1;0;1;1;1;0;1
1;0;0;0;1;0;0;0;1
1;0;1;1;1;0;1;0;1
1;0;0;0;0;0;1;0;1
1;1;1;1;1;1;1;0;1
1;0;0;0;0;0;0;0;1
1;1;1;1;1;1;1;E;1","(1, 0)","(8, 7)",9x9,33,48,1,2,1,2,"[(1, 1)]","[(0, 0), (2, 0)]","[(7, 7)]","[(8, 6), (8, 8)]","[(1, 0), (1, 1), (1, 2), (1, 3), (1, 5), (1, 6), (1, 7), (2, 3), (2, 7), (3, 1), (3, 2), (3, 3), (3, 5), (3, 6), (3, 7), (4, 1), (4, 5), (4, 7), (5, 1), (5, 2), (5, 3), (5, 4), (5, 5), (5, 7), (6, 7), (7, 1), (7, 2), (7, 3), (7, 4), (7, 5), (7, 6), (7, 7), (8, 7)]","[(0, 0), (0, 1), (0, 2), (0, 3), (0, 4), (0, 5), (0, 6), (0, 7), (0, 8), (1, 4), (1, 8), (2, 0), (2, 1), (2, 2), (2, 4), (2, 5), (2, 6), (2, 8), (3, 0), (3, 4), (3, 8), (4, 0), (4, 2), (4, 3), (4, 4), (4, 6), (4, 8), (5, 0), (5, 6), (5, 8), (6, 0), (6, 1), (6, 2), (6, 3), (6, 4), (6, 5), (6, 6), (6, 8), (7, 0), (7, 8), (8, 0), (8, 1), (8, 2), (8, 3), (8, 4), (8, 5), (8, 6), (8, 8)]"
images/1729/maze_1729.jpg,"1;1;1;1;1;1;1;1;1;1;1;1;1
S;0;0;0;0;0;0;0;0;0;0;0;1
1;1;1;1;1;1;1;1;1;1;1;0;1
1;0;0;0;0;0;1;0;0;0;0;0;1
1;1;1;0;1;1;1;0;1;1;1;1;1
1;0;0;0;1;0;0;0;1;0;0;0;1
1;0;1;0;1;0;1;1;1;1;1;0;1
1;0;1;0;1;0;0;0;0;0;0;0;1
1;0;1;1;1;1;1;1;1;1;1;0;1
1;0;0;0;1;0;0;0;0;0;1;0;1
1;0;1;0;1;0;1;1;1;0;1;0;1
1;0;1;0;0;0;0;0;1;0;0;0;1
1;1;1;1;1;1;1;1;1;1;1;E;1","(1, 0)","(12, 11)",13x13,73,96,1,2,1,2,"[(1, 1)]","[(0, 0), (2, 0)]","[(11, 11)]","[(12, 10), (12, 12)]","[(1, 0), (1, 1), (1, 2), (1, 3), (1, 4), (1, 5), (1, 6), (1, 7), (1, 8), (1, 9), (1, 10), (1, 11), (2, 11), (3, 1), (3, 2), (3, 3), (3, 4), (3, 5), (3, 7), (3, 8), (3, 9), (3, 10), (3, 11), (4, 3), (4, 7), (5, 1), (5, 2), (5, 3), (5, 5), (5, 6), (5, 7), (5, 9), (5, 10), (5, 11), (6, 1), (6, 3), (6, 5), (6, 11), (7, 1), (7, 3), (7, 5), (7, 6), (7, 7), (7, 8), (7, 9), (7, 10), (7, 11), (8, 1), (8, 11), (9, 1), (9, 2), (9, 3), (9, 5), (9, 6), (9, 7), (9, 8), (9, 9), (9, 11), (10, 1), (10, 3), (10, 5), (10, 9), (10, 11), (11, 1), (11, 3), (11, 4), (11, 5), (11, 6), (11, 7), (11, 9), (11, 10), (11, 11), (12, 11)]","[(0, 0), (0, 1), (0, 2), (0, 3), (0, 4), (0, 5), (0, 6), (0, 7), (0, 8), (0, 9), (0, 10), (0, 11), (0, 12), (1, 12), (2, 0), (2, 1), (2, 2), (2, 3), (2, 4), (2, 5), (2, 6), (2, 7), (2, 8), (2, 9), (2, 10), (2, 12), (3, 0), (3, 6), (3, 12), (4, 0), (4, 1), (4, 2), (4, 4), (4, 5), (4, 6), (4, 8), (4, 9), (4, 10), (4, 11), (4, 12), (5, 0), (5, 4), (5, 8), (5, 12), (6, 0), (6, 2), (6, 4), (6, 6), (6, 7), (6, 8), (6, 9), (6, 10), (6, 12), (7, 0), (7, 2), (7, 4), (7, 12), (8, 0), (8, 2), (8, 3), (8, 4), (8, 5), (8, 6), (8, 7), (8, 8), (8, 9), (8, 10), (8, 12), (9, 0), (9, 4), (9, 10), (9, 12), (10, 0), (10, 2), (10, 4), (10, 6), (10, 7), (10, 8), (10, 10), (10, 12), (11, 0), (11, 2), (11, 8), (11, 12), (12, 0), (12, 1), (12, 2), (12, 3), (12, 4), (12, 5), (12, 6), (12, 7), (12, 8), (12, 9), (12, 10), (12, 12)]"
images/0210/maze_0210.jpg,"1;1;1;1;1;1;1;1;1;1;1
S;0;1;0;0;0;0;0;0;0;1
1;0;1;1;1;1;1;0;1;1;1
1;0;0;0;0;0;1;0;0;0;1
1;1;1;1;1;0;1;1;1;0;1
1;0;0;0;1;0;1;0;0;0;1
1;0;1;1;1;0;1;0;1;0;1
1;0;0;0;0;0;0;0;1;0;1
1;1;1;1;1;1;1;1;1;E;1","(1, 0)","(8, 9)",9x11,41,58,1,2,1,2,"[(1, 1)]","[(0, 0), (2, 0)]","[(7, 9)]","[(8, 8), (8, 10)]","[(1, 0), (1, 1), (1, 3), (1, 4), (1, 5), (1, 6), (1, 7), (1, 8), (1, 9), (2, 1), (2, 7), (3, 1), (3, 2), (3, 3), (3, 4), (3, 5), (3, 7), (3, 8), (3, 9), (4, 5), (4, 9), (5, 1), (5, 2), (5, 3), (5, 5), (5, 7), (5, 8), (5, 9), (6, 1), (6, 5), (6, 7), (6, 9), (7, 1), (7, 2), (7, 3), (7, 4), (7, 5), (7, 6), (7, 7), (7, 9), (8, 9)]","[(0, 0), (0, 1), (0, 2), (0, 3), (0, 4), (0, 5), (0, 6), (0, 7), (0, 8), (0, 9), (0, 10), (1, 2), (1, 10), (2, 0), (2, 2), (2, 3), (2, 4), (2, 5), (2, 6), (2, 8), (2, 9), (2, 10), (3, 0), (3, 6), (3, 10), (4, 0), (4, 1), (4, 2), (4, 3), (4, 4), (4, 6), (4, 7), (4, 8), (4, 10), (5, 0), (5, 4), (5, 6), (5, 10), (6, 0), (6, 2), (6, 3), (6, 4), (6, 6), (6, 8), (6, 10), (7, 0), (7, 8), (7, 10), (8, 0), (8, 1), (8, 2), (8, 3), (8, 4), (8, 5), (8, 6), (8, 7), (8, 8), (8, 10)]"
images/0297/maze_0297.jpg,"1;1;1;1;1;1;1;1;1;1;1
S;0;0;0;0;0;1;0;0;0;1
1;1;1;1;1;0;1;0;1;0;1
1;0;1;0;0;0;1;0;1;0;1
1;0;1;0;1;1;1;1;1;0;1
1;0;1;0;0;0;1;0;0;0;1
1;0;1;1;1;0;1;0;1;1;1
1;0;1;0;0;0;1;0;0;0;1
1;0;1;0;1;1;1;1;1;0;1
1;0;0;0;0;0;0;0;0;0;1
1;1;1;1;1;1;1;1;1;E;1","(1, 0)","(10, 9)",11x11,51,70,1,2,1,2,"[(1, 1)]","[(0, 0), (2, 0)]","[(9, 9)]","[(10, 8), (10, 10)]","[(1, 0), (1, 1), (1, 2), (1, 3), (1, 4), (1, 5), (1, 7), (1, 8), (1, 9), (2, 5), (2, 7), (2, 9), (3, 1), (3, 3), (3, 4), (3, 5), (3, 7), (3, 9), (4, 1), (4, 3), (4, 9), (5, 1), (5, 3), (5, 4), (5, 5), (5, 7), (5, 8), (5, 9), (6, 1), (6, 5), (6, 7), (7, 1), (7, 3), (7, 4), (7, 5), (7, 7), (7, 8), (7, 9), (8, 1), (8, 3), (8, 9), (9, 1), (9, 2), (9, 3), (9, 4), (9, 5), (9, 6), (9, 7), (9, 8), (9, 9), (10, 9)]","[(0, 0), (0, 1), (0, 2), (0, 3), (0, 4), (0, 5), (0, 6), (0, 7), (0, 8), (0, 9), (0, 10), (1, 6), (1, 10), (2, 0), (2, 1), (2, 2), (2, 3), (2, 4), (2, 6), (2, 8), (2, 10), (3, 0), (3, 2), (3, 6), (3, 8), (3, 10), (4, 0), (4, 2), (4, 4), (4, 5), (4, 6), (4, 7), (4, 8), (4, 10), (5, 0), (5, 2), (5, 6), (5, 10), (6, 0), (6, 2), (6, 3), (6, 4), (6, 6), (6, 8), (6, 9), (6, 10), (7, 0), (7, 2), (7, 6), (7, 10), (8, 0), (8, 2), (8, 4), (8, 5), (8, 6), (8, 7), (8, 8), (8, 10), (9, 0), (9, 10), (10, 0), (10, 1), (10, 2), (10, 3), (10, 4), (10, 5), (10, 6), (10, 7), (10, 8), (10, 10)]"
images/1884/maze_1884.jpg,"1;1;1;1;1;1;1;1;1;1;1;1;1;1;1
S;0;0;0;0;0;1;0;0;0;1;0;0;0;1
1;1;1;1;1;0;1;0;1;0;1;1;1;0;1
1;0;0;0;1;0;0;0;1;0;1;0;0;0;1
1;0;1;0;1;1;1;1;1;0;1;0;1;1;1
1;0;1;0;0;0;0;0;1;0;1;0;0;0;1
1;0;1;1;1;1;1;0;1;0;1;1;1;0;1
1;0;1;0;0;0;0;0;1;0;0;0;0;0;1
1;1;1;0;1;1;1;0;1;1;1;1;1;0;1
1;0;0;0;1;0;0;0;0;0;0;0;1;0;1
1;0;1;1;1;1;1;0;1;1;1;1;1;0;1
1;0;0;0;0;0;1;0;1;0;0;0;0;0;1
1;0;1;1;1;0;1;1;1;0;1;1;1;1;1
1;0;0;0;1;0;0;0;0;0;0;0;0;0;1
1;1;1;1;1;1;1;1;1;1;1;1;1;E;1","(1, 0)","(14, 13)",15x15,99,126,1,2,1,2,"[(1, 1)]","[(0, 0), (2, 0)]","[(13, 13)]","[(14, 12), (14, 14)]","[(1, 0), (1, 1), (1, 2), (1, 3), (1, 4), (1, 5), (1, 7), (1, 8), (1, 9), (1, 11), (1, 12), (1, 13), (2, 5), (2, 7), (2, 9), (2, 13), (3, 1), (3, 2), (3, 3), (3, 5), (3, 6), (3, 7), (3, 9), (3, 11), (3, 12), (3, 13), (4, 1), (4, 3), (4, 9), (4, 11), (5, 1), (5, 3), (5, 4), (5, 5), (5, 6), (5, 7), (5, 9), (5, 11), (5, 12), (5, 13), (6, 1), (6, 7), (6, 9), (6, 13), (7, 1), (7, 3), (7, 4), (7, 5), (7, 6), (7, 7), (7, 9), (7, 10), (7, 11), (7, 12), (7, 13), (8, 3), (8, 7), (8, 13), (9, 1), (9, 2), (9, 3), (9, 5), (9, 6), (9, 7), (9, 8), (9, 9), (9, 10), (9, 11), (9, 13), (10, 1), (10, 7), (10, 13), (11, 1), (11, 2), (11, 3), (11, 4), (11, 5), (11, 7), (11, 9), (11, 10), (11, 11), (11, 12), (11, 13), (12, 1), (12, 5), (12, 9), (13, 1), (13, 2), (13, 3), (13, 5), (13, 6), (13, 7), (13, 8), (13, 9), (13, 10), (13, 11), (13, 12), (13, 13), (14, 13)]","[(0, 0), (0, 1), (0, 2), (0, 3), (0, 4), (0, 5), (0, 6), (0, 7), (0, 8), (0, 9), (0, 10), (0, 11), (0, 12), (0, 13), (0, 14), (1, 6), (1, 10), (1, 14), (2, 0), (2, 1), (2, 2), (2, 3), (2, 4), (2, 6), (2, 8), (2, 10), (2, 11), (2, 12), (2, 14), (3, 0), (3, 4), (3, 8), (3, 10), (3, 14), (4, 0), (4, 2), (4, 4), (4, 5), (4, 6), (4, 7), (4, 8), (4, 10), (4, 12), (4, 13), (4, 14), (5, 0), (5, 2), (5, 8), (5, 10), (5, 14), (6, 0), (6, 2), (6, 3), (6, 4), (6, 5), (6, 6), (6, 8), (6, 10), (6, 11), (6, 12), (6, 14), (7, 0), (7, 2), (7, 8), (7, 14), (8, 0), (8, 1), (8, 2), (8, 4), (8, 5), (8, 6), (8, 8), (8, 9), (8, 10), (8, 11), (8, 12), (8, 14), (9, 0), (9, 4), (9, 12), (9, 14), (10, 0), (10, 2), (10, 3), (10, 4), (10, 5), (10, 6), (10, 8), (10, 9), (10, 10), (10, 11), (10, 12), (10, 14), (11, 0), (11, 6), (11, 8), (11, 14), (12, 0), (12, 2), (12, 3), (12, 4), (12, 6), (12, 7), (12, 8), (12, 10), (12, 11), (12, 12), (12, 13), (12, 14), (13, 0), (13, 4), (13, 14), (14, 0), (14, 1), (14, 2), (14, 3), (14, 4), (14, 5), (14, 6), (14, 7), (14, 8), (14, 9), (14, 10), (14, 11), (14, 12), (14, 14)]"
images/1833/maze_1833.jpg,"1;1;1;1;1;1;1;1;1;1;1;1;1;1;1
S;0;0;0;1;0;0;0;0;0;1;0;0;0;1
1;1;1;0;1;0;1;1;1;0;1;1;1;0;1
1;0;1;0;1;0;0;0;1;0;0;0;0;0;1
1;0;1;0;1;0;1;0;1;1;1;1;1;0;1
1;0;0;0;1;0;1;0;0;0;0;0;1;0;1
1;0;1;1;1;1;1;1;1;1;1;0;1;0;1
1;0;0;0;0;0;0;0;0;0;0;0;1;0;E
1;1;1;1;1;1;1;1;1;1;1;1;1;1;1","(1, 0)","(7, 14)",9x15,57,78,1,2,1,2,"[(1, 1)]","[(0, 0), (2, 0)]","[(7, 13)]","[(6, 14), (8, 14)]","[(1, 0), (1, 1), (1, 2), (1, 3), (1, 5), (1, 6), (1, 7), (1, 8), (1, 9), (1, 11), (1, 12), (1, 13), (2, 3), (2, 5), (2, 9), (2, 13), (3, 1), (3, 3), (3, 5), (3, 6), (3, 7), (3, 9), (3, 10), (3, 11), (3, 12), (3, 13), (4, 1), (4, 3), (4, 5), (4, 7), (4, 13), (5, 1), (5, 2), (5, 3), (5, 5), (5, 7), (5, 8), (5, 9), (5, 10), (5, 11), (5, 13), (6, 1), (6, 11), (6, 13), (7, 1), (7, 2), (7, 3), (7, 4), (7, 5), (7, 6), (7, 7), (7, 8), (7, 9), (7, 10), (7, 11), (7, 13), (7, 14)]","[(0, 0), (0, 1), (0, 2), (0, 3), (0, 4), (0, 5), (0, 6), (0, 7), (0, 8), (0, 9), (0, 10), (0, 11), (0, 12), (0, 13), (0, 14), (1, 4), (1, 10), (1, 14), (2, 0), (2, 1), (2, 2), (2, 4), (2, 6), (2, 7), (2, 8), (2, 10), (2, 11), (2, 12), (2, 14), (3, 0), (3, 2), (3, 4), (3, 8), (3, 14), (4, 0), (4, 2), (4, 4), (4, 6), (4, 8), (4, 9), (4, 10), (4, 11), (4, 12), (4, 14), (5, 0), (5, 4), (5, 6), (5, 12), (5, 14), (6, 0), (6, 2), (6, 3), (6, 4), (6, 5), (6, 6), (6, 7), (6, 8), (6, 9), (6, 10), (6, 12), (6, 14), (7, 0), (7, 12), (8, 0), (8, 1), (8, 2), (8, 3), (8, 4), (8, 5), (8, 6), (8, 7), (8, 8), (8, 9), (8, 10), (8, 11), (8, 12), (8, 13), (8, 14)]"
images/0651/maze_0651.jpg,"1;1;1;1;1;1;1;1;1;1;1
S;0;1;0;0;0;1;0;0;0;1
1;0;1;0;1;0;1;0;1;0;1
1;0;0;0;1;0;0;0;1;0;1
1;1;1;1;1;1;1;1;1;0;1
1;0;0;0;0;0;0;0;1;0;1
1;0;1;1;1;1;1;0;1;0;1
1;0;0;0;1;0;1;0;1;0;1
1;1;1;0;1;0;1;0;1;0;1
1;0;0;0;0;0;1;0;0;0;1
1;1;1;1;1;1;1;1;1;E;1","(1, 0)","(10, 9)",11x11,51,70,1,2,1,2,"[(1, 1)]","[(0, 0), (2, 0)]","[(9, 9)]","[(10, 8), (10, 10)]","[(1, 0), (1, 1), (1, 3), (1, 4), (1, 5), (1, 7), (1, 8), (1, 9), (2, 1), (2, 3), (2, 5), (2, 7), (2, 9), (3, 1), (3, 2), (3, 3), (3, 5), (3, 6), (3, 7), (3, 9), (4, 9), (5, 1), (5, 2), (5, 3), (5, 4), (5, 5), (5, 6), (5, 7), (5, 9), (6, 1), (6, 7), (6, 9), (7, 1), (7, 2), (7, 3), (7, 5), (7, 7), (7, 9), (8, 3), (8, 5), (8, 7), (8, 9), (9, 1), (9, 2), (9, 3), (9, 4), (9, 5), (9, 7), (9, 8), (9, 9), (10, 9)]","[(0, 0), (0, 1), (0, 2), (0, 3), (0, 4), (0, 5), (0, 6), (0, 7), (0, 8), (0, 9), (0, 10), (1, 2), (1, 6), (1, 10), (2, 0), (2, 2), (2, 4), (2, 6), (2, 8), (2, 10), (3, 0), (3, 4), (3, 8), (3, 10), (4, 0), (4, 1), (4, 2), (4, 3), (4, 4), (4, 5), (4, 6), (4, 7), (4, 8), (4, 10), (5, 0), (5, 8), (5, 10), (6, 0), (6, 2), (6, 3), (6, 4), (6, 5), (6, 6), (6, 8), (6, 10), (7, 0), (7, 4), (7, 6), (7, 8), (7, 10), (8, 0), (8, 1), (8, 2), (8, 4), (8, 6), (8, 8), (8, 10), (9, 0), (9, 6), (9, 10), (10, 0), (10, 1), (10, 2), (10, 3), (10, 4), (10, 5), (10, 6), (10, 7), (10, 8), (10, 10)]"
images/1233/maze_1233.jpg,"1;1;1;1;1;1;1;1;1;1;1;1;1
S;0;0;0;1;0;0;0;0;0;0;0;1
1;1;1;0;1;1;1;1;1;1;1;0;1
1;0;1;0;0;0;0;0;1;0;0;0;1
1;0;1;1;1;1;1;0;1;0;1;0;1
1;0;0;0;1;0;0;0;1;0;1;0;1
1;1;1;0;1;0;1;1;1;0;1;0;1
1;0;0;0;1;0;1;0;0;0;1;0;1
1;0;1;1;1;0;1;0;1;1;1;0;1
1;0;0;0;0;0;1;0;0;0;1;0;1
1;0;1;1;1;1;1;1;1;0;1;0;1
1;0;0;0;0;0;0;0;0;0;1;0;E
1;1;1;1;1;1;1;1;1;1;1;1;1","(1, 0)","(11, 12)",13x13,73,96,1,2,1,2,"[(1, 1)]","[(0, 0), (2, 0)]","[(11, 11)]","[(10, 12), (12, 12)]","[(1, 0), (1, 1), (1, 2), (1, 3), (1, 5), (1, 6), (1, 7), (1, 8), (1, 9), (1, 10), (1, 11), (2, 3), (2, 11), (3, 1), (3, 3), (3, 4), (3, 5), (3, 6), (3, 7), (3, 9), (3, 10), (3, 11), (4, 1), (4, 7), (4, 9), (4, 11), (5, 1), (5, 2), (5, 3), (5, 5), (5, 6), (5, 7), (5, 9), (5, 11), (6, 3), (6, 5), (6, 9), (6, 11), (7, 1), (7, 2), (7, 3), (7, 5), (7, 7), (7, 8), (7, 9), (7, 11), (8, 1), (8, 5), (8, 7), (8, 11), (9, 1), (9, 2), (9, 3), (9, 4), (9, 5), (9, 7), (9, 8), (9, 9), (9, 11), (10, 1), (10, 9), (10, 11), (11, 1), (11, 2), (11, 3), (11, 4), (11, 5), (11, 6), (11, 7), (11, 8), (11, 9), (11, 11), (11, 12)]","[(0, 0), (0, 1), (0, 2), (0, 3), (0, 4), (0, 5), (0, 6), (0, 7), (0, 8), (0, 9), (0, 10), (0, 11), (0, 12), (1, 4), (1, 12), (2, 0), (2, 1), (2, 2), (2, 4), (2, 5), (2, 6), (2, 7), (2, 8), (2, 9), (2, 10), (2, 12), (3, 0), (3, 2), (3, 8), (3, 12), (4, 0), (4, 2), (4, 3), (4, 4), (4, 5), (4, 6), (4, 8), (4, 10), (4, 12), (5, 0), (5, 4), (5, 8), (5, 10), (5, 12), (6, 0), (6, 1), (6, 2), (6, 4), (6, 6), (6, 7), (6, 8), (6, 10), (6, 12), (7, 0), (7, 4), (7, 6), (7, 10), (7, 12), (8, 0), (8, 2), (8, 3), (8, 4), (8, 6), (8, 8), (8, 9), (8, 10), (8, 12), (9, 0), (9, 6), (9, 10), (9, 12), (10, 0), (10, 2), (10, 3), (10, 4), (10, 5), (10, 6), (10, 7), (10, 8), (10, 10), (10, 12), (11, 0), (11, 10), (12, 0), (12, 1), (12, 2), (12, 3), (12, 4), (12, 5), (12, 6), (12, 7), (12, 8), (12, 9), (12, 10), (12, 11), (12, 12)]"
images/1502/maze_1502.jpg,"1;1;1;1;1;1;1
S;0;1;0;0;0;1
1;0;1;0;1;0;1
1;0;1;0;1;0;1
1;0;1;1;1;0;1
1;0;0;0;0;0;1
1;1;1;1;1;0;1
1;0;0;0;0;0;E
1;1;1;1;1;1;1","(1, 0)","(7, 6)",9x7,25,38,1,2,1,2,"[(1, 1)]","[(0, 0), (2, 0)]","[(7, 5)]","[(6, 6), (8, 6)]","[(1, 0), (1, 1), (1, 3), (1, 4), (1, 5), (2, 1), (2, 3), (2, 5), (3, 1), (3, 3), (3, 5), (4, 1), (4, 5), (5, 1), (5, 2), (5, 3), (5, 4), (5, 5), (6, 5), (7, 1), (7, 2), (7, 3), (7, 4), (7, 5), (7, 6)]","[(0, 0), (0, 1), (0, 2), (0, 3), (0, 4), (0, 5), (0, 6), (1, 2), (1, 6), (2, 0), (2, 2), (2, 4), (2, 6), (3, 0), (3, 2), (3, 4), (3, 6), (4, 0), (4, 2), (4, 3), (4, 4), (4, 6), (5, 0), (5, 6), (6, 0), (6, 1), (6, 2), (6, 3), (6, 4), (6, 6), (7, 0), (8, 0), (8, 1), (8, 2), (8, 3), (8, 4), (8, 5), (8, 6)]"
images/1931/maze_1931.jpg,"1;1;1;1;1;1;1;1;1;1;1;1;1;1;1
S;0;0;0;0;0;0;0;1;0;0;0;1;0;1
1;1;1;1;1;1;1;0;1;0;1;0;1;0;1
1;0;0;0;0;0;1;0;0;0;1;0;0;0;1
1;1;1;1;1;0;1;1;1;1;1;1;1;0;1
1;0;0;0;0;0;1;0;0;0;1;0;0;0;1
1;0;1;1;1;0;1;0;1;0;1;0;1;1;1
1;0;0;0;1;0;0;0;1;0;1;0;1;0;1
1;0;1;0;1;1;1;1;1;0;1;0;1;0;1
1;0;1;0;0;0;0;0;1;0;1;0;0;0;1
1;0;1;1;1;1;1;0;1;1;1;1;1;0;1
1;0;0;0;0;0;1;0;0;0;0;0;0;0;E
1;1;1;1;1;1;1;1;1;1;1;1;1;1;1","(1, 0)","(11, 14)",13x15,85,110,1,2,1,2,"[(1, 1)]","[(0, 0), (2, 0)]","[(11, 13)]","[(10, 14), (12, 14)]","[(1, 0), (1, 1), (1, 2), (1, 3), (1, 4), (1, 5), (1, 6), (1, 7), (1, 9), (1, 10), (1, 11), (1, 13), (2, 7), (2, 9), (2, 11), (2, 13), (3, 1), (3, 2), (3, 3), (3, 4), (3, 5), (3, 7), (3, 8), (3, 9), (3, 11), (3, 12), (3, 13), (4, 5), (4, 13), (5, 1), (5, 2), (5, 3), (5, 4), (5, 5), (5, 7), (5, 8), (5, 9), (5, 11), (5, 12), (5, 13), (6, 1), (6, 5), (6, 7), (6, 9), (6, 11), (7, 1), (7, 2), (7, 3), (7, 5), (7, 6), (7, 7), (7, 9), (7, 11), (7, 13), (8, 1), (8, 3), (8, 9), (8, 11), (8, 13), (9, 1), (9, 3), (9, 4), (9, 5), (9, 6), (9, 7), (9, 9), (9, 11), (9, 12), (9, 13), (10, 1), (10, 7), (10, 13), (11, 1), (11, 2), (11, 3), (11, 4), (11, 5), (11, 7), (11, 8), (11, 9), (11, 10), (11, 11), (11, 12), (11, 13), (11, 14)]","[(0, 0), (0, 1), (0, 2), (0, 3), (0, 4), (0, 5), (0, 6), (0, 7), (0, 8), (0, 9), (0, 10), (0, 11), (0, 12), (0, 13), (0, 14), (1, 8), (1, 12), (1, 14), (2, 0), (2, 1), (2, 2), (2, 3), (2, 4), (2, 5), (2, 6), (2, 8), (2, 10), (2, 12), (2, 14), (3, 0), (3, 6), (3, 10), (3, 14), (4, 0), (4, 1), (4, 2), (4, 3), (4, 4), (4, 6), (4, 7), (4, 8), (4, 9), (4, 10), (4, 11), (4, 12), (4, 14), (5, 0), (5, 6), (5, 10), (5, 14), (6, 0), (6, 2), (6, 3), (6, 4), (6, 6), (6, 8), (6, 10), (6, 12), (6, 13), (6, 14), (7, 0), (7, 4), (7, 8), (7, 10), (7, 12), (7, 14), (8, 0), (8, 2), (8, 4), (8, 5), (8, 6), (8, 7), (8, 8), (8, 10), (8, 12), (8, 14), (9, 0), (9, 2), (9, 8), (9, 10), (9, 14), (10, 0), (10, 2), (10, 3), (10, 4), (10, 5), (10, 6), (10, 8), (10, 9), (10, 10), (10, 11), (10, 12), (10, 14), (11, 0), (11, 6), (12, 0), (12, 1), (12, 2), (12, 3), (12, 4), (12, 5), (12, 6), (12, 7), (12, 8), (12, 9), (12, 10), (12, 11), (12, 12), (12, 13), (12, 14)]"
