image_id,qid,answer,ablate_cells,board_rows,board_cols,board
quad_w_queen_000,q1,3,"[[7, 4]]",8,8,b_rook|black_sq|white_sq|black_sq|white_sq|black_sq|b_queen|black_sq/b_pawn|white_sq|b_pawn|b_pawn|black_sq|b_pawn|black_sq|white_sq/w_pawn|black_sq|white_sq|b_king|white_sq|black_sq|white_sq|b_rook/black_sq|b_pawn|b_bishop|white_sq|b_pawn|w_pawn|w_pawn|b_pawn/white_sq|b_knight|white_sq|w_pawn|white_sq|b_knight|white_sq|black_sq/w_knight|white_sq|black_sq|white_sq|black_sq|white_sq|black_sq|w_rook/w_pawn|black_sq|w_pawn|black_sq|w_pawn|w_king|w_pawn|black_sq/w_rook|white_sq|black_sq|white_sq|w_queen|w_bishop|w_knight|white_sq
quad_w_queen_001,q1,0,"[[0, 3]]",8,8,white_sq|black_sq|b_bishop|w_queen|white_sq|b_bishop|b_knight|b_rook/b_rook|white_sq|black_sq|b_queen|b_king|b_pawn|b_pawn|b_pawn/b_knight|black_sq|white_sq|black_sq|b_pawn|black_sq|white_sq|black_sq/b_pawn|w_knight|b_pawn|white_sq|b_pawn|white_sq|black_sq|white_sq/white_sq|black_sq|white_sq|black_sq|white_sq|black_sq|white_sq|black_sq/w_pawn|w_pawn|black_sq|white_sq|black_sq|w_pawn|w_pawn|w_pawn/white_sq|w_bishop|w_pawn|w_pawn|w_knight|black_sq|white_sq|black_sq/w_rook|white_sq|black_sq|white_sq|w_king|w_bishop|black_sq|w_rook
quad_w_queen_002,q1,2,"[[5, 2]]",8,8,b_rook|b_knight|b_bishop|b_queen|b_king|black_sq|b_knight|b_rook/black_sq|white_sq|w_bishop|b_pawn|b_pawn|b_pawn|black_sq|white_sq/b_pawn|black_sq|white_sq|black_sq|white_sq|black_sq|b_pawn|black_sq/black_sq|w_knight|black_sq|white_sq|black_sq|white_sq|black_sq|b_pawn/white_sq|black_sq|white_sq|black_sq|w_pawn|black_sq|w_pawn|black_sq/w_pawn|white_sq|w_queen|white_sq|black_sq|white_sq|black_sq|w_pawn/white_sq|black_sq|w_pawn|w_pawn|b_knight|w_pawn|w_bishop|w_rook/black_sq|white_sq|black_sq|white_sq|black_sq|w_king|black_sq|white_sq
quad_w_queen_003,q1,3,"[[7, 7]]",8,8,white_sq|black_sq|white_sq|black_sq|b_king|b_rook|white_sq|black_sq/black_sq|white_sq|black_sq|white_sq|black_sq|b_pawn|black_sq|white_sq/white_sq|b_pawn|white_sq|black_sq|white_sq|black_sq|white_sq|black_sq/black_sq|white_sq|b_rook|white_sq|black_sq|white_sq|black_sq|w_pawn/b_pawn|black_sq|b_pawn|black_sq|w_bishop|b_pawn|white_sq|black_sq/w_pawn|b_pawn|black_sq|white_sq|b_bishop|white_sq|black_sq|b_queen/w_knight|black_sq|white_sq|w_pawn|w_king|w_pawn|white_sq|black_sq/black_sq|w_rook|w_bishop|white_sq|black_sq|white_sq|w_rook|w_queen
quad_w_queen_004,q1,1,"[[1, 4]]",8,8,b_knight|b_rook|b_bishop|black_sq|white_sq|black_sq|b_rook|black_sq/b_pawn|b_pawn|black_sq|white_sq|w_queen|b_king|black_sq|b_pawn/white_sq|black_sq|b_queen|black_sq|b_pawn|black_sq|white_sq|black_sq/w_pawn|white_sq|b_pawn|b_pawn|black_sq|white_sq|black_sq|white_sq/white_sq|black_sq|w_pawn|w_pawn|w_pawn|black_sq|b_pawn|w_pawn/black_sq|white_sq|black_sq|white_sq|black_sq|white_sq|b_bishop|w_knight/white_sq|w_pawn|white_sq|w_rook|white_sq|black_sq|white_sq|black_sq/black_sq|white_sq|w_bishop|white_sq|black_sq|w_bishop|w_king|w_knight
quad_w_queen_005,q1,2,"[[5, 3]]",8,8,white_sq|black_sq|white_sq|black_sq|white_sq|black_sq|b_king|black_sq/b_rook|white_sq|black_sq|w_knight|black_sq|white_sq|black_sq|white_sq/white_sq|black_sq|white_sq|black_sq|b_knight|black_sq|b_pawn|b_pawn/b_pawn|b_pawn|black_sq|white_sq|black_sq|b_pawn|w_pawn|w_bishop/w_pawn|black_sq|white_sq|black_sq|white_sq|w_pawn|b_knight|w_pawn/w_pawn|white_sq|black_sq|w_queen|black_sq|white_sq|black_sq|white_sq/white_sq|black_sq|w_pawn|w_knight|white_sq|black_sq|b_bishop|black_sq/w_rook|white_sq|black_sq|white_sq|w_king|white_sq|black_sq|white_sq
quad_w_queen_006,q1,2,"[[5, 0]]",8,8,b_rook|black_sq|white_sq|b_king|b_knight|black_sq|b_rook|black_sq/b_pawn|white_sq|black_sq|white_sq|black_sq|b_pawn|b_bishop|white_sq/white_sq|black_sq|white_sq|black_sq|b_pawn|b_pawn|white_sq|black_sq/black_sq|b_pawn|b_pawn|b_pawn|black_sq|white_sq|black_sq|white_sq/white_sq|black_sq|w_bishop|w_pawn|white_sq|black_sq|white_sq|black_sq/w_queen|w_pawn|w_pawn|w_pawn|black_sq|w_king|b_pawn|w_pawn/w_pawn|black_sq|white_sq|black_sq|white_sq|black_sq|white_sq|black_sq/w_rook|w_knight|black_sq|w_knight|black_sq|white_sq|black_sq|w_rook
quad_w_queen_007,q1,0,"[[2, 3]]",8,8,b_rook|b_knight|b_bishop|black_sq|b_king|b_bishop|b_knight|b_rook/b_pawn|b_pawn|black_sq|b_pawn|b_pawn|white_sq|b_pawn|b_pawn/white_sq|black_sq|white_sq|w_queen|white_sq|b_pawn|white_sq|black_sq/black_sq|white_sq|black_sq|white_sq|black_sq|white_sq|black_sq|white_sq/white_sq|black_sq|white_sq|b_pawn|w_pawn|black_sq|white_sq|black_sq/b_queen|white_sq|black_sq|white_sq|black_sq|white_sq|black_sq|white_sq/w_pawn|w_pawn|w_pawn|w_king|white_sq|w_pawn|w_pawn|w_pawn/w_rook|white_sq|w_bishop|white_sq|black_sq|w_bishop|w_knight|w_rook
quad_w_queen_008,q1,0,"[[1, 3]]",8,8,white_sq|b_knight|white_sq|black_sq|b_knight|b_bishop|white_sq|black_sq/b_rook|b_bishop|black_sq|w_queen|b_king|white_sq|b_pawn|white_sq/white_sq|black_sq|white_sq|black_sq|white_sq|black_sq|b_queen|w_bishop/black_sq|w_pawn|black_sq|white_sq|b_pawn|b_pawn|black_sq|b_pawn/w_pawn|black_sq|b_pawn|b_pawn|w_pawn|black_sq|white_sq|w_pawn/w_rook|white_sq|w_pawn|w_bishop|black_sq|w_pawn|w_pawn|white_sq/white_sq|black_sq|white_sq|black_sq|w_king|black_sq|white_sq|black_sq/black_sq|white_sq|black_sq|white_sq|black_sq|white_sq|w_knight|w_rook
quad_w_queen_009,q1,2,"[[4, 2]]",8,8,white_sq|black_sq|white_sq|w_bishop|white_sq|black_sq|b_king|black_sq/black_sq|white_sq|b_pawn|white_sq|black_sq|white_sq|black_sq|b_pawn/white_sq|black_sq|white_sq|black_sq|b_pawn|black_sq|white_sq|black_sq/b_pawn|white_sq|black_sq|white_sq|w_pawn|b_pawn|b_bishop|white_sq/white_sq|black_sq|w_queen|b_pawn|white_sq|black_sq|white_sq|w_pawn/b_pawn|w_rook|black_sq|white_sq|black_sq|white_sq|black_sq|white_sq/white_sq|w_pawn|w_pawn|black_sq|w_pawn|w_king|w_pawn|black_sq/black_sq|w_rook|black_sq|white_sq|black_sq|w_bishop|black_sq|white_sq
quad_w_queen_010,q1,1,"[[1, 7]]",8,8,b_rook|black_sq|b_bishop|black_sq|b_king|b_bishop|b_rook|black_sq/b_pawn|b_pawn|black_sq|b_pawn|black_sq|b_pawn|black_sq|w_queen/b_knight|black_sq|white_sq|black_sq|b_pawn|black_sq|b_pawn|b_pawn/black_sq|white_sq|b_pawn|white_sq|w_pawn|white_sq|black_sq|b_queen/w_knight|black_sq|w_pawn|black_sq|white_sq|black_sq|b_knight|black_sq/w_pawn|white_sq|black_sq|white_sq|black_sq|w_king|black_sq|w_knight/white_sq|w_pawn|white_sq|w_pawn|white_sq|w_pawn|w_pawn|w_pawn/w_rook|white_sq|w_bishop|white_sq|black_sq|w_bishop|black_sq|w_rook
quad_w_queen_011,q1,3,"[[5, 5]]",8,8,b_rook|b_knight|b_bishop|b_queen|b_king|b_bishop|b_knight|b_rook/b_pawn|b_pawn|b_pawn|white_sq|b_pawn|b_pawn|black_sq|white_sq/white_sq|black_sq|white_sq|black_sq|white_sq|black_sq|white_sq|b_pawn/black_sq|white_sq|black_sq|b_pawn|black_sq|white_sq|b_pawn|white_sq/white_sq|black_sq|white_sq|black_sq|white_sq|w_pawn|white_sq|black_sq/black_sq|white_sq|w_pawn|white_sq|black_sq|w_queen|w_pawn|white_sq/w_pawn|w_pawn|white_sq|w_pawn|w_pawn|black_sq|white_sq|w_pawn/w_rook|w_knight|w_bishop|white_sq|w_king|w_bishop|w_knight|w_rook
quad_w_queen_012,q1,1,"[[0, 4]]",8,8,white_sq|black_sq|white_sq|black_sq|w_queen|black_sq|white_sq|black_sq/black_sq|white_sq|black_sq|white_sq|b_bishop|white_sq|b_pawn|b_rook/white_sq|black_sq|white_sq|b_pawn|b_king|black_sq|white_sq|b_knight/b_pawn|white_sq|black_sq|white_sq|black_sq|b_pawn|w_pawn|white_sq/b_knight|b_pawn|white_sq|black_sq|white_sq|black_sq|b_bishop|black_sq/black_sq|white_sq|black_sq|white_sq|black_sq|w_pawn|w_rook|white_sq/white_sq|w_bishop|white_sq|black_sq|w_king|black_sq|white_sq|black_sq/black_sq|white_sq|black_sq|white_sq|black_sq|white_sq|w_knight|white_sq
quad_w_queen_013,q1,2,"[[4, 1]]",8,8,w_rook|black_sq|b_knight|black_sq|white_sq|black_sq|b_rook|black_sq/black_sq|white_sq|b_king|white_sq|black_sq|white_sq|black_sq|white_sq/white_sq|black_sq|white_sq|b_pawn|white_sq|b_pawn|b_pawn|black_sq/b_bishop|white_sq|black_sq|white_sq|black_sq|white_sq|w_pawn|b_pawn/white_sq|w_queen|white_sq|w_pawn|white_sq|black_sq|white_sq|w_pawn/black_sq|white_sq|black_sq|white_sq|w_pawn|b_bishop|black_sq|white_sq/white_sq|w_pawn|w_king|w_bishop|w_bishop|black_sq|white_sq|black_sq/black_sq|w_knight|black_sq|white_sq|w_knight|white_sq|black_sq|white_sq
quad_w_queen_014,q1,2,"[[4, 0]]",8,8,white_sq|black_sq|b_queen|b_rook|white_sq|black_sq|white_sq|black_sq/b_rook|b_pawn|black_sq|white_sq|b_king|white_sq|black_sq|white_sq/b_pawn|black_sq|b_bishop|b_pawn|white_sq|b_bishop|white_sq|black_sq/black_sq|w_bishop|b_pawn|white_sq|black_sq|white_sq|black_sq|w_knight/w_queen|black_sq|w_pawn|black_sq|b_pawn|w_pawn|white_sq|b_pawn/w_pawn|white_sq|black_sq|white_sq|black_sq|white_sq|w_pawn|w_pawn/white_sq|black_sq|white_sq|w_bishop|white_sq|w_rook|white_sq|black_sq/w_rook|w_knight|black_sq|w_king|black_sq|white_sq|black_sq|white_sq
quad_w_queen_015,q1,1,"[[1, 4]]",8,8,b_knight|b_rook|b_bishop|black_sq|white_sq|black_sq|b_rook|black_sq/b_pawn|b_pawn|black_sq|white_sq|w_queen|b_king|black_sq|b_pawn/white_sq|black_sq|b_queen|black_sq|b_pawn|black_sq|white_sq|black_sq/w_pawn|white_sq|b_pawn|b_pawn|black_sq|white_sq|black_sq|white_sq/white_sq|black_sq|w_pawn|w_pawn|w_pawn|black_sq|b_pawn|w_pawn/black_sq|white_sq|black_sq|white_sq|black_sq|white_sq|b_bishop|w_knight/white_sq|w_pawn|white_sq|w_rook|white_sq|black_sq|white_sq|black_sq/black_sq|white_sq|w_bishop|white_sq|black_sq|w_bishop|w_king|w_knight
quad_w_queen_016,q1,1,"[[0, 7]]",8,8,white_sq|b_knight|white_sq|black_sq|b_knight|b_bishop|white_sq|w_queen/b_rook|b_bishop|black_sq|white_sq|b_king|white_sq|b_pawn|white_sq/white_sq|black_sq|white_sq|black_sq|white_sq|black_sq|b_queen|w_bishop/black_sq|w_pawn|black_sq|white_sq|b_pawn|b_pawn|black_sq|b_pawn/w_pawn|black_sq|b_pawn|b_pawn|w_pawn|black_sq|white_sq|w_pawn/w_rook|white_sq|w_pawn|w_bishop|black_sq|w_pawn|w_pawn|white_sq/white_sq|black_sq|white_sq|black_sq|w_king|black_sq|white_sq|black_sq/black_sq|white_sq|black_sq|white_sq|black_sq|white_sq|w_knight|w_rook
quad_w_queen_017,q1,3,"[[4, 6]]",8,8,white_sq|b_rook|white_sq|black_sq|b_rook|black_sq|white_sq|black_sq/b_knight|white_sq|black_sq|b_queen|b_king|white_sq|black_sq|b_pawn/white_sq|b_pawn|white_sq|b_pawn|b_pawn|b_pawn|white_sq|b_bishop/black_sq|w_pawn|black_sq|w_pawn|w_pawn|white_sq|b_pawn|b_bishop/white_sq|black_sq|white_sq|black_sq|white_sq|w_pawn|w_queen|w_pawn/w_pawn|w_knight|b_pawn|white_sq|black_sq|w_bishop|black_sq|white_sq/white_sq|black_sq|white_sq|black_sq|white_sq|black_sq|white_sq|black_sq/w_rook|w_knight|w_bishop|white_sq|black_sq|white_sq|w_king|w_rook
quad_w_queen_018,q1,3,"[[6, 5]]",8,8,white_sq|black_sq|b_bishop|b_king|white_sq|black_sq|white_sq|black_sq/black_sq|white_sq|black_sq|b_knight|black_sq|w_pawn|black_sq|white_sq/b_pawn|black_sq|white_sq|black_sq|white_sq|black_sq|white_sq|b_pawn/black_sq|b_rook|w_pawn|white_sq|black_sq|b_queen|w_rook|w_pawn/w_pawn|w_pawn|white_sq|black_sq|white_sq|w_pawn|white_sq|black_sq/black_sq|white_sq|black_sq|w_bishop|w_pawn|white_sq|black_sq|white_sq/white_sq|w_king|white_sq|black_sq|white_sq|w_queen|white_sq|black_sq/w_bishop|white_sq|black_sq|white_sq|black_sq|white_sq|black_sq|white_sq
quad_w_queen_019,q1,2,"[[4, 0]]",8,8,b_rook|black_sq|b_bishop|black_sq|white_sq|black_sq|white_sq|b_rook/black_sq|white_sq|b_pawn|b_knight|black_sq|white_sq|black_sq|b_pawn/b_pawn|b_pawn|white_sq|black_sq|white_sq|black_sq|b_king|b_knight/black_sq|white_sq|w_knight|white_sq|b_pawn|white_sq|black_sq|white_sq/w_queen|black_sq|white_sq|black_sq|w_pawn|b_pawn|white_sq|black_sq/w_rook|w_pawn|w_pawn|white_sq|black_sq|white_sq|w_pawn|white_sq/white_sq|black_sq|white_sq|w_pawn|white_sq|black_sq|w_pawn|w_pawn/black_sq|w_knight|w_bishop|white_sq|w_king|white_sq|black_sq|w_rook
quad_w_queen_020,q1,0,"[[0, 3]]",8,8,white_sq|black_sq|white_sq|w_queen|white_sq|b_king|white_sq|b_rook/black_sq|white_sq|black_sq|white_sq|black_sq|white_sq|black_sq|b_pawn/white_sq|black_sq|w_knight|w_pawn|b_pawn|black_sq|b_pawn|black_sq/black_sq|white_sq|b_rook|white_sq|black_sq|b_pawn|black_sq|white_sq/w_pawn|black_sq|w_pawn|black_sq|b_bishop|w_pawn|white_sq|black_sq/black_sq|w_king|black_sq|white_sq|black_sq|white_sq|black_sq|white_sq/white_sq|black_sq|white_sq|w_knight|white_sq|black_sq|white_sq|black_sq/b_bishop|white_sq|black_sq|w_rook|w_bishop|white_sq|black_sq|b_knight
quad_w_queen_021,q1,1,"[[1, 6]]",8,8,white_sq|black_sq|b_bishop|black_sq|white_sq|b_knight|b_king|b_bishop/black_sq|white_sq|black_sq|w_rook|black_sq|white_sq|w_queen|white_sq/white_sq|w_pawn|b_pawn|black_sq|b_rook|black_sq|white_sq|black_sq/black_sq|white_sq|black_sq|white_sq|b_pawn|w_pawn|b_queen|white_sq/white_sq|black_sq|white_sq|black_sq|white_sq|w_pawn|white_sq|black_sq/w_knight|white_sq|w_pawn|w_pawn|black_sq|white_sq|black_sq|white_sq/white_sq|black_sq|white_sq|w_bishop|w_pawn|black_sq|white_sq|black_sq/black_sq|white_sq|black_sq|white_sq|w_king|white_sq|black_sq|white_sq
quad_w_queen_022,q1,1,"[[3, 4]]",8,8,b_rook|black_sq|b_knight|black_sq|white_sq|black_sq|white_sq|black_sq/b_pawn|w_bishop|black_sq|white_sq|black_sq|white_sq|black_sq|b_king/white_sq|b_pawn|white_sq|black_sq|white_sq|b_queen|white_sq|b_bishop/black_sq|white_sq|black_sq|white_sq|w_queen|b_bishop|black_sq|white_sq/white_sq|black_sq|w_pawn|b_pawn|white_sq|black_sq|white_sq|black_sq/black_sq|white_sq|black_sq|w_pawn|black_sq|white_sq|w_bishop|white_sq/w_rook|w_pawn|white_sq|w_king|w_knight|black_sq|white_sq|black_sq/black_sq|white_sq|black_sq|white_sq|black_sq|white_sq|black_sq|white_sq
quad_w_queen_023,q1,3,"[[5, 4]]",8,8,white_sq|b_knight|white_sq|black_sq|white_sq|black_sq|b_knight|b_rook/b_rook|white_sq|b_pawn|white_sq|b_king|b_pawn|b_bishop|b_queen/white_sq|black_sq|white_sq|black_sq|white_sq|black_sq|white_sq|black_sq/black_sq|w_knight|black_sq|white_sq|w_pawn|white_sq|b_pawn|white_sq/white_sq|black_sq|b_pawn|black_sq|w_pawn|black_sq|w_pawn|b_pawn/b_pawn|white_sq|black_sq|w_bishop|w_queen|white_sq|black_sq|white_sq/w_pawn|w_pawn|white_sq|w_bishop|white_sq|w_pawn|white_sq|w_pawn/black_sq|w_king|black_sq|w_rook|black_sq|white_sq|w_knight|w_rook
quad_w_queen_024,q1,2,"[[5, 2]]",8,8,b_rook|black_sq|b_bishop|black_sq|b_king|b_bishop|b_knight|b_rook/b_pawn|white_sq|black_sq|b_pawn|b_pawn|b_pawn|black_sq|white_sq/b_knight|black_sq|b_pawn|black_sq|white_sq|black_sq|b_pawn|b_pawn/black_sq|w_knight|black_sq|white_sq|black_sq|white_sq|w_pawn|white_sq/white_sq|w_pawn|white_sq|black_sq|white_sq|black_sq|white_sq|b_queen/w_pawn|white_sq|w_queen|white_sq|black_sq|white_sq|black_sq|w_bishop/white_sq|black_sq|w_pawn|w_pawn|w_pawn|w_pawn|white_sq|w_pawn/w_rook|white_sq|w_bishop|white_sq|w_king|white_sq|w_knight|w_rook
quad_w_queen_025,q1,1,"[[0, 4]]",8,8,b_rook|b_knight|b_bishop|black_sq|w_queen|black_sq|white_sq|b_bishop/black_sq|white_sq|black_sq|b_knight|black_sq|b_king|black_sq|white_sq/b_pawn|b_pawn|white_sq|black_sq|b_pawn|b_rook|white_sq|black_sq/w_pawn|w_rook|w_pawn|b_pawn|black_sq|white_sq|black_sq|white_sq/white_sq|black_sq|white_sq|w_bishop|w_pawn|black_sq|w_pawn|black_sq/w_knight|white_sq|black_sq|white_sq|black_sq|w_pawn|black_sq|w_knight/white_sq|w_pawn|w_pawn|w_king|white_sq|black_sq|white_sq|b_pawn/black_sq|white_sq|black_sq|white_sq|black_sq|w_bishop|black_sq|white_sq
quad_w_queen_026,q1,0,"[[1, 3]]",8,8,white_sq|black_sq|white_sq|black_sq|b_rook|black_sq|white_sq|b_rook/black_sq|white_sq|b_king|w_queen|black_sq|b_knight|black_sq|white_sq/white_sq|black_sq|w_pawn|black_sq|white_sq|black_sq|white_sq|black_sq/b_pawn|white_sq|w_bishop|w_bishop|b_pawn|white_sq|b_pawn|white_sq/w_pawn|black_sq|white_sq|black_sq|b_pawn|black_sq|white_sq|black_sq/w_king|w_pawn|w_pawn|white_sq|w_pawn|white_sq|black_sq|b_pawn/white_sq|black_sq|white_sq|black_sq|white_sq|black_sq|white_sq|black_sq/black_sq|white_sq|black_sq|white_sq|b_bishop|white_sq|black_sq|white_sq
quad_w_queen_027,q1,0,"[[2, 1]]",8,8,white_sq|black_sq|white_sq|b_knight|b_rook|black_sq|white_sq|black_sq/black_sq|white_sq|black_sq|white_sq|black_sq|white_sq|black_sq|white_sq/white_sq|w_queen|w_knight|b_pawn|b_pawn|b_pawn|b_queen|black_sq/b_rook|b_bishop|w_pawn|b_king|black_sq|white_sq|b_pawn|w_pawn/b_pawn|black_sq|white_sq|black_sq|white_sq|black_sq|white_sq|w_pawn/w_pawn|white_sq|black_sq|white_sq|black_sq|white_sq|black_sq|w_rook/w_pawn|w_rook|white_sq|black_sq|w_pawn|w_pawn|w_king|black_sq/black_sq|white_sq|black_sq|white_sq|black_sq|white_sq|black_sq|white_sq
quad_w_queen_028,q1,2,"[[6, 2]]",8,8,white_sq|black_sq|white_sq|black_sq|white_sq|black_sq|b_knight|black_sq/black_sq|b_king|black_sq|white_sq|black_sq|white_sq|black_sq|white_sq/white_sq|black_sq|white_sq|black_sq|white_sq|black_sq|white_sq|black_sq/w_bishop|b_pawn|black_sq|white_sq|b_pawn|white_sq|black_sq|white_sq/w_pawn|black_sq|white_sq|black_sq|w_pawn|b_rook|white_sq|black_sq/black_sq|white_sq|black_sq|white_sq|w_king|w_pawn|black_sq|b_bishop/white_sq|black_sq|w_queen|b_rook|white_sq|black_sq|w_bishop|black_sq/black_sq|white_sq|black_sq|white_sq|black_sq|white_sq|w_knight|w_rook
quad_w_queen_029,q1,2,"[[7, 2]]",8,8,b_rook|black_sq|b_bishop|black_sq|b_king|black_sq|white_sq|black_sq/black_sq|white_sq|b_pawn|b_queen|w_bishop|white_sq|black_sq|white_sq/b_pawn|b_pawn|b_knight|w_pawn|white_sq|black_sq|white_sq|b_rook/black_sq|white_sq|black_sq|white_sq|w_knight|b_pawn|b_pawn|white_sq/white_sq|w_pawn|white_sq|w_pawn|b_knight|black_sq|white_sq|b_pawn/black_sq|white_sq|w_pawn|white_sq|black_sq|white_sq|black_sq|white_sq/w_pawn|black_sq|white_sq|black_sq|white_sq|w_pawn|w_pawn|w_pawn/w_rook|w_knight|w_queen|white_sq|w_king|w_bishop|w_rook|white_sq
quad_w_queen_030,q1,1,"[[1, 6]]",8,8,b_rook|b_knight|white_sq|b_queen|b_king|b_bishop|b_rook|black_sq/b_pawn|b_pawn|b_pawn|b_knight|b_pawn|white_sq|w_queen|b_pawn/white_sq|black_sq|white_sq|black_sq|white_sq|b_pawn|white_sq|black_sq/black_sq|white_sq|black_sq|white_sq|black_sq|b_bishop|b_pawn|white_sq/white_sq|black_sq|b_pawn|w_pawn|white_sq|black_sq|white_sq|black_sq/w_pawn|w_pawn|black_sq|white_sq|black_sq|white_sq|w_pawn|w_knight/white_sq|black_sq|white_sq|black_sq|w_pawn|w_pawn|w_bishop|w_pawn/w_rook|w_knight|w_bishop|w_king|black_sq|white_sq|black_sq|w_rook
quad_w_queen_031,q1,0,"[[1, 1]]",8,8,b_rook|black_sq|b_bishop|black_sq|white_sq|black_sq|white_sq|b_rook/black_sq|w_queen|b_pawn|b_knight|black_sq|white_sq|black_sq|b_pawn/b_pawn|b_pawn|white_sq|black_sq|white_sq|black_sq|b_king|b_knight/black_sq|white_sq|w_knight|white_sq|b_pawn|white_sq|black_sq|white_sq/white_sq|black_sq|white_sq|black_sq|w_pawn|b_pawn|white_sq|black_sq/w_rook|w_pawn|w_pawn|white_sq|black_sq|white_sq|w_pawn|white_sq/white_sq|black_sq|white_sq|w_pawn|white_sq|black_sq|w_pawn|w_pawn/black_sq|w_knight|w_bishop|white_sq|w_king|white_sq|black_sq|w_rook
quad_w_queen_032,q1,1,"[[3, 6]]",8,8,white_sq|black_sq|white_sq|black_sq|b_king|black_sq|white_sq|black_sq/b_knight|white_sq|black_sq|white_sq|b_bishop|white_sq|black_sq|b_pawn/b_rook|w_pawn|w_bishop|black_sq|white_sq|b_pawn|b_rook|b_knight/black_sq|white_sq|black_sq|white_sq|b_pawn|white_sq|w_queen|white_sq/b_pawn|black_sq|w_pawn|w_pawn|white_sq|black_sq|white_sq|black_sq/black_sq|white_sq|black_sq|white_sq|black_sq|white_sq|black_sq|white_sq/w_pawn|black_sq|white_sq|black_sq|white_sq|w_king|w_pawn|w_pawn/w_rook|white_sq|black_sq|w_rook|black_sq|white_sq|black_sq|white_sq
quad_w_queen_033,q1,2,"[[7, 0]]",8,8,white_sq|black_sq|white_sq|b_king|white_sq|b_bishop|b_queen|b_rook/b_pawn|white_sq|black_sq|white_sq|black_sq|white_sq|b_rook|b_pawn/white_sq|black_sq|white_sq|black_sq|white_sq|b_pawn|white_sq|black_sq/w_pawn|white_sq|black_sq|white_sq|b_pawn|white_sq|w_pawn|white_sq/white_sq|b_pawn|b_pawn|w_knight|white_sq|black_sq|b_pawn|w_knight/black_sq|white_sq|w_pawn|w_pawn|w_pawn|white_sq|w_pawn|white_sq/white_sq|w_pawn|white_sq|w_bishop|white_sq|black_sq|white_sq|w_rook/w_queen|white_sq|black_sq|w_rook|w_king|w_bishop|black_sq|white_sq
quad_w_queen_034,q1,0,"[[2, 3]]",8,8,white_sq|b_rook|b_bishop|black_sq|white_sq|b_queen|white_sq|black_sq/black_sq|white_sq|black_sq|white_sq|b_pawn|b_king|black_sq|white_sq/b_knight|black_sq|b_pawn|w_queen|white_sq|black_sq|white_sq|b_pawn/black_sq|white_sq|black_sq|white_sq|black_sq|b_pawn|black_sq|white_sq/w_pawn|w_pawn|white_sq|black_sq|b_pawn|w_knight|white_sq|b_rook/w_rook|white_sq|black_sq|w_rook|black_sq|w_knight|black_sq|white_sq/white_sq|black_sq|w_king|black_sq|w_bishop|b_knight|w_pawn|black_sq/black_sq|white_sq|w_bishop|white_sq|black_sq|white_sq|black_sq|white_sq
quad_w_queen_035,q1,2,"[[6, 3]]",8,8,white_sq|black_sq|white_sq|black_sq|white_sq|black_sq|white_sq|black_sq/b_king|white_sq|black_sq|white_sq|b_pawn|white_sq|black_sq|white_sq/white_sq|b_pawn|white_sq|black_sq|white_sq|b_pawn|white_sq|black_sq/b_pawn|white_sq|black_sq|w_bishop|w_knight|white_sq|black_sq|white_sq/w_pawn|black_sq|white_sq|black_sq|w_pawn|b_bishop|b_rook|black_sq/black_sq|white_sq|black_sq|white_sq|b_queen|white_sq|black_sq|w_pawn/white_sq|black_sq|white_sq|w_queen|white_sq|black_sq|white_sq|black_sq/black_sq|white_sq|w_rook|white_sq|black_sq|b_bishop|black_sq|w_king
quad_w_queen_036,q1,3,"[[6, 6]]",8,8,b_rook|b_knight|white_sq|black_sq|white_sq|black_sq|b_rook|black_sq/b_pawn|b_bishop|black_sq|white_sq|black_sq|white_sq|b_queen|b_pawn/white_sq|black_sq|white_sq|black_sq|b_king|b_knight|w_pawn|b_bishop/w_pawn|white_sq|w_pawn|b_pawn|black_sq|white_sq|black_sq|white_sq/white_sq|black_sq|white_sq|black_sq|white_sq|black_sq|white_sq|black_sq/black_sq|w_pawn|black_sq|w_bishop|w_pawn|w_knight|black_sq|white_sq/white_sq|black_sq|white_sq|w_king|white_sq|w_pawn|w_queen|black_sq/black_sq|white_sq|black_sq|white_sq|w_rook|white_sq|black_sq|w_rook
quad_w_queen_037,q1,1,"[[1, 4]]",8,8,white_sq|black_sq|b_knight|black_sq|b_king|black_sq|white_sq|black_sq/b_rook|white_sq|b_pawn|white_sq|w_queen|b_pawn|black_sq|white_sq/white_sq|b_pawn|white_sq|black_sq|w_pawn|black_sq|white_sq|black_sq/b_pawn|b_queen|black_sq|b_pawn|black_sq|white_sq|black_sq|w_knight/w_pawn|w_pawn|white_sq|w_pawn|white_sq|black_sq|b_bishop|black_sq/w_rook|white_sq|black_sq|white_sq|w_pawn|white_sq|black_sq|white_sq/white_sq|black_sq|white_sq|w_rook|w_bishop|black_sq|white_sq|black_sq/black_sq|white_sq|w_bishop|w_king|black_sq|white_sq|black_sq|white_sq
quad_w_queen_038,q1,0,"[[3, 0]]",8,8,b_rook|black_sq|white_sq|b_queen|b_king|b_bishop|white_sq|b_rook/b_pawn|b_bishop|black_sq|b_pawn|black_sq|b_pawn|b_pawn|white_sq/white_sq|black_sq|b_knight|black_sq|white_sq|b_knight|white_sq|black_sq/w_queen|w_pawn|b_pawn|white_sq|b_pawn|white_sq|black_sq|white_sq/white_sq|w_pawn|white_sq|w_pawn|white_sq|w_pawn|b_pawn|w_pawn/w_knight|white_sq|black_sq|white_sq|w_bishop|white_sq|black_sq|white_sq/white_sq|black_sq|w_pawn|black_sq|w_pawn|black_sq|white_sq|black_sq/w_rook|white_sq|black_sq|white_sq|w_king|w_bishop|w_knight|w_rook
quad_w_queen_039,q1,2,"[[4, 1]]",8,8,white_sq|black_sq|b_rook|black_sq|white_sq|b_queen|b_king|b_rook/b_pawn|white_sq|b_pawn|b_knight|b_pawn|white_sq|b_bishop|b_pawn/white_sq|black_sq|white_sq|black_sq|white_sq|b_pawn|b_pawn|b_knight/black_sq|b_pawn|black_sq|b_pawn|black_sq|w_pawn|black_sq|white_sq/white_sq|w_queen|white_sq|w_pawn|white_sq|black_sq|b_bishop|black_sq/black_sq|w_pawn|w_pawn|white_sq|w_pawn|w_knight|w_pawn|white_sq/w_pawn|black_sq|white_sq|black_sq|w_bishop|black_sq|white_sq|w_pawn/w_rook|w_knight|w_bishop|white_sq|w_king|white_sq|w_rook|white_sq
quad_w_queen_040,q1,1,"[[0, 6]]",8,8,white_sq|black_sq|white_sq|black_sq|white_sq|black_sq|w_queen|b_rook/black_sq|white_sq|b_king|b_rook|black_sq|white_sq|b_bishop|b_pawn/b_bishop|b_pawn|white_sq|black_sq|b_pawn|b_knight|white_sq|black_sq/w_bishop|w_bishop|black_sq|b_pawn|w_pawn|b_pawn|b_knight|white_sq/w_pawn|black_sq|white_sq|w_pawn|w_pawn|black_sq|b_pawn|black_sq/black_sq|white_sq|w_pawn|white_sq|black_sq|white_sq|w_pawn|w_pawn/white_sq|black_sq|white_sq|w_king|white_sq|black_sq|white_sq|black_sq/w_rook|w_knight|black_sq|white_sq|black_sq|white_sq|w_knight|w_rook
quad_w_queen_041,q1,0,"[[3, 0]]",8,8,white_sq|black_sq|white_sq|black_sq|b_king|b_rook|white_sq|black_sq/black_sq|white_sq|black_sq|white_sq|black_sq|b_pawn|black_sq|white_sq/white_sq|b_pawn|white_sq|black_sq|white_sq|black_sq|white_sq|black_sq/w_queen|white_sq|b_rook|white_sq|black_sq|white_sq|black_sq|w_pawn/b_pawn|black_sq|b_pawn|black_sq|w_bishop|b_pawn|white_sq|black_sq/w_pawn|b_pawn|black_sq|white_sq|b_bishop|white_sq|black_sq|b_queen/w_knight|black_sq|white_sq|w_pawn|w_king|w_pawn|white_sq|black_sq/black_sq|w_rook|w_bishop|white_sq|black_sq|white_sq|w_rook|white_sq
quad_w_queen_042,q1,3,"[[4, 6]]",8,8,b_king|black_sq|white_sq|black_sq|white_sq|black_sq|white_sq|b_rook/black_sq|white_sq|black_sq|white_sq|black_sq|white_sq|b_bishop|b_pawn/b_rook|b_pawn|white_sq|black_sq|white_sq|b_pawn|white_sq|black_sq/b_pawn|white_sq|black_sq|white_sq|black_sq|w_pawn|black_sq|white_sq/white_sq|black_sq|white_sq|w_pawn|b_pawn|black_sq|w_queen|black_sq/w_bishop|white_sq|w_pawn|white_sq|w_pawn|white_sq|w_pawn|white_sq/w_pawn|black_sq|white_sq|w_rook|w_bishop|black_sq|white_sq|w_pawn/black_sq|white_sq|w_king|white_sq|black_sq|white_sq|black_sq|w_rook
quad_w_queen_043,q1,1,"[[2, 4]]",8,8,b_rook|black_sq|white_sq|b_queen|b_king|b_bishop|b_rook|black_sq/black_sq|b_pawn|black_sq|b_bishop|b_pawn|b_pawn|b_pawn|b_pawn/white_sq|black_sq|white_sq|black_sq|w_queen|black_sq|white_sq|black_sq/b_pawn|white_sq|b_pawn|b_pawn|black_sq|white_sq|black_sq|white_sq/white_sq|b_knight|w_pawn|w_pawn|white_sq|black_sq|b_knight|black_sq/w_pawn|w_pawn|black_sq|white_sq|black_sq|white_sq|black_sq|w_pawn/white_sq|black_sq|white_sq|black_sq|w_pawn|w_pawn|w_pawn|black_sq/w_rook|w_knight|w_bishop|white_sq|w_king|w_bishop|w_knight|w_rook
quad_w_queen_044,q1,2,"[[5, 0]]",8,8,white_sq|black_sq|white_sq|black_sq|b_king|black_sq|b_rook|black_sq/b_bishop|white_sq|black_sq|white_sq|black_sq|white_sq|b_pawn|white_sq/b_knight|black_sq|b_pawn|black_sq|white_sq|black_sq|white_sq|black_sq/w_pawn|white_sq|black_sq|white_sq|b_pawn|b_queen|black_sq|white_sq/white_sq|black_sq|w_pawn|black_sq|white_sq|black_sq|b_pawn|b_pawn/w_queen|white_sq|black_sq|white_sq|w_bishop|w_knight|black_sq|b_bishop/white_sq|black_sq|white_sq|black_sq|white_sq|w_king|white_sq|black_sq/black_sq|b_rook|black_sq|white_sq|black_sq|white_sq|black_sq|white_sq
quad_w_queen_045,q1,2,"[[7, 3]]",8,8,b_rook|b_knight|b_bishop|b_queen|white_sq|b_bishop|white_sq|black_sq/b_pawn|b_pawn|black_sq|b_pawn|b_pawn|b_king|black_sq|white_sq/white_sq|black_sq|white_sq|black_sq|white_sq|b_pawn|w_knight|b_rook/black_sq|white_sq|b_pawn|white_sq|black_sq|b_knight|w_bishop|b_pawn/white_sq|black_sq|white_sq|black_sq|white_sq|black_sq|w_pawn|w_pawn/w_pawn|white_sq|black_sq|w_pawn|w_pawn|white_sq|black_sq|white_sq/white_sq|w_pawn|w_pawn|black_sq|w_knight|w_pawn|white_sq|black_sq/w_rook|white_sq|black_sq|w_queen|w_king|w_bishop|black_sq|w_rook
quad_w_queen_046,q1,0,"[[2, 3]]",8,8,white_sq|b_knight|b_queen|black_sq|b_king|black_sq|b_knight|b_rook/b_rook|white_sq|black_sq|b_pawn|black_sq|b_bishop|b_bishop|b_pawn/white_sq|b_pawn|b_pawn|w_queen|white_sq|black_sq|white_sq|black_sq/b_pawn|white_sq|black_sq|w_pawn|b_pawn|white_sq|w_pawn|white_sq/white_sq|w_pawn|w_pawn|w_knight|white_sq|black_sq|white_sq|w_pawn/black_sq|white_sq|black_sq|white_sq|b_pawn|w_pawn|black_sq|white_sq/w_pawn|black_sq|white_sq|black_sq|white_sq|black_sq|white_sq|black_sq/w_rook|white_sq|black_sq|white_sq|w_king|w_bishop|w_knight|w_rook
quad_w_queen_047,q1,3,"[[7, 7]]",8,8,b_rook|black_sq|white_sq|black_sq|b_king|black_sq|b_rook|black_sq/black_sq|b_pawn|b_pawn|white_sq|black_sq|white_sq|black_sq|white_sq/white_sq|black_sq|white_sq|b_bishop|b_bishop|black_sq|white_sq|black_sq/b_pawn|white_sq|w_bishop|b_pawn|black_sq|b_queen|black_sq|white_sq/w_pawn|black_sq|white_sq|w_rook|white_sq|b_pawn|white_sq|b_pawn/black_sq|white_sq|w_king|w_pawn|b_pawn|white_sq|black_sq|w_knight/white_sq|black_sq|w_pawn|black_sq|white_sq|black_sq|w_pawn|w_pawn/black_sq|w_knight|black_sq|white_sq|black_sq|w_bishop|w_rook|w_queen
quad_w_queen_048,q1,1,"[[3, 5]]",8,8,white_sq|black_sq|b_bishop|black_sq|b_king|b_rook|white_sq|black_sq/b_rook|white_sq|black_sq|white_sq|black_sq|white_sq|b_pawn|white_sq/b_knight|black_sq|white_sq|black_sq|white_sq|b_pawn|b_knight|black_sq/b_pawn|white_sq|black_sq|white_sq|b_pawn|w_queen|black_sq|white_sq/b_pawn|black_sq|white_sq|black_sq|w_pawn|black_sq|white_sq|black_sq/black_sq|white_sq|w_pawn|white_sq|black_sq|w_pawn|w_pawn|white_sq/white_sq|black_sq|w_king|w_bishop|white_sq|black_sq|w_bishop|w_rook/w_rook|w_knight|black_sq|white_sq|black_sq|white_sq|black_sq|white_sq
quad_w_queen_049,q1,1,"[[2, 4]]",8,8,white_sq|black_sq|b_bishop|black_sq|white_sq|black_sq|white_sq|b_rook/b_rook|white_sq|b_pawn|b_king|black_sq|white_sq|b_bishop|white_sq/white_sq|black_sq|white_sq|b_queen|w_queen|b_pawn|white_sq|black_sq/b_pawn|w_knight|black_sq|w_bishop|b_pawn|white_sq|w_bishop|b_pawn/white_sq|w_pawn|white_sq|b_knight|white_sq|black_sq|white_sq|b_knight/black_sq|white_sq|black_sq|white_sq|w_pawn|white_sq|w_pawn|w_pawn/w_pawn|black_sq|w_pawn|black_sq|white_sq|black_sq|white_sq|w_rook/w_rook|white_sq|black_sq|white_sq|black_sq|white_sq|w_king|white_sq
quad_w_queen_050,q1,0,"[[1, 3]]",8,8,b_rook|b_knight|white_sq|black_sq|b_king|black_sq|b_knight|black_sq/black_sq|b_pawn|black_sq|w_queen|b_pawn|b_pawn|black_sq|white_sq/white_sq|black_sq|white_sq|black_sq|white_sq|black_sq|white_sq|b_bishop/black_sq|white_sq|b_pawn|b_pawn|black_sq|white_sq|black_sq|b_rook/b_pawn|black_sq|white_sq|w_pawn|white_sq|black_sq|b_pawn|black_sq/w_pawn|white_sq|w_pawn|white_sq|black_sq|white_sq|w_pawn|white_sq/white_sq|w_pawn|white_sq|black_sq|w_bishop|w_rook|white_sq|w_knight/w_rook|white_sq|black_sq|w_king|w_bishop|white_sq|black_sq|white_sq
quad_w_queen_051,q1,3,"[[5, 5]]",8,8,white_sq|black_sq|b_rook|b_king|white_sq|b_rook|white_sq|black_sq/b_pawn|white_sq|black_sq|b_knight|black_sq|white_sq|b_pawn|b_pawn/white_sq|b_pawn|white_sq|black_sq|white_sq|black_sq|white_sq|black_sq/black_sq|white_sq|black_sq|b_bishop|black_sq|white_sq|black_sq|w_pawn/w_pawn|black_sq|white_sq|black_sq|b_pawn|black_sq|b_pawn|black_sq/w_bishop|white_sq|w_pawn|white_sq|b_bishop|w_queen|black_sq|white_sq/white_sq|black_sq|white_sq|black_sq|w_pawn|w_pawn|white_sq|w_rook/w_rook|white_sq|black_sq|white_sq|w_king|white_sq|w_knight|white_sq
quad_w_queen_052,q1,2,"[[4, 0]]",8,8,white_sq|black_sq|white_sq|b_king|white_sq|b_bishop|b_rook|b_rook/b_queen|white_sq|black_sq|white_sq|black_sq|white_sq|black_sq|white_sq/b_bishop|black_sq|white_sq|black_sq|white_sq|w_pawn|white_sq|b_pawn/w_pawn|white_sq|b_pawn|white_sq|black_sq|white_sq|b_pawn|white_sq/w_queen|black_sq|white_sq|w_pawn|white_sq|black_sq|white_sq|w_pawn/black_sq|white_sq|black_sq|w_pawn|w_bishop|white_sq|black_sq|white_sq/white_sq|w_pawn|w_rook|black_sq|white_sq|w_pawn|white_sq|black_sq/black_sq|white_sq|black_sq|white_sq|w_king|w_bishop|w_knight|white_sq
quad_w_queen_053,q1,3,"[[5, 4]]",8,8,b_rook|black_sq|white_sq|black_sq|b_king|b_bishop|white_sq|b_rook/black_sq|b_pawn|black_sq|white_sq|black_sq|b_pawn|b_pawn|b_pawn/white_sq|b_knight|b_pawn|b_pawn|b_queen|black_sq|white_sq|b_knight/black_sq|white_sq|black_sq|w_knight|black_sq|white_sq|black_sq|w_pawn/b_pawn|w_pawn|white_sq|black_sq|w_pawn|w_pawn|white_sq|black_sq/w_bishop|white_sq|black_sq|w_pawn|w_queen|white_sq|black_sq|w_pawn/w_pawn|black_sq|w_pawn|w_knight|white_sq|black_sq|white_sq|black_sq/w_rook|white_sq|black_sq|w_king|black_sq|w_bishop|black_sq|w_rook
quad_w_queen_054,q1,2,"[[5, 1]]",8,8,b_bishop|black_sq|white_sq|black_sq|white_sq|black_sq|white_sq|black_sq/black_sq|white_sq|black_sq|white_sq|black_sq|white_sq|black_sq|white_sq/white_sq|black_sq|white_sq|b_rook|b_king|black_sq|white_sq|b_knight/black_sq|b_pawn|black_sq|b_rook|black_sq|white_sq|b_pawn|b_pawn/w_pawn|black_sq|white_sq|w_pawn|w_pawn|b_pawn|white_sq|w_pawn/black_sq|w_queen|w_pawn|white_sq|black_sq|w_bishop|black_sq|white_sq/white_sq|black_sq|white_sq|w_king|w_pawn|black_sq|white_sq|w_rook/w_bishop|white_sq|black_sq|white_sq|w_knight|white_sq|black_sq|white_sq
quad_w_queen_055,q1,3,"[[5, 7]]",8,8,white_sq|black_sq|white_sq|black_sq|white_sq|black_sq|white_sq|black_sq/black_sq|white_sq|black_sq|white_sq|b_bishop|white_sq|b_pawn|b_rook/white_sq|black_sq|white_sq|b_pawn|b_king|black_sq|white_sq|b_knight/b_pawn|white_sq|black_sq|white_sq|black_sq|b_pawn|w_pawn|white_sq/b_knight|b_pawn|white_sq|black_sq|white_sq|black_sq|b_bishop|black_sq/black_sq|white_sq|black_sq|white_sq|black_sq|w_pawn|w_rook|w_queen/white_sq|w_bishop|white_sq|black_sq|w_king|black_sq|white_sq|black_sq/black_sq|white_sq|black_sq|white_sq|black_sq|white_sq|w_knight|white_sq
quad_w_queen_056,q1,1,"[[2, 6]]",8,8,white_sq|black_sq|white_sq|black_sq|white_sq|black_sq|white_sq|black_sq/black_sq|white_sq|black_sq|white_sq|black_sq|white_sq|b_pawn|white_sq/white_sq|black_sq|white_sq|b_pawn|white_sq|b_king|w_queen|black_sq/black_sq|white_sq|black_sq|white_sq|w_knight|white_sq|black_sq|white_sq/white_sq|black_sq|white_sq|w_pawn|white_sq|b_queen|w_bishop|w_pawn/black_sq|white_sq|b_knight|white_sq|black_sq|w_pawn|black_sq|white_sq/b_rook|black_sq|w_rook|w_pawn|white_sq|w_bishop|white_sq|w_rook/black_sq|white_sq|black_sq|white_sq|w_king|white_sq|black_sq|white_sq
quad_w_queen_057,q1,2,"[[4, 1]]",8,8,b_rook|black_sq|b_bishop|b_queen|white_sq|b_bishop|white_sq|b_rook/black_sq|b_pawn|black_sq|b_king|black_sq|b_pawn|black_sq|b_pawn/white_sq|black_sq|b_knight|black_sq|white_sq|b_knight|white_sq|black_sq/b_pawn|white_sq|b_pawn|b_pawn|b_pawn|w_pawn|b_pawn|white_sq/w_pawn|w_queen|white_sq|black_sq|white_sq|black_sq|w_pawn|black_sq/black_sq|white_sq|black_sq|white_sq|black_sq|white_sq|black_sq|w_bishop/white_sq|w_pawn|w_pawn|w_pawn|w_pawn|black_sq|white_sq|w_pawn/w_rook|w_knight|w_bishop|white_sq|black_sq|w_king|w_knight|w_rook
quad_w_queen_058,q1,2,"[[4, 2]]",8,8,b_rook|black_sq|white_sq|b_king|white_sq|b_rook|white_sq|black_sq/b_pawn|white_sq|black_sq|white_sq|black_sq|b_pawn|black_sq|white_sq/white_sq|w_pawn|white_sq|black_sq|white_sq|w_pawn|white_sq|black_sq/black_sq|white_sq|b_pawn|b_bishop|black_sq|white_sq|b_pawn|white_sq/w_pawn|black_sq|w_queen|w_pawn|white_sq|black_sq|white_sq|b_pawn/b_knight|white_sq|black_sq|b_pawn|w_pawn|w_pawn|b_bishop|w_knight/white_sq|black_sq|white_sq|w_king|white_sq|black_sq|white_sq|black_sq/w_rook|white_sq|w_bishop|white_sq|black_sq|w_rook|black_sq|w_bishop
quad_w_queen_059,q1,1,"[[3, 6]]",8,8,b_rook|b_knight|b_bishop|b_queen|b_king|b_bishop|b_knight|b_rook/b_pawn|b_pawn|b_pawn|b_pawn|b_pawn|b_pawn|b_pawn|white_sq/white_sq|black_sq|white_sq|black_sq|white_sq|black_sq|white_sq|b_pawn/black_sq|white_sq|black_sq|white_sq|black_sq|white_sq|w_queen|white_sq/white_sq|black_sq|white_sq|black_sq|white_sq|black_sq|w_pawn|black_sq/black_sq|white_sq|black_sq|white_sq|w_pawn|white_sq|black_sq|white_sq/w_pawn|w_pawn|w_pawn|w_pawn|white_sq|w_pawn|white_sq|w_pawn/w_rook|w_knight|w_bishop|white_sq|w_king|w_bishop|w_knight|w_rook
quad_w_queen_060,q1,3,"[[7, 6]]",8,8,white_sq|black_sq|b_bishop|b_queen|b_king|black_sq|b_knight|b_rook/b_rook|white_sq|black_sq|b_pawn|black_sq|white_sq|black_sq|white_sq/white_sq|black_sq|white_sq|black_sq|white_sq|b_pawn|w_pawn|b_pawn/b_pawn|white_sq|black_sq|white_sq|black_sq|white_sq|black_sq|white_sq/w_knight|black_sq|w_pawn|black_sq|b_pawn|b_bishop|w_pawn|black_sq/w_pawn|white_sq|black_sq|b_knight|b_pawn|white_sq|black_sq|white_sq/w_rook|w_pawn|white_sq|black_sq|w_pawn|black_sq|w_bishop|black_sq/black_sq|white_sq|w_bishop|w_king|black_sq|white_sq|w_queen|w_rook
quad_w_queen_061,q1,0,"[[3, 3]]",8,8,b_rook|b_knight|b_bishop|black_sq|white_sq|b_king|white_sq|black_sq/black_sq|b_pawn|black_sq|white_sq|b_bishop|white_sq|black_sq|white_sq/b_pawn|b_knight|white_sq|b_pawn|w_pawn|b_rook|white_sq|b_pawn/b_queen|white_sq|b_pawn|w_queen|black_sq|white_sq|black_sq|white_sq/white_sq|w_pawn|white_sq|black_sq|b_pawn|black_sq|white_sq|black_sq/w_bishop|white_sq|black_sq|white_sq|w_pawn|w_knight|w_knight|white_sq/w_pawn|black_sq|w_pawn|black_sq|white_sq|w_pawn|w_pawn|black_sq/w_rook|w_king|black_sq|white_sq|black_sq|w_bishop|black_sq|white_sq
quad_w_queen_062,q1,0,"[[2, 2]]",8,8,b_rook|black_sq|white_sq|b_queen|b_king|b_bishop|b_knight|black_sq/black_sq|white_sq|b_pawn|b_bishop|b_pawn|b_pawn|b_pawn|white_sq/white_sq|black_sq|w_queen|black_sq|white_sq|black_sq|white_sq|black_sq/black_sq|white_sq|black_sq|w_pawn|black_sq|white_sq|b_pawn|white_sq/white_sq|b_pawn|white_sq|black_sq|white_sq|black_sq|white_sq|black_sq/black_sq|white_sq|black_sq|w_bishop|black_sq|w_pawn|b_rook|white_sq/w_pawn|black_sq|w_pawn|w_pawn|white_sq|b_knight|w_pawn|w_pawn/black_sq|white_sq|w_rook|white_sq|black_sq|w_king|black_sq|w_rook
quad_w_queen_063,q1,3,"[[6, 7]]",8,8,b_rook|b_knight|white_sq|black_sq|white_sq|black_sq|b_king|black_sq/black_sq|white_sq|black_sq|b_pawn|black_sq|white_sq|b_pawn|b_rook/b_pawn|black_sq|b_bishop|black_sq|white_sq|black_sq|white_sq|black_sq/black_sq|b_pawn|black_sq|w_pawn|b_bishop|white_sq|black_sq|b_pawn/white_sq|w_pawn|b_queen|b_pawn|white_sq|w_bishop|w_pawn|w_pawn/w_knight|white_sq|black_sq|white_sq|black_sq|white_sq|black_sq|w_bishop/w_pawn|black_sq|white_sq|w_knight|white_sq|black_sq|white_sq|w_queen/w_rook|white_sq|black_sq|w_king|black_sq|white_sq|black_sq|white_sq
quad_w_queen_064,q1,2,"[[7, 2]]",8,8,b_rook|b_knight|b_bishop|b_queen|b_king|black_sq|b_knight|b_rook/black_sq|white_sq|w_bishop|b_pawn|b_pawn|b_pawn|black_sq|white_sq/b_pawn|black_sq|white_sq|black_sq|white_sq|black_sq|b_pawn|black_sq/black_sq|w_knight|black_sq|white_sq|black_sq|white_sq|black_sq|b_pawn/white_sq|black_sq|white_sq|black_sq|w_pawn|black_sq|w_pawn|black_sq/w_pawn|white_sq|black_sq|white_sq|black_sq|white_sq|black_sq|w_pawn/white_sq|black_sq|w_pawn|w_pawn|b_knight|w_pawn|w_bishop|w_rook/black_sq|white_sq|w_queen|white_sq|black_sq|w_king|black_sq|white_sq
quad_w_queen_065,q1,1,"[[0, 4]]",8,8,b_rook|b_knight|white_sq|black_sq|w_queen|b_bishop|b_rook|black_sq/black_sq|white_sq|b_pawn|b_king|b_knight|white_sq|b_pawn|white_sq/white_sq|black_sq|white_sq|black_sq|white_sq|black_sq|white_sq|black_sq/black_sq|w_pawn|black_sq|white_sq|b_pawn|w_knight|w_bishop|b_pawn/white_sq|b_pawn|white_sq|black_sq|white_sq|black_sq|w_pawn|w_pawn/black_sq|white_sq|w_pawn|b_bishop|black_sq|w_pawn|black_sq|white_sq/white_sq|black_sq|white_sq|black_sq|w_pawn|black_sq|w_king|w_rook/black_sq|white_sq|black_sq|white_sq|black_sq|w_bishop|black_sq|white_sq
quad_w_queen_066,q1,1,"[[2, 6]]",8,8,b_rook|b_knight|b_bishop|b_queen|b_king|b_bishop|b_knight|b_rook/b_pawn|white_sq|b_pawn|b_pawn|b_pawn|b_pawn|b_pawn|b_pawn/white_sq|black_sq|white_sq|black_sq|white_sq|black_sq|w_queen|black_sq/black_sq|b_pawn|black_sq|white_sq|black_sq|white_sq|black_sq|white_sq/white_sq|black_sq|white_sq|black_sq|white_sq|black_sq|white_sq|black_sq/black_sq|white_sq|black_sq|white_sq|black_sq|w_knight|black_sq|white_sq/w_pawn|w_pawn|w_pawn|w_pawn|w_pawn|w_pawn|w_pawn|w_pawn/w_rook|w_knight|w_bishop|white_sq|w_king|w_bishop|black_sq|w_rook
quad_w_queen_067,q1,0,"[[1, 3]]",8,8,white_sq|black_sq|white_sq|black_sq|b_king|b_rook|white_sq|black_sq/black_sq|white_sq|black_sq|w_queen|black_sq|b_pawn|black_sq|white_sq/white_sq|b_pawn|white_sq|black_sq|white_sq|black_sq|white_sq|black_sq/black_sq|white_sq|b_rook|white_sq|black_sq|white_sq|black_sq|w_pawn/b_pawn|black_sq|b_pawn|black_sq|w_bishop|b_pawn|white_sq|black_sq/w_pawn|b_pawn|black_sq|white_sq|b_bishop|white_sq|black_sq|b_queen/w_knight|black_sq|white_sq|w_pawn|w_king|w_pawn|white_sq|black_sq/black_sq|w_rook|w_bishop|white_sq|black_sq|white_sq|w_rook|white_sq
quad_w_queen_068,q1,0,"[[0, 0]]",8,8,w_queen|b_knight|b_bishop|b_queen|b_king|b_bishop|b_rook|black_sq/b_rook|white_sq|b_pawn|white_sq|black_sq|white_sq|b_pawn|b_pawn/white_sq|black_sq|white_sq|black_sq|b_pawn|black_sq|white_sq|black_sq/b_pawn|white_sq|black_sq|b_pawn|black_sq|b_pawn|b_knight|white_sq/w_pawn|black_sq|white_sq|black_sq|white_sq|w_knight|white_sq|black_sq/black_sq|white_sq|w_pawn|w_pawn|w_pawn|w_pawn|black_sq|white_sq/white_sq|w_pawn|white_sq|black_sq|white_sq|black_sq|w_pawn|w_pawn/w_rook|w_knight|black_sq|white_sq|w_king|w_bishop|w_rook|white_sq
quad_w_queen_069,q1,1,"[[2, 7]]",8,8,white_sq|black_sq|b_rook|black_sq|white_sq|b_rook|white_sq|black_sq/b_pawn|white_sq|black_sq|b_pawn|black_sq|white_sq|b_king|b_pawn/b_knight|b_pawn|white_sq|black_sq|white_sq|black_sq|b_pawn|w_queen/black_sq|w_bishop|black_sq|white_sq|black_sq|white_sq|b_bishop|b_knight/b_queen|black_sq|white_sq|b_pawn|w_pawn|b_pawn|white_sq|black_sq/black_sq|b_bishop|w_knight|white_sq|black_sq|w_pawn|black_sq|w_pawn/white_sq|black_sq|w_pawn|black_sq|w_king|black_sq|white_sq|black_sq/w_rook|white_sq|black_sq|white_sq|black_sq|white_sq|w_knight|w_rook
quad_w_queen_070,q1,0,"[[0, 2]]",8,8,b_rook|black_sq|w_queen|black_sq|b_queen|b_bishop|b_knight|b_rook/black_sq|b_pawn|black_sq|b_king|b_pawn|white_sq|black_sq|b_pawn/white_sq|black_sq|b_knight|b_pawn|white_sq|b_pawn|white_sq|black_sq/b_pawn|w_pawn|b_pawn|white_sq|black_sq|b_bishop|b_pawn|white_sq/w_knight|black_sq|w_pawn|black_sq|white_sq|black_sq|white_sq|black_sq/w_pawn|white_sq|black_sq|white_sq|black_sq|w_knight|black_sq|w_pawn/white_sq|black_sq|white_sq|w_pawn|w_pawn|w_pawn|w_pawn|black_sq/w_rook|white_sq|w_bishop|white_sq|w_king|w_bishop|w_rook|white_sq
quad_w_queen_071,q1,2,"[[4, 2]]",8,8,white_sq|black_sq|b_bishop|b_king|white_sq|b_bishop|b_knight|black_sq/b_rook|b_pawn|black_sq|b_pawn|black_sq|white_sq|black_sq|white_sq/b_knight|black_sq|white_sq|black_sq|b_pawn|black_sq|white_sq|b_rook/b_pawn|white_sq|b_queen|white_sq|black_sq|w_pawn|black_sq|b_pawn/w_pawn|w_pawn|w_queen|black_sq|white_sq|b_pawn|w_pawn|w_pawn/w_knight|white_sq|black_sq|white_sq|black_sq|white_sq|black_sq|w_bishop/w_rook|w_bishop|white_sq|w_pawn|w_knight|black_sq|white_sq|black_sq/black_sq|white_sq|black_sq|white_sq|black_sq|w_king|black_sq|w_rook
quad_w_queen_072,q1,2,"[[4, 0]]",8,8,white_sq|b_knight|white_sq|b_queen|white_sq|black_sq|white_sq|b_rook/black_sq|white_sq|black_sq|white_sq|black_sq|white_sq|w_rook|white_sq/white_sq|black_sq|white_sq|b_king|w_knight|b_knight|white_sq|black_sq/black_sq|white_sq|b_pawn|white_sq|black_sq|w_pawn|black_sq|white_sq/w_queen|black_sq|white_sq|w_pawn|b_pawn|black_sq|white_sq|b_pawn/black_sq|white_sq|black_sq|w_pawn|black_sq|white_sq|black_sq|w_pawn/w_pawn|black_sq|white_sq|black_sq|white_sq|black_sq|white_sq|black_sq/black_sq|white_sq|w_bishop|white_sq|black_sq|w_king|black_sq|white_sq
quad_w_queen_073,q1,0,"[[0, 1]]",8,8,white_sq|w_queen|white_sq|black_sq|b_king|black_sq|b_knight|b_rook/b_rook|b_pawn|black_sq|white_sq|black_sq|b_pawn|b_bishop|b_pawn/white_sq|black_sq|b_pawn|black_sq|b_knight|black_sq|white_sq|black_sq/b_pawn|white_sq|w_pawn|b_pawn|black_sq|b_bishop|black_sq|white_sq/white_sq|black_sq|white_sq|b_pawn|w_pawn|black_sq|white_sq|b_queen/w_pawn|w_pawn|w_knight|w_king|black_sq|white_sq|w_pawn|white_sq/white_sq|black_sq|white_sq|black_sq|white_sq|w_pawn|white_sq|w_pawn/w_rook|white_sq|w_bishop|white_sq|black_sq|w_bishop|w_knight|w_rook
quad_w_queen_074,q1,0,"[[2, 3]]",8,8,white_sq|black_sq|white_sq|b_queen|b_king|black_sq|white_sq|b_rook/b_rook|white_sq|black_sq|white_sq|black_sq|b_pawn|b_bishop|b_pawn/white_sq|b_pawn|white_sq|w_queen|white_sq|black_sq|white_sq|black_sq/black_sq|w_pawn|black_sq|b_pawn|b_pawn|white_sq|black_sq|white_sq/white_sq|black_sq|white_sq|black_sq|white_sq|b_knight|b_pawn|w_pawn/w_rook|white_sq|black_sq|b_bishop|w_pawn|w_pawn|w_pawn|white_sq/white_sq|w_pawn|white_sq|w_king|white_sq|black_sq|white_sq|black_sq/black_sq|w_knight|w_bishop|white_sq|black_sq|w_bishop|black_sq|w_rook
quad_w_queen_075,q1,0,"[[1, 2]]",8,8,b_rook|b_knight|b_bishop|b_queen|b_king|b_bishop|white_sq|b_rook/black_sq|white_sq|w_queen|b_pawn|b_knight|b_pawn|black_sq|b_pawn/white_sq|black_sq|white_sq|black_sq|white_sq|black_sq|b_pawn|black_sq/b_pawn|b_pawn|b_pawn|white_sq|b_pawn|white_sq|black_sq|white_sq/white_sq|black_sq|w_pawn|black_sq|white_sq|black_sq|white_sq|black_sq/black_sq|white_sq|w_knight|white_sq|black_sq|white_sq|w_pawn|w_knight/w_pawn|w_pawn|white_sq|w_pawn|w_pawn|w_pawn|white_sq|w_pawn/w_rook|white_sq|w_bishop|white_sq|w_king|w_bishop|black_sq|w_rook
quad_w_queen_076,q1,3,"[[6, 7]]",8,8,white_sq|black_sq|white_sq|b_rook|b_king|b_bishop|white_sq|b_rook/b_pawn|white_sq|black_sq|white_sq|b_pawn|white_sq|b_pawn|white_sq/white_sq|black_sq|white_sq|black_sq|white_sq|black_sq|white_sq|black_sq/black_sq|b_queen|black_sq|b_pawn|black_sq|b_pawn|black_sq|b_pawn/w_pawn|w_knight|b_pawn|black_sq|w_pawn|w_pawn|white_sq|w_pawn/w_rook|w_pawn|w_pawn|w_bishop|black_sq|white_sq|black_sq|white_sq/white_sq|black_sq|w_pawn|w_king|white_sq|black_sq|b_bishop|w_queen/black_sq|w_knight|w_bishop|white_sq|black_sq|white_sq|w_rook|white_sq
quad_w_queen_077,q1,3,"[[6, 7]]",8,8,white_sq|black_sq|white_sq|b_rook|b_knight|black_sq|b_rook|black_sq/b_pawn|white_sq|b_pawn|white_sq|b_king|b_pawn|b_pawn|b_pawn/b_bishop|black_sq|white_sq|black_sq|white_sq|black_sq|white_sq|black_sq/w_pawn|b_pawn|b_knight|b_pawn|black_sq|white_sq|b_queen|white_sq/white_sq|w_king|white_sq|black_sq|white_sq|black_sq|w_pawn|w_pawn/w_rook|white_sq|black_sq|white_sq|w_bishop|white_sq|black_sq|w_knight/white_sq|w_pawn|white_sq|black_sq|w_pawn|w_pawn|w_bishop|w_queen/black_sq|white_sq|black_sq|white_sq|black_sq|white_sq|w_rook|white_sq
quad_w_queen_078,q1,3,"[[5, 6]]",8,8,white_sq|black_sq|white_sq|black_sq|white_sq|black_sq|b_knight|black_sq/black_sq|white_sq|black_sq|white_sq|b_bishop|b_king|black_sq|b_pawn/b_rook|black_sq|white_sq|black_sq|white_sq|black_sq|white_sq|black_sq/black_sq|white_sq|black_sq|w_bishop|w_pawn|b_pawn|black_sq|w_pawn/b_pawn|black_sq|white_sq|black_sq|white_sq|black_sq|b_pawn|w_rook/black_sq|white_sq|black_sq|b_pawn|b_pawn|white_sq|w_queen|white_sq/white_sq|black_sq|white_sq|black_sq|w_pawn|black_sq|white_sq|black_sq/black_sq|white_sq|w_rook|white_sq|w_king|white_sq|black_sq|white_sq
quad_w_queen_079,q1,3,"[[4, 7]]",8,8,b_bishop|black_sq|white_sq|black_sq|white_sq|b_bishop|b_rook|black_sq/black_sq|b_king|black_sq|b_pawn|b_pawn|white_sq|b_pawn|white_sq/white_sq|black_sq|white_sq|black_sq|white_sq|black_sq|white_sq|black_sq/black_sq|w_pawn|b_pawn|white_sq|black_sq|w_pawn|black_sq|white_sq/white_sq|b_knight|white_sq|black_sq|white_sq|w_pawn|w_knight|w_queen/black_sq|white_sq|w_knight|w_pawn|black_sq|white_sq|w_pawn|w_rook/white_sq|black_sq|white_sq|black_sq|white_sq|black_sq|white_sq|black_sq/black_sq|white_sq|black_sq|w_king|black_sq|white_sq|black_sq|white_sq
quad_w_queen_080,q1,1,"[[2, 7]]",8,8,white_sq|black_sq|white_sq|b_king|white_sq|b_bishop|b_queen|b_rook/b_pawn|white_sq|black_sq|white_sq|black_sq|white_sq|b_rook|b_pawn/white_sq|black_sq|white_sq|black_sq|white_sq|b_pawn|white_sq|w_queen/w_pawn|white_sq|black_sq|white_sq|b_pawn|white_sq|w_pawn|white_sq/white_sq|b_pawn|b_pawn|w_knight|white_sq|black_sq|b_pawn|w_knight/black_sq|white_sq|w_pawn|w_pawn|w_pawn|white_sq|w_pawn|white_sq/white_sq|w_pawn|white_sq|w_bishop|white_sq|black_sq|white_sq|w_rook/black_sq|white_sq|black_sq|w_rook|w_king|w_bishop|black_sq|white_sq
quad_w_queen_081,q1,1,"[[0, 5]]",8,8,white_sq|black_sq|b_king|black_sq|white_sq|w_queen|b_rook|b_knight/b_rook|b_bishop|black_sq|b_pawn|black_sq|white_sq|black_sq|white_sq/b_knight|b_pawn|white_sq|black_sq|white_sq|black_sq|white_sq|b_pawn/b_pawn|white_sq|black_sq|w_pawn|black_sq|w_pawn|w_pawn|white_sq/w_pawn|black_sq|white_sq|black_sq|b_pawn|b_bishop|white_sq|black_sq/black_sq|w_pawn|black_sq|w_pawn|black_sq|w_rook|black_sq|w_knight/white_sq|black_sq|white_sq|black_sq|white_sq|black_sq|white_sq|black_sq/black_sq|white_sq|w_rook|w_king|black_sq|w_bishop|black_sq|white_sq
quad_w_queen_082,q1,3,"[[5, 6]]",8,8,b_rook|b_knight|b_bishop|b_queen|b_king|b_bishop|white_sq|b_rook/b_pawn|b_pawn|b_pawn|b_pawn|black_sq|b_pawn|black_sq|b_pawn/white_sq|black_sq|white_sq|black_sq|white_sq|b_knight|white_sq|black_sq/black_sq|white_sq|black_sq|white_sq|b_pawn|white_sq|b_pawn|white_sq/white_sq|w_pawn|white_sq|black_sq|white_sq|black_sq|white_sq|black_sq/black_sq|white_sq|black_sq|white_sq|w_pawn|w_pawn|w_queen|white_sq/w_pawn|black_sq|w_pawn|w_pawn|white_sq|black_sq|w_pawn|w_pawn/w_rook|w_knight|w_bishop|white_sq|w_king|w_bishop|w_knight|w_rook
quad_w_queen_083,q1,0,"[[3, 0]]",8,8,white_sq|black_sq|white_sq|black_sq|white_sq|black_sq|b_king|b_rook/black_sq|white_sq|black_sq|white_sq|black_sq|white_sq|w_bishop|w_knight/white_sq|black_sq|white_sq|black_sq|white_sq|black_sq|white_sq|b_bishop/w_queen|b_pawn|black_sq|b_knight|black_sq|white_sq|black_sq|white_sq/w_pawn|black_sq|white_sq|black_sq|white_sq|black_sq|white_sq|black_sq/black_sq|w_rook|black_sq|white_sq|b_pawn|w_pawn|black_sq|white_sq/white_sq|black_sq|white_sq|black_sq|w_pawn|black_sq|white_sq|w_pawn/black_sq|white_sq|black_sq|white_sq|w_king|w_rook|black_sq|white_sq
quad_w_queen_084,q1,1,"[[1, 7]]",8,8,white_sq|black_sq|b_queen|b_rook|white_sq|black_sq|white_sq|black_sq/b_rook|b_pawn|black_sq|white_sq|b_king|white_sq|black_sq|w_queen/b_pawn|black_sq|b_bishop|b_pawn|white_sq|b_bishop|white_sq|black_sq/black_sq|w_bishop|b_pawn|white_sq|black_sq|white_sq|black_sq|w_knight/white_sq|black_sq|w_pawn|black_sq|b_pawn|w_pawn|white_sq|b_pawn/w_pawn|white_sq|black_sq|white_sq|black_sq|white_sq|w_pawn|w_pawn/white_sq|black_sq|white_sq|w_bishop|white_sq|w_rook|white_sq|black_sq/w_rook|w_knight|black_sq|w_king|black_sq|white_sq|black_sq|white_sq
quad_w_queen_085,q1,3,"[[6, 5]]",8,8,b_rook|b_queen|b_bishop|black_sq|b_king|b_bishop|white_sq|black_sq/b_pawn|white_sq|black_sq|white_sq|b_pawn|white_sq|black_sq|white_sq/white_sq|black_sq|b_knight|black_sq|white_sq|black_sq|white_sq|b_pawn/black_sq|white_sq|b_pawn|b_pawn|w_bishop|b_pawn|black_sq|white_sq/white_sq|b_pawn|white_sq|w_pawn|w_pawn|w_pawn|white_sq|w_pawn/black_sq|white_sq|w_knight|white_sq|black_sq|w_bishop|b_rook|white_sq/w_pawn|black_sq|w_pawn|black_sq|white_sq|w_queen|white_sq|black_sq/w_rook|white_sq|black_sq|w_king|black_sq|white_sq|black_sq|w_rook
quad_w_queen_086,q1,0,"[[1, 1]]",8,8,white_sq|black_sq|b_rook|black_sq|white_sq|b_rook|white_sq|black_sq/b_pawn|w_queen|black_sq|b_pawn|black_sq|white_sq|b_king|b_pawn/b_knight|b_pawn|white_sq|black_sq|white_sq|black_sq|b_pawn|black_sq/black_sq|w_bishop|black_sq|white_sq|black_sq|white_sq|b_bishop|b_knight/b_queen|black_sq|white_sq|b_pawn|w_pawn|b_pawn|white_sq|black_sq/black_sq|b_bishop|w_knight|white_sq|black_sq|w_pawn|black_sq|w_pawn/white_sq|black_sq|w_pawn|black_sq|w_king|black_sq|white_sq|black_sq/w_rook|white_sq|black_sq|white_sq|black_sq|white_sq|w_knight|w_rook
quad_w_queen_087,q1,0,"[[2, 1]]",8,8,b_rook|b_knight|white_sq|b_king|white_sq|black_sq|white_sq|black_sq/b_pawn|b_bishop|black_sq|white_sq|black_sq|b_knight|black_sq|white_sq/white_sq|w_queen|white_sq|b_pawn|b_pawn|w_knight|white_sq|b_bishop/black_sq|b_pawn|black_sq|white_sq|black_sq|b_pawn|black_sq|b_queen/w_pawn|black_sq|white_sq|black_sq|w_pawn|black_sq|white_sq|w_pawn/w_rook|white_sq|black_sq|b_rook|black_sq|white_sq|black_sq|white_sq/white_sq|black_sq|w_pawn|w_pawn|white_sq|w_pawn|white_sq|black_sq/black_sq|w_knight|w_bishop|white_sq|w_rook|white_sq|w_king|w_bishop
quad_w_queen_088,q1,1,"[[2, 5]]",8,8,white_sq|b_knight|b_bishop|b_queen|b_king|b_bishop|b_rook|black_sq/b_rook|white_sq|b_pawn|white_sq|black_sq|white_sq|b_pawn|b_pawn/white_sq|black_sq|white_sq|black_sq|b_pawn|w_queen|white_sq|black_sq/b_pawn|white_sq|black_sq|b_pawn|black_sq|b_pawn|b_knight|white_sq/w_pawn|black_sq|white_sq|black_sq|white_sq|w_knight|white_sq|black_sq/black_sq|white_sq|w_pawn|w_pawn|w_pawn|w_pawn|black_sq|white_sq/white_sq|w_pawn|white_sq|black_sq|white_sq|black_sq|w_pawn|w_pawn/w_rook|w_knight|black_sq|white_sq|w_king|w_bishop|w_rook|white_sq
quad_w_queen_089,q1,3,"[[5, 7]]",8,8,white_sq|black_sq|white_sq|black_sq|b_knight|black_sq|white_sq|black_sq/black_sq|white_sq|b_king|white_sq|b_rook|white_sq|black_sq|white_sq/white_sq|b_rook|b_pawn|b_knight|b_pawn|black_sq|white_sq|b_pawn/black_sq|white_sq|w_bishop|white_sq|black_sq|white_sq|b_pawn|w_pawn/b_pawn|w_pawn|w_pawn|b_pawn|white_sq|w_pawn|w_pawn|black_sq/w_pawn|white_sq|w_rook|white_sq|black_sq|white_sq|black_sq|w_queen/white_sq|w_rook|white_sq|black_sq|w_pawn|black_sq|white_sq|black_sq/black_sq|white_sq|black_sq|w_king|black_sq|white_sq|w_knight|white_sq
quad_w_queen_090,q1,3,"[[7, 6]]",8,8,white_sq|black_sq|w_knight|black_sq|white_sq|black_sq|b_rook|black_sq/black_sq|b_knight|b_pawn|white_sq|black_sq|b_bishop|black_sq|b_king/white_sq|black_sq|white_sq|black_sq|white_sq|black_sq|white_sq|b_bishop/black_sq|white_sq|black_sq|b_pawn|w_pawn|b_knight|black_sq|white_sq/white_sq|b_pawn|white_sq|w_pawn|white_sq|w_knight|b_pawn|w_pawn/black_sq|white_sq|black_sq|white_sq|black_sq|white_sq|black_sq|white_sq/white_sq|black_sq|white_sq|black_sq|w_rook|black_sq|w_pawn|w_rook/black_sq|white_sq|w_bishop|white_sq|black_sq|w_king|w_queen|white_sq
quad_w_queen_091,q1,0,"[[0, 0]]",8,8,w_queen|black_sq|white_sq|black_sq|white_sq|b_knight|white_sq|black_sq/b_rook|white_sq|b_queen|white_sq|b_king|white_sq|black_sq|white_sq/b_pawn|black_sq|white_sq|b_pawn|white_sq|b_pawn|b_pawn|b_rook/w_pawn|white_sq|black_sq|white_sq|b_pawn|w_pawn|b_knight|b_pawn/white_sq|black_sq|white_sq|black_sq|b_bishop|black_sq|white_sq|black_sq/black_sq|white_sq|w_pawn|b_pawn|black_sq|white_sq|w_pawn|w_pawn/white_sq|black_sq|w_king|w_bishop|white_sq|w_rook|white_sq|black_sq/w_rook|w_knight|black_sq|white_sq|black_sq|w_bishop|w_knight|white_sq
quad_w_queen_092,q1,2,"[[6, 0]]",8,8,b_rook|b_knight|b_bishop|b_queen|b_king|b_bishop|b_knight|b_rook/black_sq|b_pawn|b_pawn|b_pawn|black_sq|white_sq|black_sq|b_pawn/b_pawn|black_sq|white_sq|black_sq|white_sq|black_sq|white_sq|black_sq/black_sq|white_sq|black_sq|white_sq|b_pawn|b_pawn|b_pawn|white_sq/w_knight|black_sq|white_sq|black_sq|white_sq|black_sq|white_sq|black_sq/w_pawn|white_sq|black_sq|white_sq|black_sq|white_sq|w_pawn|white_sq/w_queen|w_pawn|w_pawn|w_pawn|w_pawn|w_pawn|w_bishop|w_pawn/w_rook|white_sq|w_bishop|white_sq|w_king|white_sq|w_knight|w_rook
quad_w_queen_093,q1,3,"[[5, 5]]",8,8,b_rook|b_knight|b_bishop|b_queen|b_king|b_bishop|white_sq|b_rook/black_sq|white_sq|black_sq|b_pawn|b_knight|b_pawn|black_sq|b_pawn/white_sq|black_sq|white_sq|black_sq|white_sq|black_sq|b_pawn|black_sq/b_pawn|b_pawn|b_pawn|white_sq|b_pawn|white_sq|black_sq|white_sq/white_sq|black_sq|w_pawn|black_sq|white_sq|black_sq|white_sq|black_sq/black_sq|white_sq|w_knight|white_sq|black_sq|w_queen|w_pawn|w_knight/w_pawn|w_pawn|white_sq|w_pawn|w_pawn|w_pawn|white_sq|w_pawn/w_rook|white_sq|w_bishop|white_sq|w_king|w_bishop|black_sq|w_rook
quad_w_queen_094,q1,0,"[[2, 3]]",8,8,white_sq|b_knight|b_bishop|black_sq|b_king|b_bishop|white_sq|b_rook/black_sq|white_sq|black_sq|white_sq|black_sq|w_knight|black_sq|b_pawn/white_sq|black_sq|white_sq|w_queen|white_sq|black_sq|b_rook|black_sq/b_pawn|white_sq|b_pawn|b_pawn|b_pawn|white_sq|w_bishop|white_sq/w_pawn|black_sq|b_pawn|black_sq|white_sq|black_sq|white_sq|black_sq/black_sq|white_sq|black_sq|w_pawn|black_sq|w_pawn|black_sq|white_sq/w_knight|w_pawn|w_rook|black_sq|b_pawn|black_sq|w_pawn|black_sq/black_sq|white_sq|black_sq|white_sq|w_king|w_bishop|black_sq|w_rook
quad_w_queen_095,q1,3,"[[5, 7]]",8,8,white_sq|b_knight|b_bishop|b_queen|white_sq|b_king|b_rook|black_sq/black_sq|b_rook|black_sq|b_pawn|black_sq|white_sq|black_sq|white_sq/b_pawn|black_sq|white_sq|black_sq|white_sq|black_sq|white_sq|b_knight/black_sq|white_sq|black_sq|white_sq|black_sq|b_pawn|black_sq|b_pawn/white_sq|b_pawn|b_pawn|black_sq|white_sq|w_pawn|b_pawn|w_pawn/black_sq|white_sq|black_sq|w_pawn|black_sq|white_sq|black_sq|w_queen/w_pawn|black_sq|w_knight|black_sq|w_pawn|w_knight|white_sq|black_sq/black_sq|white_sq|w_bishop|w_king|w_rook|white_sq|black_sq|white_sq
quad_w_queen_096,q1,2,"[[5, 0]]",8,8,white_sq|black_sq|white_sq|b_king|b_bishop|b_knight|white_sq|black_sq/black_sq|white_sq|black_sq|white_sq|b_pawn|white_sq|black_sq|white_sq/b_pawn|black_sq|white_sq|black_sq|white_sq|black_sq|white_sq|black_sq/black_sq|white_sq|b_pawn|white_sq|black_sq|b_pawn|black_sq|white_sq/w_pawn|black_sq|white_sq|black_sq|white_sq|w_pawn|white_sq|black_sq/w_queen|b_rook|black_sq|white_sq|w_pawn|white_sq|w_pawn|white_sq/white_sq|black_sq|white_sq|black_sq|w_king|w_rook|b_rook|black_sq/black_sq|white_sq|black_sq|white_sq|black_sq|white_sq|w_rook|white_sq
quad_w_queen_097,q1,3,"[[4, 4]]",8,8,b_rook|black_sq|b_bishop|black_sq|b_king|black_sq|white_sq|b_rook/b_pawn|b_pawn|black_sq|white_sq|b_pawn|b_pawn|black_sq|white_sq/white_sq|black_sq|b_pawn|w_pawn|white_sq|black_sq|white_sq|black_sq/black_sq|white_sq|b_knight|white_sq|black_sq|w_pawn|black_sq|b_pawn/white_sq|w_pawn|w_pawn|w_pawn|w_queen|black_sq|white_sq|w_bishop/black_sq|white_sq|black_sq|white_sq|black_sq|white_sq|black_sq|w_pawn/w_rook|black_sq|white_sq|black_sq|w_king|w_pawn|white_sq|w_rook/black_sq|white_sq|b_bishop|white_sq|black_sq|w_bishop|black_sq|white_sq
quad_w_queen_098,q1,2,"[[6, 0]]",8,8,b_rook|b_knight|b_bishop|black_sq|b_king|black_sq|white_sq|b_rook/black_sq|b_pawn|black_sq|b_pawn|black_sq|white_sq|black_sq|b_pawn/white_sq|b_queen|white_sq|black_sq|b_pawn|b_pawn|white_sq|black_sq/b_pawn|white_sq|w_pawn|white_sq|black_sq|white_sq|b_pawn|white_sq/w_pawn|black_sq|white_sq|black_sq|b_knight|w_pawn|w_pawn|black_sq/w_knight|white_sq|b_bishop|white_sq|black_sq|white_sq|black_sq|w_pawn/w_queen|w_bishop|white_sq|w_pawn|w_pawn|black_sq|w_rook|black_sq/w_rook|white_sq|black_sq|white_sq|w_king|w_bishop|w_knight|white_sq
quad_w_queen_099,q1,1,"[[1, 7]]",8,8,white_sq|black_sq|white_sq|b_king|white_sq|b_bishop|b_rook|b_rook/b_queen|white_sq|black_sq|white_sq|black_sq|white_sq|black_sq|w_queen/b_bishop|black_sq|white_sq|black_sq|white_sq|w_pawn|white_sq|b_pawn/w_pawn|white_sq|b_pawn|white_sq|black_sq|white_sq|b_pawn|white_sq/white_sq|black_sq|white_sq|w_pawn|white_sq|black_sq|white_sq|w_pawn/black_sq|white_sq|black_sq|w_pawn|w_bishop|white_sq|black_sq|white_sq/white_sq|w_pawn|w_rook|black_sq|white_sq|w_pawn|white_sq|black_sq/black_sq|white_sq|black_sq|white_sq|w_king|w_bishop|w_knight|white_sq
quad_w_bishop_000,q2,2,"[[7, 2]]",8,8,b_rook|b_knight|b_bishop|black_sq|white_sq|black_sq|b_knight|b_rook/black_sq|white_sq|black_sq|b_pawn|b_king|white_sq|black_sq|b_pawn/white_sq|black_sq|white_sq|black_sq|b_pawn|black_sq|b_pawn|w_queen/b_pawn|b_pawn|black_sq|white_sq|black_sq|b_pawn|b_queen|white_sq/white_sq|black_sq|white_sq|black_sq|w_pawn|black_sq|w_pawn|black_sq/b_bishop|white_sq|b_pawn|w_pawn|black_sq|white_sq|black_sq|white_sq/white_sq|w_pawn|w_pawn|black_sq|white_sq|w_pawn|white_sq|w_pawn/w_rook|w_knight|w_bishop|white_sq|w_king|white_sq|w_knight|w_rook
quad_w_bishop_001,q2,2,"[[6, 1]]",8,8,white_sq|black_sq|white_sq|black_sq|b_king|b_rook|white_sq|black_sq/black_sq|white_sq|black_sq|white_sq|black_sq|b_pawn|black_sq|white_sq/white_sq|b_pawn|white_sq|black_sq|white_sq|black_sq|white_sq|black_sq/black_sq|white_sq|b_rook|white_sq|black_sq|white_sq|black_sq|w_pawn/b_pawn|black_sq|b_pawn|black_sq|white_sq|b_pawn|w_queen|black_sq/w_pawn|b_pawn|black_sq|white_sq|b_bishop|white_sq|black_sq|b_queen/w_knight|w_bishop|white_sq|w_pawn|w_king|w_pawn|white_sq|black_sq/black_sq|w_rook|black_sq|white_sq|black_sq|white_sq|w_rook|white_sq
quad_w_bishop_002,q2,0,"[[3, 3]]",8,8,white_sq|black_sq|b_bishop|b_queen|b_king|black_sq|b_knight|b_rook/b_rook|white_sq|black_sq|b_pawn|black_sq|white_sq|black_sq|white_sq/white_sq|w_queen|white_sq|black_sq|white_sq|b_pawn|w_pawn|b_pawn/b_pawn|white_sq|black_sq|w_bishop|black_sq|white_sq|black_sq|white_sq/w_knight|black_sq|w_pawn|black_sq|b_pawn|b_bishop|w_pawn|black_sq/w_pawn|white_sq|black_sq|b_knight|b_pawn|white_sq|black_sq|white_sq/w_rook|w_pawn|white_sq|black_sq|w_pawn|black_sq|white_sq|black_sq/black_sq|white_sq|black_sq|w_king|black_sq|white_sq|black_sq|w_rook
quad_w_bishop_003,q2,3,"[[6, 7]]",8,8,white_sq|black_sq|white_sq|black_sq|b_king|black_sq|white_sq|black_sq/black_sq|white_sq|b_pawn|white_sq|b_knight|b_rook|black_sq|white_sq/b_rook|black_sq|w_pawn|black_sq|white_sq|black_sq|white_sq|b_pawn/black_sq|white_sq|b_queen|b_knight|black_sq|white_sq|w_knight|w_pawn/white_sq|black_sq|w_pawn|black_sq|white_sq|black_sq|w_pawn|black_sq/black_sq|w_pawn|black_sq|white_sq|black_sq|white_sq|black_sq|white_sq/w_rook|black_sq|white_sq|black_sq|white_sq|w_pawn|white_sq|w_bishop/black_sq|w_knight|b_bishop|white_sq|black_sq|white_sq|w_king|w_rook
quad_w_bishop_004,q2,2,"[[4, 3]]",8,8,b_rook|black_sq|b_bishop|b_queen|white_sq|black_sq|b_knight|b_rook/black_sq|white_sq|b_pawn|white_sq|b_bishop|white_sq|b_pawn|white_sq/white_sq|black_sq|white_sq|black_sq|b_pawn|b_king|white_sq|b_pawn/b_pawn|b_pawn|black_sq|b_pawn|black_sq|b_pawn|black_sq|w_pawn/w_pawn|w_pawn|white_sq|w_bishop|white_sq|black_sq|b_knight|black_sq/w_queen|white_sq|w_pawn|w_pawn|black_sq|white_sq|w_pawn|white_sq/white_sq|black_sq|white_sq|black_sq|w_pawn|w_pawn|white_sq|black_sq/w_rook|w_knight|black_sq|white_sq|black_sq|w_king|w_knight|w_rook
quad_w_bishop_005,q2,2,"[[5, 1]]",8,8,white_sq|black_sq|white_sq|black_sq|white_sq|black_sq|white_sq|black_sq/black_sq|white_sq|black_sq|white_sq|black_sq|white_sq|b_pawn|white_sq/white_sq|black_sq|white_sq|b_pawn|white_sq|b_king|white_sq|black_sq/black_sq|white_sq|black_sq|white_sq|w_knight|white_sq|black_sq|white_sq/white_sq|black_sq|white_sq|w_pawn|white_sq|b_queen|white_sq|w_pawn/black_sq|w_bishop|b_knight|white_sq|black_sq|w_pawn|black_sq|white_sq/b_rook|black_sq|w_rook|w_pawn|white_sq|black_sq|white_sq|w_rook/black_sq|white_sq|black_sq|white_sq|w_king|white_sq|black_sq|white_sq
quad_w_bishop_006,q2,0,"[[1, 0]]",8,8,b_rook|black_sq|white_sq|b_queen|b_king|b_bishop|b_knight|b_rook/w_bishop|white_sq|black_sq|b_knight|b_pawn|white_sq|black_sq|white_sq/white_sq|black_sq|w_pawn|black_sq|white_sq|black_sq|b_pawn|b_pawn/b_pawn|white_sq|black_sq|white_sq|black_sq|white_sq|black_sq|white_sq/b_pawn|black_sq|white_sq|black_sq|b_pawn|w_pawn|w_pawn|black_sq/black_sq|white_sq|w_rook|w_pawn|black_sq|b_bishop|black_sq|w_pawn/white_sq|black_sq|w_pawn|black_sq|w_pawn|black_sq|white_sq|black_sq/black_sq|white_sq|black_sq|w_queen|w_king|white_sq|w_knight|white_sq
quad_w_bishop_007,q2,1,"[[1, 7]]",8,8,white_sq|black_sq|white_sq|b_king|white_sq|black_sq|white_sq|black_sq/black_sq|white_sq|black_sq|white_sq|black_sq|b_bishop|black_sq|w_bishop/b_queen|b_rook|white_sq|black_sq|white_sq|w_pawn|b_pawn|b_knight/w_pawn|b_rook|black_sq|white_sq|b_pawn|w_rook|black_sq|b_pawn/white_sq|black_sq|b_pawn|black_sq|w_pawn|black_sq|w_pawn|black_sq/black_sq|white_sq|w_knight|white_sq|black_sq|white_sq|black_sq|white_sq/white_sq|black_sq|w_king|black_sq|white_sq|black_sq|white_sq|black_sq/black_sq|white_sq|black_sq|white_sq|black_sq|white_sq|black_sq|white_sq
quad_w_bishop_008,q2,0,"[[2, 0]]",8,8,white_sq|black_sq|b_bishop|black_sq|white_sq|b_knight|b_king|b_bishop/black_sq|white_sq|black_sq|w_rook|black_sq|white_sq|black_sq|white_sq/w_bishop|w_pawn|b_pawn|black_sq|b_rook|black_sq|white_sq|black_sq/black_sq|white_sq|black_sq|white_sq|b_pawn|w_pawn|b_queen|white_sq/white_sq|black_sq|white_sq|black_sq|white_sq|w_pawn|white_sq|black_sq/w_knight|white_sq|w_pawn|w_pawn|black_sq|white_sq|black_sq|white_sq/white_sq|black_sq|white_sq|black_sq|w_pawn|black_sq|white_sq|black_sq/black_sq|white_sq|w_queen|white_sq|w_king|white_sq|black_sq|white_sq
quad_w_bishop_009,q2,2,"[[6, 2]]",8,8,white_sq|black_sq|b_king|black_sq|white_sq|black_sq|b_rook|b_knight/b_rook|b_bishop|black_sq|b_pawn|black_sq|white_sq|black_sq|white_sq/b_knight|b_pawn|white_sq|black_sq|white_sq|black_sq|white_sq|b_pawn/b_pawn|white_sq|black_sq|w_pawn|black_sq|w_pawn|w_pawn|white_sq/w_pawn|black_sq|white_sq|black_sq|b_pawn|b_bishop|white_sq|black_sq/black_sq|w_pawn|black_sq|w_pawn|black_sq|w_rook|black_sq|w_knight/white_sq|black_sq|w_bishop|black_sq|white_sq|black_sq|white_sq|black_sq/black_sq|white_sq|w_rook|w_king|black_sq|white_sq|black_sq|white_sq
quad_w_bishop_010,q2,0,"[[2, 0]]",8,8,b_rook|b_knight|b_bishop|b_queen|b_king|b_bishop|b_knight|b_rook/black_sq|b_pawn|b_pawn|b_pawn|b_pawn|b_pawn|b_pawn|b_pawn/w_bishop|black_sq|white_sq|black_sq|white_sq|black_sq|white_sq|black_sq/b_pawn|white_sq|black_sq|white_sq|black_sq|white_sq|black_sq|white_sq/white_sq|black_sq|white_sq|black_sq|white_sq|black_sq|white_sq|black_sq/black_sq|white_sq|black_sq|white_sq|black_sq|white_sq|black_sq|w_pawn/w_pawn|w_pawn|w_pawn|w_pawn|w_pawn|w_pawn|w_pawn|black_sq/w_rook|w_knight|black_sq|w_queen|w_king|white_sq|w_knight|w_rook
quad_w_bishop_011,q2,1,"[[3, 7]]",8,8,white_sq|black_sq|b_bishop|b_queen|b_king|black_sq|white_sq|black_sq/b_pawn|white_sq|b_rook|white_sq|black_sq|white_sq|b_rook|white_sq/white_sq|black_sq|white_sq|black_sq|b_pawn|black_sq|b_pawn|b_bishop/w_pawn|b_pawn|black_sq|b_pawn|black_sq|white_sq|b_pawn|w_bishop/white_sq|black_sq|white_sq|black_sq|white_sq|w_pawn|w_queen|black_sq/black_sq|w_pawn|b_pawn|white_sq|black_sq|white_sq|black_sq|w_pawn/w_rook|black_sq|w_pawn|black_sq|white_sq|black_sq|white_sq|black_sq/black_sq|white_sq|w_knight|w_king|black_sq|w_rook|black_sq|white_sq
quad_w_bishop_012,q2,1,"[[0, 6]]",8,8,white_sq|b_knight|b_bishop|w_knight|b_king|b_rook|w_bishop|black_sq/black_sq|b_pawn|b_pawn|white_sq|black_sq|white_sq|black_sq|b_queen/white_sq|black_sq|white_sq|black_sq|white_sq|black_sq|white_sq|black_sq/black_sq|white_sq|w_pawn|w_knight|b_pawn|w_rook|black_sq|white_sq/white_sq|b_pawn|b_knight|b_pawn|white_sq|black_sq|w_pawn|w_pawn/black_sq|white_sq|black_sq|w_pawn|black_sq|white_sq|w_queen|white_sq/white_sq|black_sq|white_sq|black_sq|white_sq|black_sq|white_sq|black_sq/w_rook|white_sq|black_sq|white_sq|black_sq|white_sq|black_sq|w_king
quad_w_bishop_013,q2,1,"[[2, 6]]",8,8,white_sq|black_sq|w_knight|black_sq|white_sq|black_sq|b_rook|black_sq/black_sq|b_knight|b_pawn|white_sq|black_sq|b_bishop|black_sq|b_king/white_sq|black_sq|white_sq|black_sq|white_sq|black_sq|w_bishop|b_bishop/black_sq|white_sq|black_sq|b_pawn|w_pawn|b_knight|black_sq|white_sq/white_sq|b_pawn|white_sq|w_pawn|white_sq|w_knight|b_pawn|w_pawn/black_sq|white_sq|black_sq|white_sq|black_sq|white_sq|black_sq|white_sq/white_sq|black_sq|white_sq|black_sq|w_rook|black_sq|w_pawn|w_rook/black_sq|white_sq|black_sq|white_sq|black_sq|w_king|black_sq|white_sq
quad_w_bishop_014,q2,0,"[[0, 3]]",8,8,white_sq|b_knight|white_sq|w_bishop|white_sq|black_sq|b_knight|black_sq/black_sq|white_sq|b_rook|white_sq|black_sq|white_sq|black_sq|white_sq/white_sq|black_sq|b_king|black_sq|b_pawn|black_sq|b_pawn|black_sq/black_sq|white_sq|w_pawn|white_sq|black_sq|w_pawn|black_sq|white_sq/white_sq|black_sq|b_bishop|b_pawn|white_sq|w_knight|white_sq|black_sq/black_sq|w_pawn|black_sq|w_pawn|black_sq|white_sq|w_pawn|b_pawn/white_sq|black_sq|white_sq|black_sq|white_sq|black_sq|white_sq|w_pawn/b_rook|w_knight|black_sq|w_king|black_sq|white_sq|black_sq|w_rook
quad_w_bishop_015,q2,1,"[[2, 4]]",8,8,b_rook|b_knight|b_bishop|black_sq|b_king|b_bishop|b_knight|b_rook/b_pawn|b_pawn|black_sq|white_sq|b_pawn|b_pawn|black_sq|b_pawn/white_sq|black_sq|b_pawn|black_sq|w_bishop|black_sq|b_pawn|black_sq/black_sq|w_knight|b_queen|b_pawn|black_sq|white_sq|black_sq|white_sq/white_sq|black_sq|white_sq|black_sq|white_sq|black_sq|w_pawn|black_sq/black_sq|w_pawn|black_sq|white_sq|black_sq|white_sq|black_sq|w_knight/w_pawn|black_sq|w_pawn|w_pawn|w_pawn|w_pawn|white_sq|w_pawn/w_rook|white_sq|black_sq|w_queen|w_king|white_sq|black_sq|w_rook
quad_w_bishop_016,q2,3,"[[4, 6]]",8,8,white_sq|b_knight|white_sq|b_queen|white_sq|black_sq|white_sq|b_rook/black_sq|white_sq|black_sq|white_sq|black_sq|white_sq|w_rook|white_sq/white_sq|black_sq|white_sq|b_king|w_knight|b_knight|white_sq|black_sq/black_sq|white_sq|b_pawn|white_sq|black_sq|w_pawn|black_sq|white_sq/white_sq|black_sq|white_sq|w_pawn|b_pawn|black_sq|w_bishop|b_pawn/black_sq|white_sq|black_sq|w_pawn|black_sq|white_sq|black_sq|w_pawn/w_pawn|black_sq|white_sq|black_sq|white_sq|black_sq|white_sq|black_sq/black_sq|white_sq|black_sq|white_sq|black_sq|w_king|black_sq|white_sq
quad_w_bishop_017,q2,0,"[[2, 3]]",8,8,white_sq|b_knight|white_sq|b_king|white_sq|black_sq|white_sq|black_sq/black_sq|white_sq|black_sq|white_sq|b_bishop|b_pawn|b_rook|white_sq/w_pawn|black_sq|white_sq|w_bishop|white_sq|b_knight|white_sq|b_pawn/b_pawn|white_sq|black_sq|w_knight|w_pawn|white_sq|w_pawn|white_sq/w_pawn|black_sq|b_pawn|b_pawn|white_sq|black_sq|white_sq|black_sq/black_sq|w_queen|w_pawn|white_sq|black_sq|b_queen|black_sq|b_bishop/white_sq|black_sq|white_sq|black_sq|w_king|black_sq|white_sq|w_pawn/black_sq|white_sq|black_sq|w_rook|black_sq|white_sq|black_sq|w_rook
quad_w_bishop_018,q2,2,"[[7, 2]]",8,8,b_rook|b_knight|b_rook|w_queen|white_sq|black_sq|white_sq|black_sq/black_sq|white_sq|black_sq|white_sq|b_pawn|b_pawn|b_king|white_sq/white_sq|b_pawn|b_pawn|b_pawn|white_sq|b_knight|b_pawn|b_bishop/black_sq|white_sq|black_sq|white_sq|black_sq|white_sq|b_pawn|white_sq/white_sq|black_sq|white_sq|black_sq|b_bishop|black_sq|white_sq|black_sq/w_pawn|w_pawn|black_sq|white_sq|black_sq|w_pawn|black_sq|w_pawn/white_sq|black_sq|w_rook|black_sq|w_pawn|w_king|w_pawn|black_sq/black_sq|w_knight|w_bishop|white_sq|black_sq|white_sq|black_sq|w_rook
quad_w_bishop_019,q2,0,"[[2, 2]]",8,8,b_rook|b_knight|b_bishop|b_queen|b_king|black_sq|b_knight|b_rook/black_sq|white_sq|black_sq|b_pawn|b_pawn|b_pawn|black_sq|white_sq/b_pawn|black_sq|w_bishop|black_sq|white_sq|black_sq|b_pawn|black_sq/black_sq|w_knight|black_sq|white_sq|black_sq|white_sq|black_sq|b_pawn/white_sq|black_sq|white_sq|black_sq|w_pawn|black_sq|w_pawn|black_sq/w_pawn|white_sq|black_sq|white_sq|black_sq|white_sq|black_sq|w_pawn/white_sq|black_sq|w_pawn|w_pawn|b_knight|w_pawn|white_sq|w_rook/black_sq|white_sq|black_sq|w_queen|black_sq|w_king|black_sq|white_sq
quad_w_bishop_020,q2,3,"[[5, 6]]",8,8,white_sq|b_knight|b_bishop|black_sq|b_king|b_bishop|white_sq|b_rook/black_sq|white_sq|black_sq|white_sq|black_sq|w_knight|black_sq|b_pawn/white_sq|black_sq|white_sq|black_sq|white_sq|black_sq|b_rook|black_sq/b_pawn|white_sq|b_pawn|b_pawn|b_pawn|white_sq|black_sq|white_sq/w_pawn|black_sq|b_pawn|black_sq|white_sq|black_sq|white_sq|black_sq/black_sq|white_sq|black_sq|w_pawn|black_sq|w_pawn|w_bishop|w_queen/w_knight|w_pawn|w_rook|black_sq|b_pawn|black_sq|w_pawn|black_sq/black_sq|white_sq|black_sq|white_sq|w_king|white_sq|black_sq|w_rook
quad_w_bishop_021,q2,2,"[[4, 0]]",8,8,white_sq|b_knight|white_sq|black_sq|white_sq|black_sq|b_knight|b_rook/b_rook|white_sq|b_pawn|white_sq|b_king|b_pawn|b_bishop|b_queen/white_sq|black_sq|white_sq|black_sq|w_queen|black_sq|white_sq|black_sq/black_sq|w_knight|black_sq|white_sq|w_pawn|white_sq|b_pawn|white_sq/w_bishop|black_sq|b_pawn|black_sq|w_pawn|black_sq|w_pawn|b_pawn/b_pawn|white_sq|black_sq|white_sq|black_sq|white_sq|black_sq|white_sq/w_pawn|w_pawn|white_sq|black_sq|white_sq|w_pawn|white_sq|w_pawn/black_sq|w_king|black_sq|w_rook|black_sq|white_sq|w_knight|w_rook
quad_w_bishop_022,q2,1,"[[0, 7]]",8,8,white_sq|b_king|white_sq|black_sq|white_sq|black_sq|white_sq|w_bishop/black_sq|white_sq|black_sq|white_sq|black_sq|white_sq|b_bishop|b_pawn/white_sq|w_pawn|white_sq|black_sq|white_sq|b_knight|b_pawn|black_sq/black_sq|white_sq|w_pawn|w_pawn|black_sq|white_sq|b_rook|white_sq/b_pawn|black_sq|white_sq|black_sq|b_rook|black_sq|white_sq|w_knight/w_pawn|b_bishop|black_sq|white_sq|black_sq|white_sq|black_sq|white_sq/white_sq|black_sq|white_sq|black_sq|white_sq|black_sq|w_pawn|w_rook/black_sq|w_king|black_sq|white_sq|black_sq|white_sq|black_sq|w_rook
quad_w_bishop_023,q2,0,"[[2, 1]]",8,8,b_rook|b_knight|b_bishop|b_queen|b_king|b_bishop|b_knight|b_rook/b_pawn|b_pawn|b_pawn|white_sq|b_pawn|b_pawn|black_sq|white_sq/white_sq|w_bishop|white_sq|black_sq|white_sq|black_sq|white_sq|b_pawn/black_sq|white_sq|black_sq|b_pawn|black_sq|white_sq|b_pawn|white_sq/white_sq|black_sq|white_sq|black_sq|white_sq|w_pawn|white_sq|black_sq/black_sq|white_sq|w_pawn|white_sq|black_sq|white_sq|w_pawn|white_sq/w_pawn|w_pawn|white_sq|w_pawn|w_pawn|black_sq|white_sq|w_pawn/w_rook|w_knight|black_sq|w_queen|w_king|white_sq|w_knight|w_rook
quad_w_bishop_024,q2,3,"[[6, 5]]",8,8,b_rook|b_knight|b_bishop|b_rook|b_knight|black_sq|white_sq|black_sq/black_sq|white_sq|b_queen|white_sq|b_pawn|b_pawn|b_bishop|w_knight/b_pawn|b_king|white_sq|black_sq|white_sq|black_sq|b_pawn|black_sq/black_sq|b_pawn|b_pawn|b_pawn|black_sq|white_sq|black_sq|white_sq/white_sq|w_knight|white_sq|w_pawn|white_sq|w_pawn|white_sq|w_king/black_sq|w_pawn|w_pawn|white_sq|w_pawn|white_sq|black_sq|white_sq/w_pawn|black_sq|white_sq|black_sq|white_sq|w_bishop|w_pawn|w_rook/black_sq|w_rook|black_sq|w_queen|black_sq|white_sq|black_sq|white_sq
quad_w_bishop_025,q2,0,"[[0, 2]]",8,8,b_rook|black_sq|w_bishop|black_sq|b_queen|b_bishop|b_knight|b_rook/black_sq|b_pawn|black_sq|b_king|b_pawn|white_sq|black_sq|b_pawn/white_sq|black_sq|b_knight|b_pawn|white_sq|b_pawn|white_sq|black_sq/b_pawn|w_pawn|b_pawn|white_sq|black_sq|b_bishop|b_pawn|white_sq/w_knight|black_sq|w_pawn|black_sq|white_sq|black_sq|white_sq|black_sq/w_pawn|white_sq|black_sq|white_sq|black_sq|w_knight|black_sq|w_pawn/white_sq|black_sq|white_sq|w_pawn|w_pawn|w_pawn|w_pawn|black_sq/w_rook|white_sq|black_sq|w_queen|w_king|white_sq|w_rook|white_sq
quad_w_bishop_026,q2,1,"[[3, 7]]",8,8,b_rook|b_knight|b_bishop|black_sq|b_king|b_bishop|b_knight|b_rook/b_pawn|b_pawn|black_sq|b_pawn|b_pawn|white_sq|b_pawn|b_pawn/white_sq|black_sq|white_sq|black_sq|white_sq|b_pawn|white_sq|black_sq/black_sq|white_sq|black_sq|white_sq|black_sq|white_sq|black_sq|w_bishop/white_sq|black_sq|white_sq|b_pawn|w_pawn|black_sq|white_sq|black_sq/b_queen|white_sq|black_sq|white_sq|black_sq|white_sq|black_sq|white_sq/w_pawn|w_pawn|w_pawn|w_king|white_sq|w_pawn|w_pawn|w_pawn/w_rook|white_sq|black_sq|w_queen|black_sq|white_sq|w_knight|w_rook
quad_w_bishop_027,q2,1,"[[0, 7]]",8,8,b_rook|b_knight|white_sq|b_queen|b_king|b_bishop|b_rook|w_bishop/b_pawn|b_pawn|b_pawn|b_knight|b_pawn|white_sq|black_sq|b_pawn/white_sq|black_sq|white_sq|black_sq|white_sq|b_pawn|white_sq|black_sq/black_sq|white_sq|black_sq|white_sq|black_sq|b_bishop|b_pawn|white_sq/white_sq|black_sq|b_pawn|w_pawn|white_sq|black_sq|white_sq|black_sq/w_pawn|w_pawn|w_queen|white_sq|black_sq|white_sq|w_pawn|w_knight/white_sq|black_sq|white_sq|black_sq|w_pawn|w_pawn|white_sq|w_pawn/w_rook|w_knight|black_sq|w_king|black_sq|white_sq|black_sq|w_rook
quad_w_bishop_028,q2,3,"[[6, 6]]",8,8,b_rook|black_sq|b_bishop|black_sq|b_king|black_sq|white_sq|black_sq/b_pawn|white_sq|black_sq|b_pawn|black_sq|white_sq|black_sq|white_sq/b_knight|black_sq|b_knight|b_bishop|white_sq|black_sq|white_sq|b_rook/black_sq|b_pawn|b_pawn|white_sq|black_sq|b_pawn|black_sq|b_pawn/w_pawn|black_sq|white_sq|w_pawn|white_sq|b_pawn|white_sq|w_pawn/w_queen|white_sq|black_sq|white_sq|black_sq|w_pawn|black_sq|w_rook/white_sq|w_pawn|w_pawn|w_king|w_pawn|black_sq|w_bishop|black_sq/w_rook|w_knight|black_sq|white_sq|black_sq|white_sq|w_knight|white_sq
quad_w_bishop_029,q2,0,"[[0, 3]]",8,8,white_sq|black_sq|white_sq|w_bishop|b_king|b_bishop|b_knight|b_rook/black_sq|white_sq|black_sq|b_rook|b_pawn|white_sq|b_pawn|white_sq/white_sq|black_sq|white_sq|black_sq|white_sq|b_pawn|w_pawn|black_sq/black_sq|b_bishop|w_pawn|w_pawn|b_knight|white_sq|black_sq|white_sq/b_pawn|black_sq|white_sq|black_sq|white_sq|b_queen|white_sq|black_sq/black_sq|w_pawn|black_sq|white_sq|black_sq|w_rook|black_sq|white_sq/w_king|black_sq|white_sq|black_sq|white_sq|black_sq|white_sq|black_sq/w_rook|white_sq|black_sq|w_knight|black_sq|white_sq|black_sq|white_sq
quad_w_bishop_030,q2,0,"[[0, 1]]",8,8,white_sq|w_bishop|b_rook|black_sq|white_sq|b_queen|b_king|b_rook/b_pawn|white_sq|b_pawn|b_knight|b_pawn|white_sq|b_bishop|b_pawn/white_sq|black_sq|white_sq|black_sq|white_sq|b_pawn|b_pawn|b_knight/black_sq|b_pawn|black_sq|b_pawn|black_sq|w_pawn|black_sq|white_sq/white_sq|black_sq|white_sq|w_pawn|w_queen|black_sq|b_bishop|black_sq/black_sq|w_pawn|w_pawn|white_sq|w_pawn|w_knight|w_pawn|white_sq/w_pawn|black_sq|white_sq|black_sq|white_sq|black_sq|white_sq|w_pawn/w_rook|w_knight|black_sq|white_sq|w_king|white_sq|w_rook|white_sq
quad_w_bishop_031,q2,2,"[[5, 2]]",8,8,white_sq|black_sq|white_sq|black_sq|b_queen|b_bishop|white_sq|b_rook/b_rook|white_sq|b_pawn|b_king|b_pawn|white_sq|b_pawn|b_pawn/white_sq|black_sq|white_sq|black_sq|b_bishop|black_sq|white_sq|b_knight/black_sq|b_pawn|black_sq|w_pawn|black_sq|b_pawn|black_sq|white_sq/b_pawn|b_knight|w_pawn|black_sq|white_sq|black_sq|w_pawn|black_sq/w_knight|w_pawn|w_bishop|white_sq|black_sq|w_pawn|black_sq|white_sq/w_pawn|black_sq|white_sq|w_pawn|white_sq|black_sq|white_sq|w_pawn/w_rook|white_sq|black_sq|w_queen|w_king|white_sq|w_knight|w_rook
quad_w_bishop_032,q2,1,"[[2, 4]]",8,8,b_rook|b_queen|white_sq|b_rook|white_sq|black_sq|white_sq|b_king/b_pawn|b_bishop|black_sq|b_pawn|black_sq|white_sq|b_pawn|b_pawn/white_sq|black_sq|b_pawn|black_sq|w_bishop|b_pawn|white_sq|w_rook/black_sq|white_sq|black_sq|b_pawn|black_sq|white_sq|black_sq|white_sq/white_sq|black_sq|white_sq|black_sq|white_sq|black_sq|white_sq|black_sq/black_sq|b_pawn|w_pawn|white_sq|w_king|w_pawn|b_bishop|w_knight/white_sq|black_sq|white_sq|black_sq|w_pawn|black_sq|white_sq|w_pawn/black_sq|w_knight|black_sq|w_queen|black_sq|white_sq|black_sq|w_rook
quad_w_bishop_033,q2,2,"[[6, 1]]",8,8,b_rook|black_sq|white_sq|b_king|white_sq|b_rook|white_sq|black_sq/black_sq|white_sq|black_sq|white_sq|black_sq|b_pawn|b_bishop|white_sq/b_queen|black_sq|b_pawn|black_sq|b_pawn|black_sq|b_pawn|black_sq/black_sq|b_knight|black_sq|white_sq|w_pawn|white_sq|w_knight|white_sq/b_pawn|black_sq|white_sq|b_pawn|b_bishop|w_pawn|w_pawn|black_sq/black_sq|white_sq|w_knight|w_pawn|black_sq|white_sq|black_sq|white_sq/w_pawn|w_bishop|white_sq|black_sq|white_sq|black_sq|white_sq|w_rook/w_rook|white_sq|black_sq|white_sq|w_king|white_sq|black_sq|white_sq
quad_w_bishop_034,q2,2,"[[6, 0]]",8,8,b_rook|b_knight|white_sq|b_queen|b_king|b_bishop|b_rook|black_sq/b_pawn|b_pawn|b_pawn|b_knight|b_pawn|white_sq|black_sq|b_pawn/white_sq|black_sq|white_sq|black_sq|white_sq|b_pawn|white_sq|black_sq/black_sq|white_sq|black_sq|white_sq|black_sq|b_bishop|b_pawn|white_sq/white_sq|black_sq|b_pawn|w_pawn|white_sq|black_sq|white_sq|black_sq/w_pawn|w_pawn|w_queen|white_sq|black_sq|white_sq|w_pawn|w_knight/w_bishop|black_sq|white_sq|black_sq|w_pawn|w_pawn|white_sq|w_pawn/w_rook|w_knight|black_sq|w_king|black_sq|white_sq|black_sq|w_rook
quad_w_bishop_035,q2,0,"[[1, 0]]",8,8,white_sq|black_sq|b_bishop|black_sq|white_sq|b_queen|white_sq|black_sq/w_bishop|white_sq|black_sq|white_sq|black_sq|b_king|black_sq|white_sq/white_sq|black_sq|white_sq|b_pawn|b_pawn|b_bishop|white_sq|b_rook/b_pawn|w_knight|black_sq|white_sq|black_sq|white_sq|w_pawn|b_pawn/w_pawn|black_sq|white_sq|black_sq|white_sq|black_sq|white_sq|w_pawn/w_rook|b_pawn|w_pawn|w_king|w_queen|white_sq|w_pawn|white_sq/white_sq|black_sq|white_sq|black_sq|white_sq|black_sq|white_sq|black_sq/black_sq|w_knight|black_sq|white_sq|black_sq|w_rook|black_sq|white_sq
quad_w_bishop_036,q2,3,"[[6, 4]]",8,8,white_sq|black_sq|b_queen|b_rook|white_sq|black_sq|white_sq|black_sq/b_rook|b_pawn|black_sq|white_sq|b_king|white_sq|black_sq|white_sq/b_pawn|black_sq|b_bishop|b_pawn|white_sq|b_bishop|white_sq|black_sq/black_sq|white_sq|b_pawn|white_sq|black_sq|white_sq|black_sq|w_knight/white_sq|black_sq|w_pawn|black_sq|b_pawn|w_pawn|white_sq|b_pawn/w_pawn|white_sq|black_sq|white_sq|black_sq|white_sq|w_pawn|w_pawn/white_sq|black_sq|white_sq|black_sq|w_bishop|w_rook|white_sq|black_sq/w_rook|w_knight|w_queen|w_king|black_sq|white_sq|black_sq|white_sq
quad_w_bishop_037,q2,0,"[[2, 0]]",8,8,white_sq|b_rook|white_sq|black_sq|b_king|b_bishop|white_sq|b_rook/b_pawn|b_pawn|black_sq|white_sq|black_sq|white_sq|black_sq|white_sq/w_bishop|black_sq|b_pawn|black_sq|white_sq|b_queen|b_pawn|b_pawn/b_knight|white_sq|w_pawn|b_pawn|b_pawn|b_pawn|black_sq|white_sq/w_pawn|black_sq|white_sq|black_sq|w_pawn|black_sq|b_bishop|black_sq/black_sq|w_knight|black_sq|w_pawn|black_sq|w_pawn|w_king|white_sq/b_knight|w_pawn|w_queen|black_sq|white_sq|black_sq|w_pawn|w_pawn/w_rook|white_sq|black_sq|white_sq|black_sq|white_sq|w_knight|w_rook
quad_w_bishop_038,q2,0,"[[3, 0]]",8,8,white_sq|black_sq|white_sq|b_rook|white_sq|black_sq|white_sq|black_sq/b_pawn|b_pawn|black_sq|b_bishop|b_knight|white_sq|black_sq|b_king/w_pawn|black_sq|white_sq|b_pawn|w_knight|black_sq|white_sq|black_sq/w_bishop|white_sq|b_pawn|w_pawn|b_pawn|white_sq|black_sq|white_sq/white_sq|w_pawn|w_pawn|black_sq|w_pawn|w_pawn|white_sq|black_sq/black_sq|white_sq|black_sq|white_sq|black_sq|white_sq|black_sq|b_pawn/b_knight|w_rook|white_sq|w_knight|b_queen|black_sq|white_sq|w_pawn/black_sq|white_sq|black_sq|white_sq|black_sq|white_sq|w_king|w_rook
quad_w_bishop_039,q2,2,"[[5, 1]]",8,8,white_sq|b_rook|white_sq|b_knight|b_king|b_queen|b_rook|black_sq/black_sq|white_sq|black_sq|white_sq|black_sq|white_sq|black_sq|b_pawn/white_sq|black_sq|b_pawn|b_bishop|white_sq|black_sq|white_sq|w_pawn/b_pawn|w_pawn|black_sq|white_sq|b_pawn|b_bishop|black_sq|white_sq/w_pawn|w_pawn|white_sq|black_sq|w_pawn|w_pawn|b_pawn|black_sq/w_rook|w_bishop|black_sq|white_sq|black_sq|white_sq|w_king|white_sq/white_sq|black_sq|white_sq|black_sq|w_pawn|black_sq|white_sq|black_sq/black_sq|white_sq|black_sq|white_sq|black_sq|white_sq|w_rook|white_sq
quad_w_bishop_040,q2,1,"[[2, 4]]",8,8,white_sq|black_sq|white_sq|b_rook|b_king|b_bishop|white_sq|b_rook/b_pawn|b_bishop|black_sq|white_sq|black_sq|b_pawn|black_sq|b_pawn/white_sq|black_sq|white_sq|w_pawn|w_bishop|w_pawn|white_sq|b_knight/black_sq|white_sq|w_pawn|white_sq|b_pawn|white_sq|b_pawn|white_sq/white_sq|black_sq|white_sq|black_sq|white_sq|black_sq|w_pawn|black_sq/black_sq|b_queen|black_sq|w_pawn|black_sq|white_sq|black_sq|w_pawn/w_pawn|black_sq|b_knight|w_king|white_sq|black_sq|white_sq|black_sq/w_rook|white_sq|black_sq|w_queen|black_sq|white_sq|black_sq|w_rook
quad_w_bishop_041,q2,0,"[[1, 0]]",8,8,white_sq|b_rook|b_bishop|b_king|white_sq|b_rook|white_sq|black_sq/w_bishop|b_pawn|black_sq|white_sq|black_sq|white_sq|b_pawn|b_pawn/white_sq|w_rook|white_sq|b_bishop|white_sq|b_pawn|white_sq|black_sq/b_pawn|white_sq|b_pawn|w_pawn|b_pawn|white_sq|black_sq|white_sq/white_sq|black_sq|white_sq|black_sq|w_pawn|w_knight|white_sq|w_pawn/w_pawn|white_sq|black_sq|white_sq|black_sq|w_queen|b_knight|white_sq/white_sq|black_sq|white_sq|w_pawn|white_sq|w_pawn|w_pawn|w_rook/black_sq|w_knight|black_sq|white_sq|w_king|white_sq|black_sq|white_sq
quad_w_bishop_042,q2,1,"[[0, 5]]",8,8,white_sq|black_sq|white_sq|black_sq|b_knight|w_bishop|white_sq|black_sq/black_sq|white_sq|b_king|white_sq|b_rook|white_sq|black_sq|white_sq/white_sq|b_rook|b_pawn|b_knight|b_pawn|w_queen|white_sq|b_pawn/black_sq|white_sq|black_sq|white_sq|black_sq|white_sq|b_pawn|w_pawn/b_pawn|w_pawn|w_pawn|b_pawn|white_sq|w_pawn|w_pawn|black_sq/w_pawn|white_sq|w_rook|white_sq|black_sq|white_sq|black_sq|white_sq/white_sq|w_rook|white_sq|black_sq|w_pawn|black_sq|white_sq|black_sq/black_sq|white_sq|black_sq|w_king|black_sq|white_sq|w_knight|white_sq
quad_w_bishop_043,q2,2,"[[6, 1]]",8,8,white_sq|black_sq|white_sq|b_rook|b_king|b_bishop|white_sq|b_rook/b_pawn|b_bishop|black_sq|white_sq|black_sq|b_pawn|black_sq|b_pawn/white_sq|black_sq|white_sq|w_pawn|white_sq|w_pawn|white_sq|b_knight/black_sq|white_sq|w_pawn|white_sq|b_pawn|white_sq|b_pawn|white_sq/white_sq|black_sq|white_sq|black_sq|white_sq|black_sq|w_pawn|black_sq/black_sq|b_queen|black_sq|w_pawn|black_sq|white_sq|black_sq|w_pawn/w_pawn|w_bishop|b_knight|w_king|white_sq|black_sq|white_sq|black_sq/w_rook|white_sq|black_sq|w_queen|black_sq|white_sq|black_sq|w_rook
quad_w_bishop_044,q2,1,"[[3, 6]]",8,8,b_rook|black_sq|white_sq|b_queen|b_king|b_bishop|b_rook|black_sq/black_sq|b_pawn|black_sq|b_bishop|b_pawn|b_pawn|b_pawn|b_pawn/white_sq|black_sq|white_sq|black_sq|white_sq|black_sq|white_sq|black_sq/b_pawn|white_sq|b_pawn|b_pawn|black_sq|white_sq|w_bishop|white_sq/white_sq|b_knight|w_pawn|w_pawn|white_sq|black_sq|b_knight|black_sq/w_pawn|w_pawn|black_sq|w_queen|black_sq|white_sq|black_sq|w_pawn/white_sq|black_sq|white_sq|black_sq|w_pawn|w_pawn|w_pawn|black_sq/w_rook|w_knight|black_sq|white_sq|w_king|white_sq|w_knight|w_rook
quad_w_bishop_045,q2,0,"[[0, 0]]",8,8,w_bishop|black_sq|b_bishop|b_knight|white_sq|black_sq|white_sq|black_sq/black_sq|white_sq|black_sq|white_sq|b_king|b_knight|black_sq|white_sq/white_sq|b_pawn|white_sq|b_rook|white_sq|b_pawn|white_sq|black_sq/b_pawn|w_pawn|black_sq|b_rook|black_sq|white_sq|b_pawn|b_pawn/w_pawn|black_sq|w_pawn|black_sq|w_pawn|black_sq|w_pawn|black_sq/black_sq|white_sq|black_sq|white_sq|black_sq|w_rook|w_rook|white_sq/white_sq|black_sq|white_sq|w_knight|white_sq|w_king|white_sq|w_pawn/black_sq|white_sq|black_sq|white_sq|black_sq|white_sq|black_sq|white_sq
quad_w_bishop_046,q2,0,"[[2, 1]]",8,8,white_sq|black_sq|white_sq|b_rook|b_king|b_bishop|white_sq|b_rook/b_pawn|b_bishop|black_sq|white_sq|black_sq|b_pawn|black_sq|b_pawn/white_sq|w_bishop|white_sq|w_pawn|white_sq|w_pawn|white_sq|b_knight/black_sq|white_sq|w_pawn|white_sq|b_pawn|white_sq|b_pawn|white_sq/white_sq|black_sq|white_sq|black_sq|white_sq|black_sq|w_pawn|black_sq/black_sq|b_queen|black_sq|w_pawn|black_sq|white_sq|black_sq|w_pawn/w_pawn|black_sq|b_knight|w_king|white_sq|black_sq|white_sq|black_sq/w_rook|white_sq|black_sq|w_queen|black_sq|white_sq|black_sq|w_rook
quad_w_bishop_047,q2,3,"[[7, 5]]",8,8,b_rook|b_knight|b_bishop|b_queen|b_king|b_bishop|b_knight|b_rook/b_pawn|b_pawn|black_sq|b_pawn|b_pawn|b_pawn|black_sq|white_sq/white_sq|black_sq|b_pawn|black_sq|white_sq|black_sq|white_sq|black_sq/black_sq|white_sq|black_sq|white_sq|black_sq|white_sq|b_pawn|b_pawn/white_sq|black_sq|white_sq|black_sq|w_pawn|black_sq|w_pawn|black_sq/w_pawn|white_sq|black_sq|white_sq|black_sq|w_pawn|black_sq|white_sq/white_sq|w_pawn|w_pawn|w_pawn|white_sq|black_sq|white_sq|w_pawn/w_rook|w_knight|black_sq|w_queen|w_king|w_bishop|w_knight|w_rook
quad_w_bishop_048,q2,3,"[[5, 5]]",8,8,white_sq|b_knight|b_bishop|b_queen|b_rook|black_sq|white_sq|black_sq/b_rook|b_pawn|black_sq|b_pawn|black_sq|b_king|b_bishop|b_pawn/white_sq|black_sq|white_sq|b_pawn|white_sq|black_sq|white_sq|black_sq/black_sq|white_sq|black_sq|w_pawn|b_pawn|w_pawn|black_sq|white_sq/b_pawn|black_sq|white_sq|black_sq|white_sq|w_pawn|white_sq|black_sq/w_knight|w_pawn|black_sq|white_sq|black_sq|w_bishop|black_sq|white_sq/w_pawn|black_sq|w_pawn|w_king|w_queen|black_sq|white_sq|w_pawn/black_sq|white_sq|w_rook|white_sq|black_sq|white_sq|w_knight|w_rook
quad_w_bishop_049,q2,2,"[[5, 3]]",8,8,b_rook|b_knight|b_bishop|black_sq|b_king|b_bishop|b_knight|b_rook/b_pawn|b_pawn|black_sq|white_sq|b_pawn|b_pawn|black_sq|b_pawn/white_sq|black_sq|b_pawn|black_sq|white_sq|black_sq|b_pawn|black_sq/black_sq|w_knight|b_queen|b_pawn|black_sq|white_sq|black_sq|white_sq/white_sq|black_sq|white_sq|black_sq|white_sq|black_sq|w_pawn|black_sq/black_sq|w_pawn|black_sq|w_bishop|black_sq|white_sq|black_sq|w_knight/w_pawn|black_sq|w_pawn|w_pawn|w_pawn|w_pawn|white_sq|w_pawn/w_rook|white_sq|black_sq|w_queen|w_king|white_sq|black_sq|w_rook
quad_w_bishop_050,q2,3,"[[5, 4]]",8,8,white_sq|black_sq|white_sq|black_sq|b_king|b_bishop|b_knight|b_rook/black_sq|white_sq|black_sq|b_rook|b_pawn|white_sq|b_pawn|white_sq/white_sq|black_sq|white_sq|black_sq|white_sq|b_pawn|w_pawn|black_sq/black_sq|b_bishop|w_pawn|w_pawn|b_knight|white_sq|black_sq|white_sq/b_pawn|black_sq|white_sq|black_sq|white_sq|b_queen|white_sq|black_sq/black_sq|w_pawn|black_sq|white_sq|w_bishop|w_rook|black_sq|white_sq/w_king|black_sq|white_sq|black_sq|white_sq|black_sq|white_sq|black_sq/w_rook|white_sq|black_sq|w_knight|black_sq|white_sq|black_sq|white_sq
quad_w_bishop_051,q2,1,"[[1, 5]]",8,8,white_sq|b_knight|white_sq|black_sq|b_knight|b_bishop|white_sq|black_sq/b_rook|b_bishop|black_sq|white_sq|b_king|w_bishop|b_pawn|white_sq/white_sq|black_sq|white_sq|black_sq|white_sq|black_sq|b_queen|black_sq/black_sq|w_pawn|black_sq|white_sq|b_pawn|b_pawn|black_sq|b_pawn/w_pawn|black_sq|b_pawn|b_pawn|w_pawn|black_sq|white_sq|w_pawn/w_rook|white_sq|w_pawn|white_sq|black_sq|w_pawn|w_pawn|white_sq/white_sq|black_sq|white_sq|black_sq|w_king|black_sq|white_sq|black_sq/black_sq|white_sq|black_sq|white_sq|black_sq|white_sq|w_knight|w_rook
quad_w_bishop_052,q2,2,"[[6, 2]]",8,8,white_sq|black_sq|white_sq|black_sq|white_sq|b_king|b_rook|black_sq/black_sq|b_bishop|black_sq|w_pawn|black_sq|w_pawn|black_sq|b_pawn/b_knight|black_sq|white_sq|black_sq|b_pawn|black_sq|w_rook|black_sq/b_pawn|white_sq|black_sq|white_sq|b_queen|w_pawn|black_sq|white_sq/w_pawn|black_sq|white_sq|black_sq|white_sq|black_sq|w_knight|w_pawn/w_king|w_pawn|black_sq|white_sq|black_sq|white_sq|black_sq|white_sq/white_sq|black_sq|w_bishop|black_sq|white_sq|w_rook|white_sq|black_sq/black_sq|white_sq|black_sq|white_sq|black_sq|white_sq|black_sq|white_sq
quad_w_bishop_053,q2,3,"[[5, 7]]",8,8,white_sq|black_sq|white_sq|black_sq|white_sq|b_king|white_sq|b_rook/b_rook|white_sq|black_sq|w_pawn|black_sq|b_pawn|b_bishop|white_sq/white_sq|b_queen|white_sq|b_pawn|white_sq|black_sq|white_sq|w_queen/b_pawn|white_sq|black_sq|w_pawn|w_pawn|white_sq|black_sq|b_knight/white_sq|black_sq|white_sq|w_pawn|white_sq|w_pawn|white_sq|w_pawn/black_sq|white_sq|black_sq|white_sq|black_sq|white_sq|b_knight|w_bishop/w_pawn|black_sq|white_sq|black_sq|white_sq|black_sq|white_sq|black_sq/black_sq|w_rook|black_sq|w_king|black_sq|white_sq|w_knight|white_sq
quad_w_bishop_054,q2,3,"[[4, 5]]",8,8,b_rook|black_sq|white_sq|black_sq|white_sq|b_queen|b_rook|black_sq/black_sq|b_pawn|b_pawn|b_king|black_sq|b_pawn|black_sq|b_pawn/white_sq|black_sq|b_knight|black_sq|white_sq|b_bishop|white_sq|b_knight/black_sq|white_sq|black_sq|b_pawn|black_sq|white_sq|black_sq|white_sq/w_pawn|b_pawn|white_sq|w_pawn|white_sq|w_bishop|b_bishop|black_sq/black_sq|w_rook|black_sq|w_rook|black_sq|white_sq|black_sq|white_sq/white_sq|black_sq|white_sq|w_knight|white_sq|w_pawn|white_sq|black_sq/black_sq|white_sq|black_sq|w_queen|w_king|white_sq|black_sq|white_sq
quad_w_bishop_055,q2,2,"[[7, 2]]",8,8,b_rook|black_sq|b_bishop|black_sq|white_sq|b_rook|b_king|black_sq/w_queen|white_sq|black_sq|b_queen|b_bishop|white_sq|black_sq|b_pawn/white_sq|b_pawn|white_sq|b_pawn|white_sq|b_knight|b_pawn|black_sq/black_sq|white_sq|b_pawn|white_sq|b_pawn|w_pawn|black_sq|white_sq/white_sq|b_knight|w_pawn|black_sq|w_pawn|black_sq|white_sq|black_sq/black_sq|white_sq|w_knight|white_sq|black_sq|w_pawn|black_sq|w_pawn/w_pawn|w_pawn|white_sq|w_pawn|w_knight|black_sq|white_sq|w_rook/w_rook|white_sq|w_bishop|w_king|black_sq|white_sq|black_sq|white_sq
quad_w_bishop_056,q2,2,"[[6, 2]]",8,8,white_sq|black_sq|b_bishop|black_sq|b_king|black_sq|white_sq|b_rook/b_rook|b_pawn|black_sq|b_pawn|black_sq|white_sq|black_sq|b_pawn/white_sq|black_sq|white_sq|black_sq|white_sq|black_sq|b_pawn|black_sq/w_pawn|white_sq|b_pawn|white_sq|black_sq|b_pawn|black_sq|white_sq/white_sq|b_knight|w_queen|b_bishop|w_pawn|b_pawn|white_sq|black_sq/black_sq|white_sq|w_knight|white_sq|black_sq|white_sq|black_sq|white_sq/w_pawn|black_sq|w_bishop|w_king|white_sq|black_sq|w_pawn|black_sq/w_rook|white_sq|black_sq|white_sq|black_sq|w_rook|black_sq|white_sq
quad_w_bishop_057,q2,2,"[[6, 0]]",8,8,b_bishop|black_sq|white_sq|black_sq|white_sq|b_bishop|b_rook|black_sq/black_sq|b_king|black_sq|b_pawn|b_pawn|white_sq|b_pawn|white_sq/white_sq|black_sq|white_sq|black_sq|white_sq|black_sq|white_sq|black_sq/black_sq|w_pawn|b_pawn|white_sq|black_sq|w_pawn|black_sq|white_sq/white_sq|b_knight|white_sq|black_sq|white_sq|w_pawn|w_knight|black_sq/black_sq|white_sq|w_knight|w_pawn|black_sq|white_sq|w_pawn|w_rook/w_bishop|black_sq|white_sq|black_sq|white_sq|black_sq|w_queen|black_sq/black_sq|white_sq|black_sq|w_king|black_sq|white_sq|black_sq|white_sq
quad_w_bishop_058,q2,2,"[[7, 2]]",8,8,b_rook|b_knight|b_bishop|black_sq|white_sq|b_bishop|white_sq|b_rook/black_sq|b_pawn|black_sq|b_pawn|black_sq|b_pawn|black_sq|b_pawn/white_sq|black_sq|white_sq|black_sq|white_sq|b_king|b_pawn|b_knight/b_pawn|white_sq|b_pawn|white_sq|b_pawn|white_sq|black_sq|white_sq/w_pawn|black_sq|white_sq|black_sq|w_pawn|black_sq|b_queen|black_sq/w_rook|white_sq|black_sq|white_sq|black_sq|white_sq|black_sq|white_sq/white_sq|w_pawn|w_pawn|w_pawn|white_sq|w_pawn|white_sq|w_pawn/black_sq|w_knight|w_bishop|w_queen|w_king|white_sq|w_knight|w_rook
quad_w_bishop_059,q2,3,"[[5, 7]]",8,8,b_rook|black_sq|b_bishop|b_queen|b_king|b_bishop|b_knight|b_rook/b_pawn|b_pawn|b_pawn|b_pawn|b_pawn|white_sq|b_pawn|b_pawn/white_sq|black_sq|b_knight|black_sq|white_sq|b_pawn|white_sq|black_sq/black_sq|white_sq|black_sq|white_sq|black_sq|white_sq|black_sq|white_sq/white_sq|w_pawn|white_sq|black_sq|white_sq|black_sq|w_pawn|w_pawn/black_sq|white_sq|black_sq|white_sq|black_sq|white_sq|black_sq|w_bishop/w_pawn|black_sq|w_pawn|w_pawn|w_pawn|w_pawn|white_sq|black_sq/w_rook|w_knight|black_sq|w_queen|w_king|white_sq|w_knight|w_rook
quad_w_bishop_060,q2,3,"[[4, 4]]",8,8,b_rook|b_knight|white_sq|b_queen|b_king|b_bishop|b_knight|b_rook/b_pawn|white_sq|b_pawn|white_sq|b_pawn|white_sq|b_pawn|white_sq/white_sq|black_sq|white_sq|b_pawn|white_sq|b_pawn|white_sq|b_pawn/black_sq|b_pawn|black_sq|white_sq|black_sq|b_bishop|black_sq|white_sq/white_sq|w_pawn|white_sq|w_pawn|w_bishop|black_sq|white_sq|black_sq/black_sq|white_sq|black_sq|white_sq|black_sq|w_knight|w_pawn|white_sq/w_pawn|black_sq|w_pawn|black_sq|w_pawn|w_pawn|white_sq|w_pawn/w_rook|w_knight|black_sq|w_queen|w_king|white_sq|black_sq|w_rook
quad_w_bishop_061,q2,3,"[[5, 4]]",8,8,b_rook|b_knight|b_bishop|black_sq|b_king|b_bishop|b_knight|b_rook/b_pawn|b_pawn|black_sq|white_sq|b_pawn|b_pawn|black_sq|b_pawn/white_sq|black_sq|b_pawn|black_sq|white_sq|black_sq|b_pawn|black_sq/black_sq|w_knight|b_queen|b_pawn|black_sq|white_sq|black_sq|white_sq/white_sq|black_sq|white_sq|black_sq|white_sq|black_sq|w_pawn|black_sq/black_sq|w_pawn|black_sq|white_sq|w_bishop|white_sq|black_sq|w_knight/w_pawn|black_sq|w_pawn|w_pawn|w_pawn|w_pawn|white_sq|w_pawn/w_rook|white_sq|black_sq|w_queen|w_king|white_sq|black_sq|w_rook
quad_w_bishop_062,q2,1,"[[1, 6]]",8,8,b_rook|b_knight|white_sq|black_sq|b_king|black_sq|b_knight|black_sq/black_sq|b_pawn|black_sq|white_sq|b_pawn|b_pawn|w_bishop|white_sq/white_sq|black_sq|white_sq|black_sq|white_sq|black_sq|white_sq|b_bishop/black_sq|white_sq|b_pawn|b_pawn|black_sq|white_sq|black_sq|b_rook/b_pawn|black_sq|white_sq|w_pawn|white_sq|black_sq|b_pawn|black_sq/w_pawn|white_sq|w_pawn|white_sq|black_sq|white_sq|w_pawn|white_sq/white_sq|w_pawn|white_sq|black_sq|white_sq|w_rook|white_sq|w_knight/w_rook|white_sq|black_sq|w_king|black_sq|white_sq|black_sq|white_sq
quad_w_bishop_063,q2,3,"[[4, 6]]",8,8,white_sq|black_sq|b_rook|black_sq|b_king|black_sq|white_sq|b_rook/black_sq|white_sq|black_sq|b_bishop|b_knight|white_sq|black_sq|white_sq/white_sq|black_sq|w_pawn|b_knight|b_pawn|black_sq|white_sq|black_sq/b_pawn|white_sq|black_sq|white_sq|black_sq|white_sq|b_pawn|w_pawn/white_sq|b_pawn|white_sq|black_sq|white_sq|b_pawn|w_bishop|w_pawn/w_pawn|w_pawn|black_sq|white_sq|w_pawn|w_pawn|black_sq|white_sq/white_sq|b_bishop|white_sq|black_sq|white_sq|w_king|white_sq|w_rook/black_sq|b_queen|black_sq|white_sq|black_sq|white_sq|w_knight|white_sq
quad_w_bishop_064,q2,0,"[[1, 0]]",8,8,b_rook|b_knight|b_bishop|b_queen|b_king|black_sq|b_knight|b_rook/w_bishop|white_sq|black_sq|b_pawn|b_pawn|b_pawn|black_sq|white_sq/b_pawn|black_sq|white_sq|black_sq|white_sq|black_sq|b_pawn|black_sq/black_sq|w_knight|black_sq|white_sq|black_sq|white_sq|black_sq|b_pawn/white_sq|black_sq|white_sq|black_sq|w_pawn|black_sq|w_pawn|black_sq/w_pawn|white_sq|black_sq|white_sq|black_sq|white_sq|black_sq|w_pawn/white_sq|black_sq|w_pawn|w_pawn|b_knight|w_pawn|white_sq|w_rook/black_sq|white_sq|black_sq|w_queen|black_sq|w_king|black_sq|white_sq
quad_w_bishop_065,q2,2,"[[6, 1]]",8,8,white_sq|black_sq|b_knight|black_sq|b_king|black_sq|white_sq|black_sq/b_rook|white_sq|b_pawn|white_sq|black_sq|b_pawn|black_sq|white_sq/white_sq|b_pawn|white_sq|black_sq|w_pawn|black_sq|white_sq|black_sq/b_pawn|b_queen|black_sq|b_pawn|black_sq|white_sq|black_sq|w_knight/w_pawn|w_pawn|white_sq|w_pawn|white_sq|black_sq|b_bishop|black_sq/w_rook|white_sq|black_sq|white_sq|w_pawn|white_sq|black_sq|white_sq/white_sq|w_bishop|white_sq|w_rook|white_sq|black_sq|white_sq|black_sq/black_sq|white_sq|black_sq|w_king|w_queen|white_sq|black_sq|white_sq
quad_w_bishop_066,q2,2,"[[4, 3]]",8,8,b_rook|black_sq|b_bishop|b_queen|b_king|black_sq|b_knight|black_sq/black_sq|b_pawn|b_pawn|b_pawn|b_bishop|b_pawn|b_pawn|b_rook/b_knight|black_sq|white_sq|black_sq|b_pawn|black_sq|white_sq|black_sq/b_pawn|white_sq|black_sq|white_sq|black_sq|white_sq|black_sq|b_pawn/w_pawn|black_sq|white_sq|w_bishop|white_sq|black_sq|white_sq|black_sq/black_sq|white_sq|w_pawn|w_pawn|black_sq|white_sq|w_pawn|white_sq/white_sq|w_pawn|white_sq|black_sq|w_pawn|w_pawn|white_sq|w_pawn/w_rook|w_knight|black_sq|w_queen|w_king|white_sq|w_knight|w_rook
quad_w_bishop_067,q2,0,"[[3, 2]]",8,8,white_sq|black_sq|white_sq|black_sq|white_sq|black_sq|white_sq|b_rook/black_sq|white_sq|b_king|b_rook|black_sq|white_sq|b_bishop|b_pawn/b_bishop|b_pawn|white_sq|black_sq|b_pawn|b_knight|white_sq|black_sq/black_sq|white_sq|w_bishop|b_pawn|w_pawn|b_pawn|b_knight|white_sq/w_pawn|w_queen|white_sq|w_pawn|w_pawn|black_sq|b_pawn|black_sq/black_sq|white_sq|w_pawn|white_sq|black_sq|white_sq|w_pawn|w_pawn/white_sq|black_sq|white_sq|w_king|white_sq|black_sq|white_sq|black_sq/w_rook|w_knight|black_sq|white_sq|black_sq|white_sq|w_knight|w_rook
quad_w_bishop_068,q2,3,"[[4, 4]]",8,8,b_rook|b_knight|white_sq|black_sq|white_sq|black_sq|b_rook|black_sq/b_pawn|b_bishop|black_sq|white_sq|black_sq|white_sq|b_queen|b_pawn/white_sq|black_sq|white_sq|black_sq|b_king|b_knight|w_pawn|b_bishop/w_pawn|white_sq|w_pawn|b_pawn|black_sq|white_sq|black_sq|white_sq/white_sq|black_sq|white_sq|black_sq|w_bishop|black_sq|white_sq|black_sq/black_sq|w_pawn|black_sq|white_sq|w_pawn|w_knight|black_sq|white_sq/white_sq|black_sq|white_sq|w_king|white_sq|w_pawn|white_sq|black_sq/black_sq|white_sq|black_sq|white_sq|w_rook|white_sq|black_sq|w_rook
quad_w_bishop_069,q2,1,"[[0, 4]]",8,8,b_rook|black_sq|b_queen|black_sq|w_bishop|black_sq|b_knight|w_knight/black_sq|white_sq|black_sq|b_knight|black_sq|b_rook|black_sq|white_sq/b_bishop|black_sq|white_sq|black_sq|white_sq|b_king|white_sq|black_sq/b_pawn|white_sq|black_sq|white_sq|b_pawn|b_pawn|b_pawn|b_pawn/white_sq|black_sq|w_pawn|w_pawn|white_sq|black_sq|white_sq|black_sq/black_sq|white_sq|black_sq|white_sq|black_sq|b_pawn|w_pawn|white_sq/white_sq|black_sq|w_rook|black_sq|w_knight|black_sq|white_sq|w_pawn/black_sq|white_sq|w_king|white_sq|w_rook|white_sq|black_sq|white_sq
quad_w_bishop_070,q2,1,"[[3, 6]]",8,8,b_rook|b_knight|b_bishop|b_queen|b_king|b_bishop|b_knight|b_rook/black_sq|b_pawn|b_pawn|b_pawn|b_pawn|b_pawn|black_sq|b_pawn/white_sq|black_sq|white_sq|black_sq|white_sq|black_sq|b_pawn|black_sq/b_pawn|white_sq|black_sq|white_sq|black_sq|white_sq|w_bishop|white_sq/white_sq|black_sq|white_sq|black_sq|white_sq|w_pawn|white_sq|black_sq/black_sq|white_sq|w_knight|white_sq|black_sq|white_sq|black_sq|white_sq/w_pawn|w_pawn|w_pawn|w_pawn|w_pawn|black_sq|w_pawn|w_pawn/w_rook|white_sq|black_sq|w_queen|w_king|white_sq|w_knight|w_rook
quad_w_bishop_071,q2,3,"[[6, 6]]",8,8,white_sq|black_sq|white_sq|b_queen|white_sq|b_bishop|b_knight|b_rook/b_rook|white_sq|black_sq|white_sq|black_sq|b_king|black_sq|b_pawn/white_sq|black_sq|white_sq|black_sq|white_sq|black_sq|b_pawn|black_sq/b_pawn|white_sq|black_sq|white_sq|b_pawn|b_bishop|black_sq|white_sq/w_knight|b_knight|white_sq|w_pawn|white_sq|b_pawn|w_pawn|black_sq/black_sq|white_sq|w_pawn|w_queen|black_sq|w_pawn|black_sq|w_pawn/w_pawn|black_sq|white_sq|black_sq|w_pawn|black_sq|w_bishop|black_sq/w_rook|white_sq|black_sq|white_sq|w_king|white_sq|w_knight|w_rook
quad_w_bishop_072,q2,3,"[[4, 6]]",8,8,white_sq|black_sq|b_rook|black_sq|white_sq|b_rook|white_sq|black_sq/b_pawn|white_sq|black_sq|b_pawn|black_sq|white_sq|b_king|b_pawn/b_knight|b_pawn|white_sq|black_sq|white_sq|w_queen|b_pawn|black_sq/black_sq|white_sq|black_sq|white_sq|black_sq|white_sq|b_bishop|b_knight/b_queen|black_sq|white_sq|b_pawn|w_pawn|b_pawn|w_bishop|black_sq/black_sq|b_bishop|w_knight|white_sq|black_sq|w_pawn|black_sq|w_pawn/white_sq|black_sq|w_pawn|black_sq|w_king|black_sq|white_sq|black_sq/w_rook|white_sq|black_sq|white_sq|black_sq|white_sq|w_knight|w_rook
quad_w_bishop_073,q2,2,"[[6, 3]]",8,8,white_sq|black_sq|b_bishop|black_sq|white_sq|b_queen|white_sq|black_sq/black_sq|white_sq|black_sq|white_sq|black_sq|b_king|black_sq|white_sq/white_sq|black_sq|white_sq|b_pawn|b_pawn|b_bishop|white_sq|b_rook/b_pawn|w_knight|black_sq|white_sq|black_sq|white_sq|w_pawn|b_pawn/w_pawn|black_sq|white_sq|black_sq|white_sq|black_sq|white_sq|w_pawn/w_rook|b_pawn|w_pawn|w_king|w_queen|white_sq|w_pawn|white_sq/white_sq|black_sq|white_sq|w_bishop|white_sq|black_sq|white_sq|black_sq/black_sq|w_knight|black_sq|white_sq|black_sq|w_rook|black_sq|white_sq
quad_w_bishop_074,q2,0,"[[3, 3]]",8,8,white_sq|b_knight|b_bishop|b_king|white_sq|black_sq|white_sq|black_sq/black_sq|white_sq|black_sq|white_sq|black_sq|white_sq|black_sq|b_knight/white_sq|black_sq|b_pawn|black_sq|white_sq|black_sq|white_sq|b_rook/b_rook|white_sq|black_sq|w_bishop|black_sq|white_sq|w_pawn|w_pawn/w_pawn|b_pawn|w_pawn|black_sq|w_pawn|black_sq|white_sq|black_sq/black_sq|w_pawn|black_sq|white_sq|black_sq|white_sq|black_sq|white_sq/white_sq|black_sq|white_sq|w_king|white_sq|b_bishop|white_sq|black_sq/black_sq|white_sq|black_sq|white_sq|black_sq|white_sq|black_sq|w_rook
quad_w_bishop_075,q2,1,"[[3, 6]]",8,8,b_rook|b_knight|b_bishop|b_queen|b_king|b_bishop|b_knight|b_rook/b_pawn|b_pawn|b_pawn|b_pawn|black_sq|b_pawn|b_pawn|b_pawn/white_sq|black_sq|white_sq|black_sq|white_sq|black_sq|white_sq|black_sq/black_sq|white_sq|black_sq|white_sq|b_pawn|white_sq|w_bishop|white_sq/white_sq|black_sq|white_sq|black_sq|white_sq|black_sq|white_sq|black_sq/w_pawn|white_sq|black_sq|white_sq|black_sq|white_sq|black_sq|white_sq/white_sq|w_pawn|w_pawn|w_pawn|w_pawn|w_pawn|w_pawn|w_pawn/w_rook|w_knight|black_sq|w_queen|w_king|white_sq|w_knight|w_rook
quad_w_bishop_076,q2,2,"[[7, 2]]",8,8,b_rook|b_knight|b_bishop|b_queen|b_king|b_bishop|white_sq|b_rook/b_pawn|b_pawn|b_pawn|b_pawn|black_sq|b_pawn|black_sq|b_pawn/white_sq|black_sq|white_sq|black_sq|white_sq|b_knight|white_sq|black_sq/black_sq|white_sq|black_sq|white_sq|b_pawn|white_sq|b_pawn|white_sq/white_sq|w_pawn|white_sq|black_sq|white_sq|black_sq|white_sq|black_sq/black_sq|white_sq|black_sq|white_sq|w_pawn|w_pawn|black_sq|white_sq/w_pawn|black_sq|w_pawn|w_pawn|w_queen|black_sq|w_pawn|w_pawn/w_rook|w_knight|w_bishop|white_sq|w_king|white_sq|w_knight|w_rook
quad_w_bishop_077,q2,3,"[[5, 6]]",8,8,white_sq|black_sq|white_sq|black_sq|b_queen|b_bishop|white_sq|b_rook/b_rook|white_sq|b_pawn|b_king|b_pawn|white_sq|b_pawn|b_pawn/white_sq|black_sq|white_sq|black_sq|b_bishop|black_sq|white_sq|b_knight/black_sq|b_pawn|black_sq|w_pawn|black_sq|b_pawn|black_sq|white_sq/b_pawn|b_knight|w_pawn|black_sq|white_sq|black_sq|w_pawn|black_sq/w_knight|w_pawn|black_sq|white_sq|black_sq|w_pawn|w_bishop|white_sq/w_pawn|black_sq|white_sq|w_pawn|white_sq|black_sq|white_sq|w_pawn/w_rook|white_sq|black_sq|w_queen|w_king|white_sq|w_knight|w_rook
quad_w_bishop_078,q2,1,"[[3, 5]]",8,8,b_rook|b_knight|white_sq|black_sq|white_sq|black_sq|b_king|black_sq/black_sq|white_sq|black_sq|b_pawn|black_sq|white_sq|b_pawn|b_rook/b_pawn|black_sq|b_bishop|black_sq|white_sq|black_sq|white_sq|black_sq/black_sq|b_pawn|black_sq|w_pawn|b_bishop|w_bishop|black_sq|b_pawn/white_sq|w_pawn|b_queen|b_pawn|white_sq|black_sq|w_pawn|w_pawn/w_knight|white_sq|black_sq|white_sq|black_sq|white_sq|black_sq|white_sq/w_pawn|black_sq|white_sq|w_knight|white_sq|black_sq|w_queen|black_sq/w_rook|white_sq|black_sq|w_king|black_sq|white_sq|black_sq|white_sq
quad_w_bishop_079,q2,0,"[[1, 1]]",8,8,b_rook|black_sq|b_bishop|black_sq|white_sq|black_sq|white_sq|b_rook/black_sq|w_bishop|b_pawn|b_knight|black_sq|white_sq|black_sq|b_pawn/b_pawn|b_pawn|white_sq|black_sq|white_sq|black_sq|b_king|b_knight/black_sq|white_sq|w_knight|white_sq|b_pawn|white_sq|black_sq|white_sq/white_sq|black_sq|white_sq|black_sq|w_pawn|b_pawn|white_sq|black_sq/w_rook|w_pawn|w_pawn|white_sq|black_sq|white_sq|w_pawn|white_sq/white_sq|black_sq|white_sq|w_pawn|white_sq|black_sq|w_pawn|w_pawn/black_sq|w_knight|black_sq|w_queen|w_king|white_sq|black_sq|w_rook
quad_w_bishop_080,q2,3,"[[5, 6]]",8,8,b_rook|black_sq|white_sq|black_sq|b_queen|b_bishop|b_knight|b_rook/black_sq|b_pawn|black_sq|b_king|b_pawn|white_sq|black_sq|b_pawn/white_sq|black_sq|b_knight|b_pawn|white_sq|b_pawn|white_sq|black_sq/b_pawn|w_pawn|b_pawn|white_sq|black_sq|b_bishop|b_pawn|white_sq/w_knight|black_sq|w_pawn|black_sq|white_sq|black_sq|white_sq|black_sq/w_pawn|white_sq|black_sq|white_sq|black_sq|w_knight|w_bishop|w_pawn/white_sq|black_sq|white_sq|w_pawn|w_pawn|w_pawn|w_pawn|black_sq/w_rook|white_sq|black_sq|w_queen|w_king|white_sq|w_rook|white_sq
quad_w_bishop_081,q2,1,"[[0, 6]]",8,8,white_sq|black_sq|white_sq|black_sq|b_king|b_rook|w_bishop|black_sq/black_sq|white_sq|black_sq|white_sq|black_sq|b_pawn|black_sq|white_sq/white_sq|b_pawn|white_sq|black_sq|white_sq|black_sq|white_sq|black_sq/black_sq|white_sq|b_rook|white_sq|black_sq|white_sq|black_sq|w_pawn/b_pawn|black_sq|b_pawn|black_sq|white_sq|b_pawn|w_queen|black_sq/w_pawn|b_pawn|black_sq|white_sq|b_bishop|white_sq|black_sq|b_queen/w_knight|black_sq|white_sq|w_pawn|w_king|w_pawn|white_sq|black_sq/black_sq|w_rook|black_sq|white_sq|black_sq|white_sq|w_rook|white_sq
quad_w_bishop_082,q2,1,"[[0, 6]]",8,8,white_sq|black_sq|b_knight|b_king|white_sq|b_rook|w_bishop|black_sq/black_sq|b_rook|black_sq|white_sq|black_sq|white_sq|b_bishop|w_queen/white_sq|black_sq|b_pawn|black_sq|white_sq|black_sq|white_sq|black_sq/b_pawn|white_sq|black_sq|white_sq|black_sq|white_sq|black_sq|b_pawn/w_pawn|black_sq|white_sq|b_pawn|white_sq|black_sq|white_sq|black_sq/black_sq|white_sq|w_pawn|white_sq|black_sq|white_sq|w_pawn|w_knight/w_rook|black_sq|white_sq|black_sq|w_pawn|w_rook|white_sq|black_sq/black_sq|white_sq|black_sq|white_sq|w_king|white_sq|black_sq|white_sq
quad_w_bishop_083,q2,3,"[[5, 6]]",8,8,white_sq|black_sq|b_rook|black_sq|white_sq|b_rook|white_sq|black_sq/b_pawn|white_sq|black_sq|b_pawn|black_sq|white_sq|b_king|b_pawn/b_knight|b_pawn|white_sq|black_sq|white_sq|w_queen|b_pawn|black_sq/black_sq|white_sq|black_sq|white_sq|black_sq|white_sq|b_bishop|b_knight/b_queen|black_sq|white_sq|b_pawn|w_pawn|b_pawn|white_sq|black_sq/black_sq|b_bishop|w_knight|white_sq|black_sq|w_pawn|w_bishop|w_pawn/white_sq|black_sq|w_pawn|black_sq|w_king|black_sq|white_sq|black_sq/w_rook|white_sq|black_sq|white_sq|black_sq|white_sq|w_knight|w_rook
quad_w_bishop_084,q2,2,"[[4, 1]]",8,8,b_rook|black_sq|b_bishop|b_queen|white_sq|b_bishop|white_sq|b_rook/black_sq|b_pawn|black_sq|b_king|black_sq|b_pawn|black_sq|b_pawn/white_sq|black_sq|b_knight|black_sq|white_sq|b_knight|white_sq|black_sq/b_pawn|white_sq|b_pawn|b_pawn|b_pawn|w_pawn|b_pawn|white_sq/w_pawn|w_bishop|white_sq|black_sq|white_sq|black_sq|w_pawn|black_sq/black_sq|white_sq|black_sq|white_sq|black_sq|white_sq|black_sq|white_sq/white_sq|w_pawn|w_pawn|w_pawn|w_pawn|black_sq|white_sq|w_pawn/w_rook|w_knight|black_sq|w_queen|black_sq|w_king|w_knight|w_rook
quad_w_bishop_085,q2,2,"[[4, 2]]",8,8,b_rook|black_sq|b_bishop|black_sq|b_king|b_bishop|b_knight|b_rook/b_pawn|b_pawn|b_pawn|b_pawn|black_sq|b_pawn|b_pawn|white_sq/b_knight|black_sq|white_sq|black_sq|white_sq|black_sq|white_sq|b_pawn/black_sq|white_sq|black_sq|white_sq|b_pawn|white_sq|black_sq|white_sq/white_sq|black_sq|w_bishop|black_sq|white_sq|w_knight|white_sq|b_queen/black_sq|white_sq|black_sq|white_sq|black_sq|white_sq|black_sq|white_sq/w_pawn|w_pawn|w_pawn|w_pawn|w_pawn|w_pawn|w_pawn|w_pawn/w_rook|w_knight|black_sq|w_queen|w_king|white_sq|black_sq|w_rook
quad_w_bishop_086,q2,0,"[[1, 2]]",8,8,b_rook|black_sq|b_queen|black_sq|b_king|black_sq|white_sq|black_sq/b_pawn|white_sq|w_bishop|white_sq|w_knight|white_sq|b_pawn|white_sq/white_sq|w_pawn|white_sq|black_sq|b_bishop|black_sq|white_sq|b_rook/black_sq|white_sq|black_sq|white_sq|b_pawn|white_sq|black_sq|white_sq/white_sq|w_pawn|white_sq|black_sq|w_king|b_knight|white_sq|b_pawn/black_sq|white_sq|black_sq|w_pawn|black_sq|white_sq|black_sq|w_knight/w_rook|black_sq|w_pawn|black_sq|white_sq|w_pawn|white_sq|w_pawn/w_queen|white_sq|black_sq|white_sq|black_sq|white_sq|black_sq|w_rook
quad_w_bishop_087,q2,1,"[[0, 6]]",8,8,white_sq|b_rook|white_sq|black_sq|b_king|b_bishop|w_bishop|b_rook/b_pawn|b_pawn|black_sq|white_sq|black_sq|white_sq|black_sq|white_sq/white_sq|black_sq|b_pawn|black_sq|white_sq|b_queen|b_pawn|b_pawn/b_knight|white_sq|w_pawn|b_pawn|b_pawn|b_pawn|black_sq|white_sq/w_pawn|black_sq|white_sq|black_sq|w_pawn|black_sq|b_bishop|black_sq/black_sq|w_knight|black_sq|w_pawn|black_sq|w_pawn|w_king|white_sq/b_knight|w_pawn|w_queen|black_sq|white_sq|black_sq|w_pawn|w_pawn/w_rook|white_sq|black_sq|white_sq|black_sq|white_sq|w_knight|w_rook
quad_w_bishop_088,q2,1,"[[0, 7]]",8,8,white_sq|black_sq|b_bishop|black_sq|white_sq|black_sq|white_sq|w_bishop/black_sq|w_queen|black_sq|b_pawn|b_king|white_sq|black_sq|white_sq/white_sq|black_sq|white_sq|black_sq|white_sq|black_sq|b_queen|black_sq/black_sq|w_knight|black_sq|b_pawn|black_sq|white_sq|black_sq|white_sq/b_pawn|black_sq|white_sq|black_sq|white_sq|black_sq|white_sq|black_sq/black_sq|white_sq|black_sq|white_sq|black_sq|white_sq|black_sq|white_sq/w_pawn|black_sq|white_sq|black_sq|w_king|black_sq|white_sq|black_sq/black_sq|white_sq|w_rook|white_sq|black_sq|white_sq|black_sq|b_rook
quad_w_bishop_089,q2,2,"[[4, 1]]",8,8,b_rook|b_knight|b_bishop|b_queen|b_king|b_bishop|white_sq|b_rook/black_sq|white_sq|black_sq|b_pawn|b_knight|b_pawn|black_sq|b_pawn/white_sq|black_sq|white_sq|black_sq|white_sq|black_sq|b_pawn|black_sq/b_pawn|b_pawn|b_pawn|white_sq|b_pawn|white_sq|black_sq|white_sq/white_sq|w_bishop|w_pawn|black_sq|white_sq|black_sq|white_sq|black_sq/black_sq|w_queen|w_knight|white_sq|black_sq|white_sq|w_pawn|w_knight/w_pawn|w_pawn|white_sq|w_pawn|w_pawn|w_pawn|white_sq|w_pawn/w_rook|white_sq|black_sq|white_sq|w_king|white_sq|black_sq|w_rook
quad_w_bishop_090,q2,3,"[[6, 5]]",8,8,white_sq|b_knight|white_sq|black_sq|white_sq|black_sq|b_knight|black_sq/black_sq|white_sq|b_rook|white_sq|black_sq|white_sq|black_sq|white_sq/white_sq|black_sq|b_king|black_sq|b_pawn|black_sq|b_pawn|black_sq/black_sq|white_sq|w_pawn|white_sq|black_sq|w_pawn|black_sq|white_sq/white_sq|black_sq|b_bishop|b_pawn|white_sq|w_knight|white_sq|black_sq/black_sq|w_pawn|black_sq|w_pawn|black_sq|white_sq|w_pawn|b_pawn/white_sq|black_sq|white_sq|black_sq|white_sq|w_bishop|white_sq|w_pawn/b_rook|w_knight|black_sq|w_king|black_sq|white_sq|black_sq|w_rook
quad_w_bishop_091,q2,0,"[[2, 0]]",8,8,b_rook|b_knight|b_bishop|black_sq|b_king|b_bishop|b_knight|b_rook/b_pawn|b_pawn|black_sq|white_sq|b_pawn|b_pawn|black_sq|b_pawn/w_bishop|black_sq|b_pawn|black_sq|white_sq|black_sq|b_pawn|black_sq/black_sq|w_knight|b_queen|b_pawn|black_sq|white_sq|black_sq|white_sq/white_sq|black_sq|white_sq|black_sq|white_sq|black_sq|w_pawn|black_sq/black_sq|w_pawn|black_sq|white_sq|black_sq|white_sq|black_sq|w_knight/w_pawn|black_sq|w_pawn|w_pawn|w_pawn|w_pawn|white_sq|w_pawn/w_rook|white_sq|black_sq|w_queen|w_king|white_sq|black_sq|w_rook
quad_w_bishop_092,q2,3,"[[7, 4]]",8,8,white_sq|b_knight|white_sq|black_sq|b_knight|b_bishop|white_sq|black_sq/b_rook|b_bishop|black_sq|white_sq|b_king|white_sq|b_pawn|white_sq/white_sq|black_sq|white_sq|black_sq|white_sq|black_sq|b_queen|black_sq/black_sq|w_pawn|black_sq|white_sq|b_pawn|b_pawn|black_sq|b_pawn/w_pawn|black_sq|b_pawn|b_pawn|w_pawn|black_sq|white_sq|w_pawn/w_rook|white_sq|w_pawn|white_sq|black_sq|w_pawn|w_pawn|white_sq/white_sq|black_sq|white_sq|black_sq|w_king|black_sq|white_sq|black_sq/black_sq|white_sq|black_sq|white_sq|w_bishop|white_sq|w_knight|w_rook
quad_w_bishop_093,q2,0,"[[2, 0]]",8,8,b_rook|b_knight|b_bishop|b_queen|b_king|black_sq|b_knight|b_rook/b_pawn|b_pawn|b_pawn|b_pawn|black_sq|white_sq|b_pawn|b_pawn/w_bishop|black_sq|white_sq|black_sq|b_pawn|b_pawn|white_sq|black_sq/black_sq|white_sq|b_bishop|white_sq|black_sq|white_sq|black_sq|white_sq/w_pawn|black_sq|white_sq|black_sq|white_sq|black_sq|white_sq|black_sq/black_sq|white_sq|black_sq|w_rook|w_pawn|white_sq|black_sq|white_sq/white_sq|w_pawn|w_pawn|w_pawn|white_sq|w_pawn|w_pawn|w_pawn/black_sq|w_knight|black_sq|w_queen|w_king|white_sq|w_knight|w_rook
quad_w_bishop_094,q2,3,"[[6, 7]]",8,8,b_rook|b_king|b_bishop|black_sq|white_sq|black_sq|white_sq|b_rook/b_pawn|white_sq|black_sq|b_knight|b_knight|b_pawn|black_sq|white_sq/white_sq|b_pawn|b_pawn|black_sq|white_sq|black_sq|white_sq|b_bishop/black_sq|white_sq|black_sq|b_queen|black_sq|white_sq|black_sq|white_sq/w_pawn|w_pawn|white_sq|black_sq|white_sq|black_sq|b_pawn|black_sq/black_sq|white_sq|black_sq|w_pawn|black_sq|white_sq|w_pawn|w_pawn/w_rook|black_sq|w_pawn|black_sq|w_queen|black_sq|white_sq|w_bishop/black_sq|white_sq|black_sq|w_king|black_sq|white_sq|w_knight|w_rook
quad_w_bishop_095,q2,1,"[[0, 7]]",8,8,white_sq|black_sq|white_sq|black_sq|white_sq|b_knight|white_sq|w_bishop/b_rook|white_sq|b_queen|white_sq|b_king|white_sq|black_sq|white_sq/b_pawn|black_sq|white_sq|b_pawn|white_sq|b_pawn|b_pawn|b_rook/w_pawn|white_sq|black_sq|white_sq|b_pawn|w_pawn|b_knight|b_pawn/white_sq|black_sq|white_sq|black_sq|b_bishop|black_sq|white_sq|black_sq/black_sq|w_queen|w_pawn|b_pawn|black_sq|white_sq|w_pawn|w_pawn/white_sq|black_sq|w_king|black_sq|white_sq|w_rook|white_sq|black_sq/w_rook|w_knight|black_sq|white_sq|black_sq|white_sq|w_knight|white_sq
quad_w_bishop_096,q2,1,"[[2, 5]]",8,8,b_rook|black_sq|b_bishop|b_queen|b_king|b_bishop|b_knight|b_rook/b_pawn|b_pawn|b_pawn|b_pawn|b_pawn|b_pawn|b_pawn|b_pawn/b_knight|black_sq|white_sq|black_sq|white_sq|w_bishop|white_sq|black_sq/black_sq|white_sq|black_sq|white_sq|black_sq|white_sq|black_sq|white_sq/w_pawn|black_sq|white_sq|black_sq|white_sq|black_sq|white_sq|black_sq/black_sq|white_sq|black_sq|white_sq|black_sq|white_sq|black_sq|white_sq/white_sq|w_pawn|w_pawn|w_pawn|w_pawn|w_pawn|w_pawn|w_pawn/w_rook|w_knight|black_sq|w_queen|w_king|white_sq|w_knight|w_rook
quad_w_bishop_097,q2,0,"[[1, 0]]",8,8,b_rook|b_knight|white_sq|black_sq|white_sq|black_sq|b_king|black_sq/w_bishop|white_sq|black_sq|b_pawn|black_sq|white_sq|b_pawn|b_rook/b_pawn|black_sq|b_bishop|black_sq|white_sq|black_sq|white_sq|black_sq/black_sq|b_pawn|black_sq|w_pawn|b_bishop|white_sq|black_sq|b_pawn/white_sq|w_pawn|b_queen|b_pawn|white_sq|black_sq|w_pawn|w_pawn/w_knight|white_sq|black_sq|white_sq|black_sq|white_sq|black_sq|white_sq/w_pawn|black_sq|white_sq|w_knight|white_sq|black_sq|w_queen|black_sq/w_rook|white_sq|black_sq|w_king|black_sq|white_sq|black_sq|white_sq
quad_w_bishop_098,q2,3,"[[5, 4]]",8,8,b_rook|b_knight|b_bishop|black_sq|white_sq|black_sq|white_sq|b_rook/b_pawn|b_pawn|black_sq|b_pawn|b_king|white_sq|black_sq|white_sq/white_sq|black_sq|b_pawn|black_sq|white_sq|b_pawn|b_pawn|black_sq/black_sq|white_sq|b_bishop|white_sq|b_pawn|white_sq|black_sq|b_pawn/white_sq|black_sq|white_sq|black_sq|white_sq|black_sq|white_sq|black_sq/w_pawn|white_sq|w_pawn|b_queen|w_bishop|w_knight|w_pawn|white_sq/white_sq|w_pawn|white_sq|w_pawn|w_pawn|w_pawn|white_sq|w_pawn/w_rook|w_knight|black_sq|w_queen|w_king|white_sq|w_rook|white_sq
quad_w_bishop_099,q2,1,"[[1, 7]]",8,8,white_sq|b_rook|b_bishop|black_sq|b_king|black_sq|b_knight|b_rook/black_sq|b_pawn|b_pawn|b_queen|b_pawn|white_sq|black_sq|w_bishop/white_sq|black_sq|white_sq|black_sq|white_sq|black_sq|white_sq|black_sq/black_sq|white_sq|black_sq|b_pawn|w_pawn|b_pawn|b_pawn|w_pawn/b_pawn|black_sq|white_sq|black_sq|white_sq|b_knight|white_sq|black_sq/black_sq|white_sq|w_knight|w_pawn|black_sq|w_pawn|w_pawn|w_knight/w_pawn|w_pawn|w_pawn|black_sq|white_sq|black_sq|white_sq|black_sq/black_sq|white_sq|w_rook|w_queen|black_sq|w_king|black_sq|w_rook
psup_w_000,q3,1,"[[5, 5]]",8,8,b_rook|black_sq|w_knight|black_sq|b_king|black_sq|w_pawn|black_sq/b_pawn|white_sq|black_sq|b_pawn|b_knight|white_sq|black_sq|white_sq/b_knight|black_sq|b_pawn|black_sq|white_sq|b_rook|b_pawn|black_sq/black_sq|white_sq|b_bishop|white_sq|b_pawn|white_sq|b_queen|w_pawn/white_sq|black_sq|white_sq|black_sq|white_sq|black_sq|white_sq|black_sq/black_sq|white_sq|w_rook|white_sq|black_sq|w_pawn|w_pawn|white_sq/white_sq|black_sq|white_sq|black_sq|w_king|black_sq|w_pawn|black_sq/black_sq|white_sq|black_sq|white_sq|black_sq|white_sq|w_knight|w_rook
psup_w_001,q3,1,"[[6, 3]]",8,8,white_sq|black_sq|white_sq|black_sq|white_sq|black_sq|white_sq|black_sq/black_sq|b_king|black_sq|white_sq|black_sq|white_sq|b_bishop|b_queen/white_sq|b_rook|white_sq|b_pawn|b_pawn|b_pawn|white_sq|w_pawn/black_sq|w_knight|black_sq|white_sq|w_knight|white_sq|black_sq|b_rook/b_knight|black_sq|white_sq|black_sq|w_pawn|black_sq|w_pawn|black_sq/black_sq|white_sq|black_sq|white_sq|black_sq|w_pawn|black_sq|white_sq/white_sq|w_rook|white_sq|w_pawn|white_sq|black_sq|white_sq|w_rook/black_sq|white_sq|w_bishop|white_sq|w_king|w_bishop|black_sq|white_sq
psup_w_002,q3,1,"[[4, 5]]",8,8,white_sq|black_sq|white_sq|black_sq|white_sq|black_sq|b_knight|w_pawn/black_sq|white_sq|black_sq|white_sq|b_bishop|b_king|black_sq|b_pawn/b_rook|black_sq|white_sq|black_sq|white_sq|black_sq|white_sq|black_sq/black_sq|white_sq|black_sq|w_bishop|black_sq|b_pawn|black_sq|white_sq/b_pawn|black_sq|white_sq|black_sq|white_sq|w_pawn|b_pawn|w_rook/black_sq|white_sq|black_sq|b_pawn|b_pawn|white_sq|black_sq|w_pawn/white_sq|black_sq|white_sq|black_sq|white_sq|black_sq|w_pawn|black_sq/black_sq|white_sq|w_rook|white_sq|w_king|white_sq|black_sq|w_pawn
psup_w_003,q3,1,"[[6, 1]]",8,8,white_sq|b_rook|white_sq|black_sq|w_pawn|w_pawn|b_rook|w_pawn/black_sq|white_sq|black_sq|white_sq|b_pawn|b_king|black_sq|b_pawn/white_sq|black_sq|white_sq|black_sq|b_knight|black_sq|b_bishop|w_pawn/b_pawn|white_sq|black_sq|white_sq|black_sq|b_pawn|b_bishop|white_sq/white_sq|w_bishop|white_sq|black_sq|white_sq|black_sq|white_sq|b_pawn/black_sq|white_sq|black_sq|white_sq|black_sq|white_sq|black_sq|w_knight/white_sq|w_pawn|white_sq|black_sq|white_sq|black_sq|white_sq|w_rook/w_rook|white_sq|w_queen|w_knight|black_sq|w_king|black_sq|white_sq
psup_w_004,q3,1,"[[7, 3]]",8,8,white_sq|black_sq|b_bishop|black_sq|w_pawn|b_bishop|white_sq|b_rook/w_queen|b_pawn|black_sq|white_sq|b_pawn|b_king|b_pawn|w_pawn/white_sq|black_sq|white_sq|b_knight|white_sq|black_sq|white_sq|b_rook/black_sq|white_sq|black_sq|b_pawn|black_sq|b_pawn|black_sq|b_pawn/white_sq|black_sq|white_sq|black_sq|b_knight|black_sq|white_sq|black_sq/b_queen|white_sq|black_sq|white_sq|black_sq|w_pawn|black_sq|w_knight/white_sq|w_bishop|white_sq|black_sq|white_sq|black_sq|w_bishop|w_pawn/w_rook|white_sq|black_sq|w_pawn|w_king|white_sq|w_knight|w_rook
psup_w_005,q3,1,"[[7, 0]]",8,8,white_sq|black_sq|white_sq|black_sq|b_king|w_pawn|b_rook|black_sq/b_bishop|white_sq|black_sq|white_sq|black_sq|white_sq|b_pawn|white_sq/b_knight|black_sq|b_pawn|black_sq|w_pawn|w_pawn|white_sq|black_sq/black_sq|w_pawn|black_sq|white_sq|b_pawn|b_queen|black_sq|white_sq/white_sq|black_sq|white_sq|black_sq|white_sq|black_sq|b_pawn|b_pawn/black_sq|white_sq|black_sq|white_sq|w_bishop|w_knight|black_sq|b_bishop/white_sq|black_sq|white_sq|black_sq|white_sq|w_king|white_sq|black_sq/w_pawn|b_rook|w_queen|white_sq|black_sq|white_sq|black_sq|white_sq
psup_w_006,q3,1,"[[7, 3]]",8,8,white_sq|black_sq|white_sq|black_sq|white_sq|b_king|b_rook|black_sq/black_sq|b_bishop|black_sq|white_sq|black_sq|white_sq|black_sq|b_pawn/b_knight|black_sq|white_sq|black_sq|b_pawn|black_sq|w_rook|black_sq/b_pawn|white_sq|black_sq|white_sq|b_queen|white_sq|w_pawn|white_sq/white_sq|black_sq|white_sq|black_sq|white_sq|black_sq|w_knight|black_sq/w_king|white_sq|black_sq|white_sq|black_sq|w_pawn|black_sq|w_pawn/white_sq|black_sq|white_sq|black_sq|white_sq|w_rook|white_sq|black_sq/black_sq|white_sq|black_sq|w_pawn|black_sq|w_pawn|black_sq|white_sq
psup_w_007,q3,0,"[[2, 1]]",8,8,b_rook|black_sq|b_queen|black_sq|b_king|b_bishop|w_pawn|b_rook/black_sq|b_pawn|b_pawn|b_bishop|b_pawn|b_pawn|black_sq|b_pawn/b_pawn|w_pawn|b_knight|black_sq|white_sq|black_sq|white_sq|b_knight/black_sq|white_sq|black_sq|b_pawn|black_sq|white_sq|b_pawn|white_sq/w_knight|black_sq|w_pawn|black_sq|white_sq|black_sq|white_sq|black_sq/black_sq|white_sq|black_sq|white_sq|black_sq|white_sq|w_pawn|white_sq/white_sq|black_sq|white_sq|w_bishop|white_sq|black_sq|white_sq|w_pawn/w_rook|white_sq|black_sq|w_queen|w_king|w_bishop|w_knight|w_rook
psup_w_008,q3,0,"[[1, 2]]",8,8,white_sq|black_sq|white_sq|black_sq|white_sq|b_king|b_rook|black_sq/black_sq|b_bishop|w_pawn|white_sq|black_sq|white_sq|black_sq|b_pawn/b_knight|black_sq|white_sq|black_sq|b_pawn|black_sq|w_rook|black_sq/b_pawn|white_sq|black_sq|white_sq|b_queen|white_sq|black_sq|white_sq/white_sq|black_sq|white_sq|black_sq|white_sq|black_sq|w_knight|black_sq/w_king|white_sq|black_sq|w_pawn|black_sq|w_pawn|black_sq|white_sq/white_sq|black_sq|white_sq|black_sq|white_sq|w_rook|white_sq|black_sq/black_sq|white_sq|black_sq|w_pawn|black_sq|white_sq|black_sq|w_pawn
psup_w_009,q3,1,"[[4, 0]]",8,8,b_king|black_sq|white_sq|black_sq|white_sq|black_sq|white_sq|b_rook/black_sq|white_sq|w_pawn|white_sq|black_sq|white_sq|b_bishop|b_pawn/b_rook|b_pawn|white_sq|black_sq|white_sq|b_pawn|white_sq|black_sq/b_pawn|white_sq|black_sq|white_sq|black_sq|white_sq|black_sq|white_sq/w_pawn|black_sq|white_sq|black_sq|b_pawn|w_pawn|w_queen|black_sq/w_bishop|white_sq|black_sq|w_pawn|black_sq|white_sq|black_sq|white_sq/white_sq|black_sq|white_sq|w_rook|w_bishop|black_sq|white_sq|black_sq/black_sq|white_sq|w_king|white_sq|black_sq|w_pawn|black_sq|w_rook
psup_w_010,q3,0,"[[3, 2]]",8,8,white_sq|b_knight|white_sq|black_sq|white_sq|black_sq|b_king|black_sq/black_sq|white_sq|black_sq|b_knight|black_sq|white_sq|black_sq|white_sq/white_sq|black_sq|b_rook|black_sq|white_sq|w_pawn|white_sq|black_sq/black_sq|white_sq|w_pawn|white_sq|w_pawn|b_pawn|black_sq|b_pawn/w_bishop|b_pawn|white_sq|black_sq|b_pawn|black_sq|white_sq|black_sq/black_sq|b_pawn|black_sq|white_sq|black_sq|w_queen|w_pawn|white_sq/white_sq|b_rook|white_sq|black_sq|white_sq|w_pawn|white_sq|black_sq/black_sq|white_sq|black_sq|white_sq|black_sq|w_king|black_sq|white_sq
psup_w_011,q3,0,"[[3, 4]]",8,8,white_sq|black_sq|white_sq|black_sq|b_king|black_sq|w_pawn|black_sq/black_sq|white_sq|b_pawn|white_sq|b_knight|b_rook|black_sq|white_sq/b_rook|black_sq|white_sq|black_sq|white_sq|black_sq|white_sq|b_pawn/black_sq|w_bishop|b_queen|b_knight|w_pawn|white_sq|w_knight|white_sq/white_sq|black_sq|white_sq|black_sq|white_sq|w_bishop|white_sq|w_pawn/black_sq|white_sq|black_sq|white_sq|black_sq|white_sq|black_sq|w_pawn/w_rook|black_sq|white_sq|black_sq|white_sq|black_sq|white_sq|black_sq/black_sq|w_knight|b_bishop|white_sq|black_sq|w_pawn|w_king|w_rook
psup_w_012,q3,1,"[[4, 4]]",8,8,white_sq|black_sq|b_bishop|b_king|white_sq|w_pawn|white_sq|black_sq/b_rook|white_sq|black_sq|b_pawn|black_sq|b_pawn|black_sq|white_sq/white_sq|black_sq|white_sq|black_sq|white_sq|black_sq|b_pawn|black_sq/b_pawn|b_pawn|black_sq|white_sq|b_rook|b_knight|w_pawn|white_sq/white_sq|black_sq|white_sq|black_sq|w_pawn|black_sq|white_sq|black_sq/black_sq|white_sq|black_sq|white_sq|black_sq|b_queen|black_sq|w_pawn/white_sq|black_sq|white_sq|w_bishop|white_sq|w_rook|white_sq|w_pawn/w_rook|white_sq|black_sq|white_sq|black_sq|white_sq|w_king|white_sq
psup_w_013,q3,1,"[[7, 4]]",8,8,white_sq|black_sq|white_sq|black_sq|white_sq|b_king|b_rook|black_sq/black_sq|b_bishop|black_sq|white_sq|black_sq|white_sq|black_sq|b_pawn/b_knight|black_sq|white_sq|black_sq|b_pawn|black_sq|w_rook|w_pawn/b_pawn|white_sq|black_sq|white_sq|b_queen|w_pawn|black_sq|white_sq/white_sq|black_sq|white_sq|black_sq|white_sq|black_sq|w_knight|black_sq/w_king|white_sq|black_sq|white_sq|black_sq|white_sq|black_sq|w_pawn/white_sq|black_sq|white_sq|black_sq|white_sq|w_rook|white_sq|black_sq/black_sq|white_sq|black_sq|white_sq|w_pawn|w_pawn|black_sq|white_sq
psup_w_014,q3,0,"[[1, 2]]",8,8,white_sq|black_sq|white_sq|black_sq|w_pawn|black_sq|white_sq|w_bishop/black_sq|white_sq|w_pawn|b_queen|b_bishop|b_bishop|w_pawn|white_sq/white_sq|b_rook|white_sq|w_pawn|white_sq|black_sq|b_king|black_sq/black_sq|white_sq|b_pawn|b_pawn|black_sq|white_sq|black_sq|b_pawn/white_sq|black_sq|white_sq|b_pawn|white_sq|b_pawn|white_sq|black_sq/black_sq|white_sq|black_sq|white_sq|black_sq|white_sq|black_sq|w_rook/white_sq|black_sq|white_sq|black_sq|white_sq|b_knight|white_sq|black_sq/black_sq|white_sq|w_king|white_sq|w_pawn|w_bishop|w_knight|white_sq
psup_w_015,q3,1,"[[5, 1]]",8,8,b_rook|b_knight|b_bishop|b_queen|b_king|b_bishop|b_knight|b_rook/b_pawn|b_pawn|b_pawn|b_pawn|b_pawn|white_sq|black_sq|b_pawn/white_sq|black_sq|white_sq|black_sq|white_sq|b_pawn|b_pawn|black_sq/black_sq|white_sq|black_sq|white_sq|w_pawn|white_sq|black_sq|white_sq/white_sq|black_sq|white_sq|black_sq|white_sq|black_sq|white_sq|black_sq/black_sq|w_pawn|black_sq|white_sq|black_sq|white_sq|w_pawn|white_sq/white_sq|black_sq|white_sq|black_sq|w_pawn|black_sq|white_sq|w_pawn/w_rook|w_knight|w_bishop|w_queen|w_king|w_bishop|w_knight|w_rook
psup_w_016,q3,0,"[[3, 2]]",8,8,b_rook|b_knight|b_bishop|b_queen|b_king|b_bishop|b_knight|b_rook/black_sq|b_pawn|b_pawn|b_pawn|b_pawn|b_pawn|black_sq|b_pawn/white_sq|black_sq|white_sq|w_pawn|w_pawn|black_sq|b_pawn|black_sq/b_pawn|white_sq|w_pawn|white_sq|black_sq|w_pawn|black_sq|white_sq/white_sq|black_sq|white_sq|black_sq|white_sq|black_sq|white_sq|black_sq/black_sq|white_sq|w_knight|white_sq|black_sq|w_pawn|black_sq|white_sq/white_sq|black_sq|white_sq|black_sq|white_sq|black_sq|white_sq|black_sq/w_rook|white_sq|w_bishop|w_queen|w_king|w_bishop|w_knight|w_rook
psup_w_017,q3,1,"[[4, 5]]",8,8,white_sq|black_sq|b_bishop|b_queen|b_king|b_bishop|b_knight|b_rook/black_sq|b_pawn|black_sq|b_pawn|b_pawn|b_pawn|b_pawn|b_pawn/b_rook|black_sq|b_pawn|black_sq|white_sq|black_sq|white_sq|black_sq/b_pawn|w_knight|black_sq|white_sq|black_sq|white_sq|w_pawn|w_pawn/white_sq|black_sq|white_sq|black_sq|white_sq|w_pawn|white_sq|black_sq/black_sq|b_knight|black_sq|white_sq|black_sq|white_sq|w_pawn|w_knight/white_sq|black_sq|white_sq|black_sq|white_sq|black_sq|w_pawn|black_sq/w_rook|white_sq|w_bishop|w_queen|w_king|w_bishop|black_sq|w_rook
psup_w_018,q3,0,"[[3, 2]]",8,8,b_rook|black_sq|b_bishop|b_queen|b_king|b_bishop|b_knight|b_rook/b_pawn|b_pawn|b_pawn|b_pawn|b_pawn|w_pawn|b_pawn|white_sq/white_sq|black_sq|b_knight|w_pawn|white_sq|black_sq|white_sq|black_sq/black_sq|white_sq|w_pawn|white_sq|black_sq|b_pawn|black_sq|b_pawn/white_sq|black_sq|white_sq|black_sq|w_pawn|black_sq|white_sq|black_sq/black_sq|white_sq|black_sq|white_sq|black_sq|w_pawn|black_sq|white_sq/white_sq|black_sq|white_sq|black_sq|white_sq|black_sq|white_sq|black_sq/w_rook|w_knight|w_bishop|w_queen|w_king|w_bishop|w_knight|w_rook
psup_w_019,q3,0,"[[2, 5]]",8,8,white_sq|b_rook|b_bishop|black_sq|white_sq|b_queen|white_sq|black_sq/black_sq|white_sq|w_queen|white_sq|b_pawn|b_king|black_sq|white_sq/b_knight|black_sq|b_pawn|black_sq|white_sq|w_pawn|w_pawn|b_pawn/black_sq|white_sq|black_sq|white_sq|black_sq|b_pawn|w_pawn|white_sq/white_sq|black_sq|white_sq|black_sq|b_pawn|w_knight|white_sq|b_rook/w_rook|white_sq|black_sq|w_rook|black_sq|w_knight|black_sq|w_pawn/white_sq|black_sq|w_king|black_sq|w_bishop|b_knight|white_sq|black_sq/black_sq|white_sq|w_bishop|white_sq|black_sq|white_sq|black_sq|w_pawn
psup_w_020,q3,0,"[[2, 5]]",8,8,white_sq|black_sq|b_rook|black_sq|white_sq|b_bishop|white_sq|black_sq/b_pawn|b_pawn|b_pawn|b_king|black_sq|b_pawn|w_pawn|b_rook/b_knight|black_sq|white_sq|b_pawn|white_sq|w_pawn|b_pawn|b_pawn/black_sq|white_sq|black_sq|b_pawn|black_sq|white_sq|w_pawn|b_knight/white_sq|black_sq|white_sq|w_king|white_sq|black_sq|b_bishop|w_pawn/black_sq|white_sq|black_sq|white_sq|black_sq|white_sq|black_sq|w_pawn/white_sq|w_bishop|white_sq|black_sq|white_sq|black_sq|white_sq|black_sq/black_sq|w_rook|black_sq|w_queen|black_sq|w_bishop|w_knight|w_rook
psup_w_021,q3,0,"[[3, 4]]",8,8,white_sq|black_sq|b_queen|black_sq|white_sq|black_sq|white_sq|b_rook/b_pawn|b_rook|b_pawn|b_king|black_sq|white_sq|black_sq|w_pawn/white_sq|black_sq|white_sq|black_sq|b_pawn|b_pawn|w_pawn|b_pawn/black_sq|b_pawn|black_sq|b_pawn|w_pawn|w_bishop|b_pawn|w_pawn/white_sq|black_sq|white_sq|black_sq|white_sq|w_knight|white_sq|black_sq/black_sq|white_sq|black_sq|white_sq|b_knight|white_sq|w_bishop|w_pawn/white_sq|w_rook|white_sq|black_sq|b_bishop|black_sq|white_sq|black_sq/black_sq|b_knight|black_sq|white_sq|w_king|white_sq|w_knight|w_rook
psup_w_022,q3,0,"[[1, 1]]",8,8,white_sq|black_sq|white_sq|b_rook|white_sq|b_king|white_sq|b_rook/black_sq|w_pawn|w_pawn|white_sq|black_sq|b_pawn|b_bishop|b_pawn/b_pawn|b_pawn|white_sq|b_pawn|w_pawn|black_sq|b_pawn|black_sq/black_sq|white_sq|black_sq|b_bishop|black_sq|white_sq|black_sq|b_knight/white_sq|black_sq|white_sq|black_sq|white_sq|w_knight|b_queen|black_sq/black_sq|white_sq|w_knight|b_pawn|black_sq|white_sq|black_sq|white_sq/white_sq|black_sq|white_sq|w_pawn|white_sq|w_pawn|white_sq|black_sq/black_sq|w_rook|w_bishop|b_knight|w_king|w_rook|black_sq|white_sq
psup_w_023,q3,0,"[[2, 4]]",8,8,b_rook|black_sq|b_bishop|black_sq|b_king|black_sq|w_pawn|b_rook/b_pawn|b_pawn|black_sq|white_sq|b_pawn|b_pawn|w_pawn|white_sq/white_sq|black_sq|b_pawn|black_sq|w_pawn|black_sq|white_sq|black_sq/black_sq|white_sq|b_knight|white_sq|black_sq|white_sq|black_sq|b_pawn/white_sq|black_sq|white_sq|black_sq|white_sq|black_sq|white_sq|w_bishop/w_queen|white_sq|black_sq|white_sq|black_sq|w_pawn|black_sq|white_sq/w_rook|black_sq|white_sq|black_sq|w_king|black_sq|white_sq|w_rook/black_sq|white_sq|b_bishop|white_sq|black_sq|w_bishop|black_sq|w_pawn
psup_w_024,q3,1,"[[4, 1]]",8,8,b_rook|b_knight|b_bishop|b_queen|b_king|b_bishop|b_knight|b_rook/b_pawn|b_pawn|black_sq|b_pawn|b_pawn|b_pawn|b_pawn|b_pawn/white_sq|black_sq|white_sq|black_sq|white_sq|black_sq|white_sq|black_sq/black_sq|white_sq|b_pawn|white_sq|black_sq|white_sq|w_pawn|white_sq/white_sq|w_pawn|w_pawn|black_sq|white_sq|black_sq|white_sq|black_sq/black_sq|white_sq|w_pawn|white_sq|black_sq|w_knight|black_sq|white_sq/white_sq|black_sq|white_sq|black_sq|white_sq|black_sq|white_sq|w_pawn/w_rook|w_knight|w_bishop|w_queen|w_king|w_bishop|black_sq|w_rook
psup_w_025,q3,0,"[[2, 5]]",8,8,white_sq|black_sq|white_sq|black_sq|white_sq|black_sq|b_knight|w_pawn/black_sq|white_sq|black_sq|white_sq|b_bishop|b_king|black_sq|b_pawn/b_rook|black_sq|white_sq|black_sq|white_sq|w_pawn|white_sq|black_sq/black_sq|white_sq|black_sq|w_bishop|black_sq|b_pawn|black_sq|white_sq/b_pawn|black_sq|white_sq|black_sq|white_sq|black_sq|b_pawn|w_rook/black_sq|white_sq|black_sq|b_pawn|b_pawn|white_sq|black_sq|w_pawn/white_sq|black_sq|white_sq|black_sq|white_sq|black_sq|w_pawn|black_sq/black_sq|white_sq|w_rook|white_sq|w_king|white_sq|w_pawn|white_sq
psup_w_026,q3,0,"[[3, 0]]",8,8,white_sq|black_sq|white_sq|black_sq|white_sq|black_sq|w_pawn|black_sq/b_rook|white_sq|black_sq|white_sq|black_sq|b_pawn|b_bishop|b_pawn/white_sq|black_sq|b_pawn|black_sq|white_sq|black_sq|w_pawn|black_sq/w_pawn|white_sq|b_queen|white_sq|black_sq|white_sq|black_sq|white_sq/white_sq|w_pawn|white_sq|black_sq|w_pawn|b_king|w_knight|black_sq/b_pawn|white_sq|black_sq|white_sq|black_sq|white_sq|b_knight|white_sq/white_sq|black_sq|white_sq|black_sq|white_sq|black_sq|w_bishop|black_sq/black_sq|w_knight|black_sq|white_sq|w_king|white_sq|black_sq|white_sq
psup_w_027,q3,1,"[[4, 5]]",8,8,b_rook|black_sq|white_sq|black_sq|w_knight|black_sq|b_king|black_sq/w_knight|b_bishop|black_sq|white_sq|black_sq|w_rook|w_pawn|white_sq/b_knight|b_pawn|white_sq|black_sq|white_sq|black_sq|white_sq|w_pawn/black_sq|white_sq|black_sq|b_pawn|black_sq|white_sq|black_sq|w_pawn/b_pawn|b_pawn|white_sq|black_sq|white_sq|w_pawn|b_pawn|black_sq/black_sq|white_sq|black_sq|w_queen|w_king|white_sq|black_sq|white_sq/white_sq|black_sq|white_sq|black_sq|white_sq|black_sq|white_sq|b_rook/w_bishop|w_rook|black_sq|white_sq|black_sq|w_bishop|w_pawn|white_sq
psup_w_028,q3,0,"[[1, 4]]",8,8,white_sq|b_knight|white_sq|black_sq|white_sq|b_rook|white_sq|black_sq/b_pawn|b_pawn|black_sq|white_sq|w_pawn|white_sq|w_pawn|white_sq/white_sq|black_sq|white_sq|b_pawn|white_sq|black_sq|white_sq|b_rook/black_sq|b_pawn|black_sq|b_king|black_sq|b_bishop|black_sq|white_sq/white_sq|black_sq|white_sq|black_sq|white_sq|black_sq|white_sq|w_pawn/black_sq|white_sq|black_sq|white_sq|black_sq|w_pawn|black_sq|w_rook/w_rook|w_king|white_sq|black_sq|white_sq|black_sq|white_sq|w_bishop/black_sq|white_sq|black_sq|white_sq|w_queen|w_bishop|black_sq|w_pawn
psup_w_029,q3,1,"[[4, 5]]",8,8,b_rook|black_sq|white_sq|b_queen|b_king|b_bishop|b_knight|b_rook/black_sq|white_sq|black_sq|b_knight|b_pawn|white_sq|w_pawn|w_pawn/white_sq|black_sq|white_sq|w_bishop|white_sq|black_sq|b_pawn|b_pawn/b_pawn|white_sq|black_sq|white_sq|black_sq|white_sq|black_sq|w_pawn/b_pawn|black_sq|white_sq|black_sq|b_pawn|w_pawn|w_pawn|black_sq/black_sq|white_sq|w_rook|white_sq|black_sq|b_bishop|black_sq|white_sq/white_sq|black_sq|white_sq|black_sq|white_sq|black_sq|white_sq|black_sq/black_sq|white_sq|black_sq|w_queen|w_king|w_bishop|w_knight|white_sq
psup_w_030,q3,0,"[[0, 3]]",8,8,b_rook|black_sq|b_bishop|w_pawn|b_king|black_sq|w_pawn|black_sq/black_sq|white_sq|b_pawn|b_queen|w_bishop|w_pawn|black_sq|w_pawn/b_pawn|b_pawn|b_knight|black_sq|white_sq|black_sq|white_sq|b_rook/black_sq|white_sq|black_sq|white_sq|w_knight|b_pawn|b_pawn|white_sq/white_sq|black_sq|white_sq|black_sq|b_knight|black_sq|white_sq|b_pawn/black_sq|white_sq|black_sq|white_sq|w_pawn|white_sq|black_sq|white_sq/white_sq|black_sq|white_sq|black_sq|white_sq|black_sq|white_sq|black_sq/w_rook|w_knight|w_queen|white_sq|w_king|w_bishop|w_rook|white_sq
psup_w_031,q3,0,"[[2, 5]]",8,8,b_rook|black_sq|b_bishop|b_queen|b_king|b_bishop|white_sq|b_rook/b_pawn|white_sq|black_sq|white_sq|b_pawn|b_pawn|w_pawn|b_pawn/white_sq|black_sq|b_pawn|black_sq|white_sq|w_pawn|w_bishop|b_knight/black_sq|b_pawn|black_sq|b_pawn|b_knight|white_sq|b_pawn|w_pawn/w_queen|black_sq|white_sq|black_sq|white_sq|black_sq|white_sq|w_pawn/black_sq|white_sq|black_sq|white_sq|black_sq|white_sq|black_sq|white_sq/white_sq|black_sq|white_sq|black_sq|w_king|black_sq|white_sq|w_pawn/w_rook|w_knight|w_bishop|white_sq|black_sq|white_sq|w_knight|w_rook
psup_w_032,q3,0,"[[3, 4]]",8,8,white_sq|black_sq|b_bishop|b_queen|b_king|b_bishop|b_knight|b_rook/black_sq|b_pawn|black_sq|b_pawn|b_pawn|b_pawn|b_pawn|b_pawn/b_rook|black_sq|b_pawn|black_sq|white_sq|black_sq|white_sq|black_sq/b_pawn|w_knight|black_sq|white_sq|w_pawn|white_sq|w_pawn|w_pawn/white_sq|black_sq|white_sq|black_sq|white_sq|black_sq|w_pawn|black_sq/black_sq|b_knight|black_sq|white_sq|black_sq|white_sq|black_sq|w_knight/white_sq|black_sq|white_sq|black_sq|white_sq|black_sq|white_sq|w_pawn/w_rook|white_sq|w_bishop|w_queen|w_king|w_bishop|black_sq|w_rook
psup_w_033,q3,0,"[[2, 0]]",8,8,white_sq|b_rook|b_rook|black_sq|white_sq|black_sq|white_sq|b_queen/w_knight|b_bishop|black_sq|white_sq|black_sq|b_king|black_sq|white_sq/w_pawn|black_sq|b_pawn|b_knight|white_sq|black_sq|white_sq|black_sq/black_sq|white_sq|w_pawn|b_pawn|black_sq|white_sq|b_pawn|white_sq/white_sq|b_pawn|white_sq|black_sq|white_sq|b_pawn|white_sq|w_pawn/black_sq|white_sq|b_bishop|white_sq|black_sq|w_pawn|black_sq|white_sq/white_sq|black_sq|white_sq|black_sq|w_pawn|w_king|white_sq|black_sq/w_queen|white_sq|black_sq|w_knight|black_sq|w_bishop|w_rook|white_sq
psup_w_034,q3,1,"[[4, 3]]",8,8,b_rook|b_knight|b_bishop|b_queen|b_king|b_bishop|white_sq|b_rook/b_pawn|b_pawn|b_pawn|b_pawn|w_pawn|b_pawn|b_pawn|b_pawn/white_sq|black_sq|white_sq|black_sq|b_pawn|black_sq|white_sq|w_pawn/black_sq|white_sq|black_sq|white_sq|w_pawn|white_sq|black_sq|w_queen/white_sq|black_sq|white_sq|w_pawn|white_sq|black_sq|b_knight|black_sq/black_sq|white_sq|black_sq|white_sq|black_sq|white_sq|black_sq|white_sq/white_sq|black_sq|white_sq|black_sq|white_sq|w_pawn|white_sq|black_sq/w_rook|w_knight|w_bishop|white_sq|w_king|w_bishop|w_knight|w_rook
psup_w_035,q3,0,"[[0, 2]]",8,8,white_sq|black_sq|w_pawn|b_rook|white_sq|black_sq|white_sq|black_sq/w_bishop|white_sq|black_sq|white_sq|black_sq|b_king|black_sq|white_sq/white_sq|black_sq|white_sq|black_sq|w_pawn|black_sq|white_sq|b_pawn/black_sq|white_sq|w_knight|white_sq|black_sq|b_bishop|w_pawn|white_sq/white_sq|b_pawn|white_sq|black_sq|white_sq|black_sq|b_rook|b_pawn/black_sq|white_sq|black_sq|white_sq|w_pawn|white_sq|black_sq|white_sq/white_sq|black_sq|white_sq|black_sq|w_pawn|w_king|white_sq|black_sq/w_rook|white_sq|black_sq|w_knight|black_sq|w_bishop|black_sq|white_sq
psup_w_036,q3,1,"[[4, 5]]",8,8,b_rook|black_sq|b_queen|black_sq|b_king|b_bishop|w_pawn|b_rook/black_sq|b_pawn|b_pawn|b_bishop|b_pawn|b_pawn|black_sq|b_pawn/b_pawn|black_sq|b_knight|black_sq|white_sq|black_sq|white_sq|b_knight/black_sq|white_sq|black_sq|b_pawn|black_sq|white_sq|b_pawn|white_sq/w_knight|black_sq|white_sq|black_sq|white_sq|w_pawn|w_pawn|black_sq/black_sq|white_sq|black_sq|white_sq|black_sq|white_sq|black_sq|white_sq/white_sq|black_sq|white_sq|w_bishop|white_sq|black_sq|w_pawn|w_pawn/w_rook|white_sq|black_sq|w_queen|w_king|w_bishop|w_knight|w_rook
psup_w_037,q3,0,"[[2, 1]]",8,8,white_sq|black_sq|white_sq|black_sq|b_king|b_bishop|white_sq|black_sq/black_sq|white_sq|b_rook|white_sq|black_sq|b_pawn|b_knight|b_pawn/b_pawn|w_pawn|white_sq|b_pawn|white_sq|black_sq|white_sq|black_sq/black_sq|b_pawn|b_pawn|white_sq|b_pawn|b_bishop|b_queen|w_pawn/white_sq|black_sq|white_sq|black_sq|white_sq|b_knight|white_sq|black_sq/black_sq|w_knight|black_sq|white_sq|black_sq|w_pawn|black_sq|w_rook/white_sq|black_sq|w_pawn|w_pawn|w_king|black_sq|white_sq|black_sq/black_sq|w_rook|w_bishop|w_queen|black_sq|w_bishop|w_knight|white_sq
psup_w_038,q3,0,"[[3, 1]]",8,8,white_sq|black_sq|b_bishop|b_queen|white_sq|b_bishop|b_knight|b_rook/b_rook|white_sq|black_sq|b_pawn|b_king|white_sq|b_pawn|b_pawn/white_sq|b_pawn|white_sq|black_sq|white_sq|w_queen|white_sq|black_sq/b_pawn|w_pawn|b_knight|white_sq|b_pawn|white_sq|w_pawn|white_sq/white_sq|black_sq|w_pawn|black_sq|b_pawn|black_sq|white_sq|w_king/black_sq|white_sq|w_pawn|white_sq|black_sq|white_sq|w_pawn|white_sq/white_sq|black_sq|white_sq|black_sq|w_bishop|black_sq|white_sq|black_sq/w_rook|w_knight|w_bishop|white_sq|black_sq|white_sq|w_knight|w_rook
psup_w_039,q3,0,"[[3, 1]]",8,8,white_sq|b_knight|white_sq|black_sq|b_king|black_sq|b_knight|b_rook/b_rook|white_sq|black_sq|b_pawn|b_queen|white_sq|black_sq|b_pawn/b_bishop|b_pawn|b_pawn|black_sq|white_sq|black_sq|b_pawn|black_sq/black_sq|w_pawn|black_sq|w_knight|b_pawn|white_sq|black_sq|white_sq/b_pawn|black_sq|white_sq|w_pawn|white_sq|b_bishop|b_pawn|black_sq/black_sq|white_sq|black_sq|white_sq|black_sq|white_sq|w_pawn|white_sq/white_sq|black_sq|white_sq|w_pawn|w_bishop|black_sq|white_sq|black_sq/w_rook|white_sq|w_bishop|white_sq|w_king|w_pawn|w_knight|w_rook
psup_w_040,q3,1,"[[4, 0]]",8,8,white_sq|black_sq|b_bishop|w_pawn|white_sq|b_knight|b_king|b_bishop/black_sq|white_sq|black_sq|w_rook|black_sq|white_sq|black_sq|white_sq/white_sq|black_sq|b_pawn|black_sq|b_rook|black_sq|white_sq|black_sq/black_sq|white_sq|black_sq|w_pawn|b_pawn|w_pawn|b_queen|white_sq/w_pawn|black_sq|white_sq|black_sq|white_sq|black_sq|white_sq|black_sq/w_knight|white_sq|black_sq|white_sq|black_sq|white_sq|w_pawn|white_sq/white_sq|black_sq|white_sq|w_bishop|white_sq|black_sq|white_sq|black_sq/black_sq|white_sq|w_queen|white_sq|w_king|white_sq|black_sq|white_sq
psup_w_041,q3,0,"[[3, 3]]",8,8,white_sq|black_sq|white_sq|b_king|white_sq|w_pawn|white_sq|w_pawn/black_sq|white_sq|black_sq|white_sq|black_sq|b_bishop|black_sq|white_sq/b_queen|b_rook|white_sq|black_sq|white_sq|black_sq|b_pawn|b_knight/black_sq|b_rook|black_sq|w_pawn|b_pawn|w_rook|black_sq|b_pawn/white_sq|black_sq|b_pawn|black_sq|white_sq|black_sq|white_sq|black_sq/black_sq|white_sq|w_knight|white_sq|black_sq|white_sq|black_sq|white_sq/white_sq|black_sq|w_king|black_sq|white_sq|w_pawn|white_sq|black_sq/black_sq|white_sq|black_sq|white_sq|black_sq|white_sq|w_pawn|white_sq
psup_w_042,q3,1,"[[6, 5]]",8,8,b_rook|b_knight|b_bishop|b_queen|b_king|b_bishop|b_knight|b_rook/b_pawn|b_pawn|b_pawn|b_pawn|black_sq|b_pawn|b_pawn|b_pawn/white_sq|black_sq|white_sq|black_sq|white_sq|black_sq|white_sq|black_sq/black_sq|white_sq|black_sq|white_sq|b_pawn|white_sq|w_pawn|white_sq/white_sq|black_sq|white_sq|black_sq|white_sq|black_sq|white_sq|black_sq/black_sq|white_sq|black_sq|white_sq|black_sq|white_sq|black_sq|w_pawn/white_sq|black_sq|white_sq|black_sq|white_sq|w_pawn|w_pawn|w_pawn/w_rook|w_knight|w_bishop|w_queen|w_king|w_bishop|w_knight|w_rook
psup_w_043,q3,1,"[[4, 1]]",8,8,b_rook|black_sq|white_sq|black_sq|white_sq|w_pawn|white_sq|b_rook/black_sq|w_knight|black_sq|b_king|black_sq|white_sq|black_sq|b_pawn/white_sq|black_sq|white_sq|black_sq|b_knight|black_sq|b_pawn|black_sq/black_sq|white_sq|black_sq|w_pawn|b_pawn|white_sq|black_sq|w_pawn/white_sq|w_pawn|white_sq|black_sq|white_sq|black_sq|w_king|black_sq/black_sq|white_sq|b_pawn|b_pawn|black_sq|w_pawn|black_sq|white_sq/white_sq|black_sq|white_sq|black_sq|w_knight|black_sq|white_sq|black_sq/black_sq|white_sq|w_bishop|white_sq|black_sq|white_sq|w_rook|white_sq
psup_w_044,q3,1,"[[6, 2]]",8,8,white_sq|b_rook|b_bishop|b_king|white_sq|b_rook|white_sq|black_sq/black_sq|b_pawn|black_sq|white_sq|w_pawn|white_sq|b_pawn|b_pawn/white_sq|w_rook|white_sq|b_bishop|white_sq|b_pawn|white_sq|black_sq/b_pawn|white_sq|b_pawn|white_sq|b_pawn|white_sq|black_sq|white_sq/white_sq|black_sq|white_sq|black_sq|white_sq|w_knight|white_sq|black_sq/black_sq|white_sq|black_sq|white_sq|w_pawn|w_queen|b_knight|white_sq/white_sq|black_sq|w_pawn|w_pawn|white_sq|black_sq|white_sq|w_rook/black_sq|w_knight|w_bishop|w_pawn|w_king|white_sq|black_sq|white_sq
psup_w_045,q3,1,"[[4, 2]]",8,8,b_bishop|black_sq|white_sq|black_sq|white_sq|b_bishop|b_rook|black_sq/black_sq|b_king|black_sq|b_pawn|b_pawn|white_sq|b_pawn|white_sq/white_sq|black_sq|white_sq|black_sq|white_sq|black_sq|white_sq|black_sq/black_sq|white_sq|b_pawn|white_sq|black_sq|white_sq|black_sq|white_sq/white_sq|b_knight|w_pawn|black_sq|white_sq|w_pawn|w_knight|black_sq/black_sq|white_sq|w_knight|white_sq|black_sq|white_sq|black_sq|w_rook/white_sq|black_sq|white_sq|black_sq|white_sq|black_sq|w_queen|w_pawn/black_sq|white_sq|black_sq|w_king|black_sq|white_sq|w_pawn|w_pawn
psup_w_046,q3,0,"[[1, 3]]",8,8,b_rook|b_knight|white_sq|black_sq|white_sq|w_pawn|b_rook|black_sq/b_pawn|b_bishop|black_sq|w_pawn|w_pawn|white_sq|b_queen|b_pawn/white_sq|black_sq|white_sq|black_sq|b_king|b_knight|white_sq|b_bishop/black_sq|white_sq|black_sq|b_pawn|black_sq|white_sq|black_sq|white_sq/white_sq|black_sq|white_sq|black_sq|white_sq|w_pawn|white_sq|black_sq/black_sq|white_sq|black_sq|w_bishop|black_sq|w_knight|w_pawn|white_sq/white_sq|black_sq|white_sq|w_king|white_sq|black_sq|white_sq|black_sq/black_sq|white_sq|black_sq|white_sq|w_rook|white_sq|black_sq|w_rook
psup_w_047,q3,0,"[[2, 1]]",8,8,white_sq|black_sq|white_sq|black_sq|white_sq|black_sq|b_king|black_sq/b_rook|white_sq|w_pawn|w_knight|black_sq|white_sq|black_sq|white_sq/white_sq|w_pawn|white_sq|black_sq|b_knight|black_sq|b_pawn|b_pawn/b_pawn|b_pawn|black_sq|white_sq|black_sq|b_pawn|black_sq|w_bishop/white_sq|black_sq|w_pawn|w_pawn|white_sq|black_sq|b_knight|black_sq/black_sq|white_sq|black_sq|white_sq|black_sq|white_sq|black_sq|white_sq/white_sq|black_sq|white_sq|w_knight|white_sq|black_sq|b_bishop|black_sq/w_rook|white_sq|black_sq|w_pawn|w_king|white_sq|black_sq|white_sq
psup_w_048,q3,1,"[[4, 0]]",8,8,w_knight|black_sq|b_bishop|b_king|white_sq|black_sq|w_pawn|b_rook/black_sq|white_sq|black_sq|white_sq|black_sq|white_sq|black_sq|b_queen/white_sq|b_pawn|white_sq|b_bishop|b_pawn|black_sq|w_pawn|black_sq/b_pawn|white_sq|black_sq|white_sq|black_sq|white_sq|black_sq|b_pawn/w_pawn|black_sq|w_pawn|b_pawn|w_king|b_pawn|w_pawn|black_sq/black_sq|white_sq|black_sq|white_sq|black_sq|white_sq|black_sq|white_sq/w_queen|black_sq|white_sq|black_sq|white_sq|black_sq|white_sq|w_rook/black_sq|white_sq|w_bishop|white_sq|black_sq|white_sq|w_knight|w_rook
psup_w_049,q3,1,"[[4, 4]]",8,8,white_sq|black_sq|white_sq|b_rook|white_sq|black_sq|white_sq|black_sq/black_sq|white_sq|b_pawn|white_sq|b_bishop|b_pawn|black_sq|w_pawn/white_sq|b_rook|b_knight|black_sq|white_sq|black_sq|white_sq|black_sq/black_sq|b_pawn|b_king|white_sq|w_bishop|w_pawn|b_pawn|white_sq/white_sq|b_pawn|white_sq|black_sq|w_pawn|black_sq|w_pawn|black_sq/black_sq|w_king|black_sq|white_sq|black_sq|b_pawn|black_sq|white_sq/white_sq|black_sq|w_rook|black_sq|white_sq|black_sq|white_sq|black_sq/black_sq|white_sq|black_sq|w_rook|b_knight|w_knight|black_sq|w_pawn
psup_w_050,q3,1,"[[6, 1]]",8,8,white_sq|black_sq|b_rook|black_sq|white_sq|b_rook|b_king|black_sq/b_pawn|b_bishop|black_sq|b_pawn|black_sq|white_sq|black_sq|b_pawn/white_sq|b_pawn|white_sq|black_sq|b_pawn|black_sq|b_pawn|b_bishop/b_knight|white_sq|b_pawn|white_sq|black_sq|white_sq|black_sq|white_sq/white_sq|black_sq|white_sq|black_sq|white_sq|black_sq|white_sq|b_queen/w_knight|white_sq|black_sq|white_sq|w_pawn|white_sq|black_sq|white_sq/white_sq|w_pawn|white_sq|black_sq|w_pawn|w_pawn|white_sq|w_queen/w_rook|white_sq|w_bishop|w_king|w_pawn|w_bishop|w_knight|w_rook
psup_w_051,q3,0,"[[2, 0]]",8,8,b_rook|b_knight|b_bishop|b_queen|b_king|black_sq|b_knight|b_rook/b_pawn|white_sq|b_pawn|b_pawn|black_sq|b_pawn|b_pawn|white_sq/w_pawn|black_sq|white_sq|black_sq|b_pawn|black_sq|w_pawn|w_bishop/black_sq|b_pawn|black_sq|white_sq|black_sq|white_sq|w_pawn|white_sq/white_sq|b_bishop|white_sq|black_sq|white_sq|black_sq|white_sq|black_sq/black_sq|white_sq|w_knight|white_sq|black_sq|w_pawn|black_sq|white_sq/white_sq|black_sq|white_sq|w_queen|white_sq|black_sq|white_sq|w_pawn/w_rook|white_sq|black_sq|white_sq|w_king|w_bishop|w_knight|w_rook
psup_w_052,q3,0,"[[3, 5]]",8,8,white_sq|black_sq|white_sq|black_sq|white_sq|b_knight|white_sq|black_sq/b_rook|white_sq|b_queen|white_sq|b_king|white_sq|black_sq|white_sq/b_pawn|black_sq|white_sq|b_pawn|white_sq|b_pawn|b_pawn|b_rook/black_sq|white_sq|black_sq|white_sq|b_pawn|w_pawn|b_knight|b_pawn/white_sq|black_sq|white_sq|black_sq|b_bishop|black_sq|w_pawn|black_sq/black_sq|w_queen|black_sq|b_pawn|black_sq|white_sq|w_pawn|white_sq/white_sq|black_sq|w_king|w_bishop|white_sq|w_rook|w_pawn|black_sq/w_rook|w_knight|black_sq|white_sq|black_sq|w_bishop|w_knight|w_pawn
psup_w_053,q3,0,"[[3, 4]]",8,8,white_sq|black_sq|white_sq|black_sq|white_sq|black_sq|w_pawn|black_sq/b_rook|white_sq|black_sq|white_sq|black_sq|b_pawn|b_bishop|b_pawn/white_sq|black_sq|b_pawn|black_sq|white_sq|black_sq|white_sq|black_sq/black_sq|white_sq|b_queen|white_sq|w_pawn|white_sq|black_sq|w_pawn/white_sq|black_sq|white_sq|black_sq|white_sq|b_king|w_knight|black_sq/b_pawn|white_sq|black_sq|white_sq|black_sq|white_sq|b_knight|white_sq/white_sq|black_sq|white_sq|black_sq|white_sq|w_pawn|w_bishop|black_sq/black_sq|w_knight|black_sq|white_sq|w_king|w_pawn|black_sq|white_sq
psup_w_054,q3,1,"[[5, 2]]",8,8,white_sq|b_knight|b_bishop|b_queen|b_king|black_sq|b_knight|black_sq/black_sq|b_rook|black_sq|white_sq|b_pawn|white_sq|black_sq|white_sq/b_pawn|black_sq|b_pawn|black_sq|white_sq|black_sq|white_sq|black_sq/black_sq|white_sq|b_rook|b_pawn|w_knight|white_sq|b_pawn|b_pawn/white_sq|black_sq|w_knight|black_sq|w_queen|b_pawn|white_sq|black_sq/black_sq|white_sq|w_pawn|w_pawn|b_bishop|white_sq|w_pawn|white_sq/w_rook|black_sq|white_sq|black_sq|white_sq|w_pawn|w_bishop|black_sq/black_sq|white_sq|black_sq|white_sq|w_king|w_pawn|black_sq|w_rook
psup_w_055,q3,1,"[[4, 3]]",8,8,white_sq|black_sq|white_sq|black_sq|white_sq|b_king|w_pawn|b_rook/b_rook|white_sq|black_sq|white_sq|black_sq|b_pawn|b_bishop|white_sq/white_sq|b_queen|white_sq|b_pawn|white_sq|black_sq|white_sq|w_queen/b_pawn|white_sq|black_sq|white_sq|black_sq|w_pawn|black_sq|b_knight/white_sq|black_sq|white_sq|w_pawn|white_sq|w_pawn|white_sq|black_sq/black_sq|white_sq|black_sq|white_sq|black_sq|white_sq|b_knight|white_sq/white_sq|w_bishop|white_sq|black_sq|white_sq|black_sq|w_pawn|black_sq/black_sq|w_rook|black_sq|w_king|black_sq|white_sq|w_knight|white_sq
psup_w_056,q3,0,"[[2, 0]]",8,8,white_sq|black_sq|b_knight|b_king|white_sq|b_rook|white_sq|black_sq/black_sq|b_rook|black_sq|w_pawn|black_sq|white_sq|b_bishop|w_queen/w_pawn|black_sq|b_pawn|black_sq|white_sq|black_sq|white_sq|black_sq/b_pawn|white_sq|black_sq|white_sq|w_bishop|w_pawn|black_sq|b_pawn/white_sq|black_sq|white_sq|b_pawn|white_sq|black_sq|w_pawn|black_sq/black_sq|white_sq|black_sq|white_sq|w_pawn|white_sq|black_sq|w_knight/w_rook|black_sq|white_sq|black_sq|white_sq|w_rook|white_sq|black_sq/black_sq|white_sq|black_sq|white_sq|w_king|white_sq|black_sq|w_bishop
psup_w_057,q3,1,"[[6, 2]]",8,8,white_sq|black_sq|white_sq|w_pawn|white_sq|black_sq|white_sq|b_rook/b_pawn|white_sq|b_king|white_sq|b_knight|white_sq|black_sq|b_pawn/white_sq|black_sq|white_sq|black_sq|white_sq|black_sq|b_pawn|black_sq/black_sq|b_rook|w_rook|white_sq|black_sq|white_sq|black_sq|w_pawn/white_sq|black_sq|white_sq|b_pawn|white_sq|w_pawn|white_sq|black_sq/b_bishop|white_sq|black_sq|white_sq|black_sq|white_sq|b_queen|white_sq/white_sq|black_sq|w_pawn|black_sq|white_sq|black_sq|white_sq|black_sq/black_sq|white_sq|black_sq|white_sq|w_pawn|white_sq|w_knight|w_king
psup_w_058,q3,1,"[[7, 3]]",8,8,white_sq|b_knight|white_sq|black_sq|white_sq|b_king|white_sq|b_rook/b_pawn|white_sq|black_sq|white_sq|b_rook|white_sq|black_sq|white_sq/w_rook|black_sq|white_sq|black_sq|b_pawn|b_bishop|white_sq|b_pawn/black_sq|white_sq|b_pawn|white_sq|w_pawn|w_pawn|b_pawn|white_sq/white_sq|black_sq|white_sq|b_pawn|white_sq|black_sq|w_pawn|black_sq/black_sq|white_sq|black_sq|white_sq|black_sq|white_sq|b_knight|white_sq/white_sq|black_sq|w_queen|black_sq|w_pawn|w_knight|white_sq|black_sq/black_sq|white_sq|w_bishop|w_pawn|w_king|white_sq|w_knight|white_sq
psup_w_059,q3,0,"[[0, 2]]",8,8,white_sq|black_sq|w_pawn|black_sq|white_sq|black_sq|white_sq|b_rook/black_sq|white_sq|b_king|b_rook|black_sq|white_sq|b_bishop|b_pawn/b_bishop|b_pawn|white_sq|w_pawn|b_pawn|b_knight|white_sq|black_sq/w_bishop|w_bishop|black_sq|b_pawn|black_sq|b_pawn|b_knight|white_sq/white_sq|w_queen|white_sq|black_sq|white_sq|black_sq|b_pawn|black_sq/black_sq|white_sq|black_sq|w_pawn|black_sq|w_pawn|black_sq|white_sq/white_sq|black_sq|white_sq|w_king|w_pawn|black_sq|white_sq|black_sq/w_rook|w_knight|black_sq|white_sq|black_sq|white_sq|w_knight|w_rook
psup_w_060,q3,1,"[[7, 3]]",8,8,white_sq|black_sq|white_sq|b_king|white_sq|black_sq|white_sq|b_rook/black_sq|white_sq|b_knight|white_sq|black_sq|w_pawn|b_bishop|b_rook/white_sq|black_sq|b_pawn|black_sq|w_pawn|b_pawn|white_sq|b_pawn/black_sq|white_sq|black_sq|white_sq|black_sq|b_knight|black_sq|w_queen/white_sq|w_rook|white_sq|b_pawn|white_sq|black_sq|w_pawn|w_pawn/black_sq|white_sq|w_knight|w_bishop|black_sq|white_sq|b_pawn|white_sq/white_sq|w_bishop|white_sq|black_sq|w_knight|black_sq|white_sq|w_rook/black_sq|white_sq|black_sq|w_pawn|black_sq|white_sq|w_king|white_sq
psup_w_061,q3,1,"[[6, 1]]",8,8,white_sq|black_sq|b_bishop|black_sq|white_sq|black_sq|white_sq|black_sq/black_sq|w_queen|black_sq|b_pawn|b_king|white_sq|w_pawn|white_sq/white_sq|black_sq|white_sq|black_sq|w_bishop|black_sq|b_queen|black_sq/black_sq|w_knight|w_pawn|b_pawn|black_sq|white_sq|black_sq|white_sq/b_pawn|black_sq|white_sq|black_sq|white_sq|w_bishop|white_sq|black_sq/black_sq|white_sq|black_sq|white_sq|black_sq|white_sq|black_sq|white_sq/white_sq|w_pawn|white_sq|black_sq|w_king|w_pawn|white_sq|black_sq/black_sq|white_sq|w_rook|white_sq|black_sq|white_sq|w_pawn|b_rook
psup_w_062,q3,1,"[[6, 5]]",8,8,b_rook|b_knight|b_bishop|b_queen|b_king|b_bishop|b_knight|b_rook/b_pawn|b_pawn|b_pawn|b_pawn|black_sq|b_pawn|b_pawn|b_pawn/white_sq|black_sq|white_sq|black_sq|white_sq|black_sq|w_pawn|black_sq/black_sq|white_sq|black_sq|white_sq|b_pawn|white_sq|black_sq|white_sq/white_sq|black_sq|white_sq|black_sq|white_sq|black_sq|w_pawn|w_pawn/w_knight|white_sq|black_sq|white_sq|black_sq|white_sq|w_pawn|white_sq/white_sq|black_sq|white_sq|black_sq|white_sq|w_pawn|white_sq|black_sq/w_rook|white_sq|w_bishop|w_queen|w_king|w_bishop|w_knight|w_rook
psup_w_063,q3,1,"[[6, 5]]",8,8,b_rook|b_knight|white_sq|b_queen|b_king|b_bishop|b_knight|black_sq/b_pawn|b_pawn|black_sq|b_bishop|b_pawn|white_sq|b_pawn|white_sq/white_sq|black_sq|b_pawn|b_pawn|white_sq|b_pawn|w_pawn|black_sq/black_sq|white_sq|black_sq|white_sq|black_sq|white_sq|black_sq|w_pawn/white_sq|black_sq|white_sq|black_sq|white_sq|black_sq|b_pawn|w_pawn/black_sq|white_sq|black_sq|white_sq|black_sq|w_knight|black_sq|white_sq/white_sq|w_bishop|white_sq|w_queen|w_king|w_pawn|white_sq|w_pawn/w_rook|w_knight|black_sq|white_sq|black_sq|w_bishop|w_rook|white_sq
psup_w_064,q3,0,"[[2, 5]]",8,8,white_sq|black_sq|b_bishop|black_sq|white_sq|b_bishop|white_sq|black_sq/black_sq|b_rook|black_sq|white_sq|b_king|white_sq|black_sq|white_sq/white_sq|b_queen|white_sq|b_pawn|b_pawn|w_pawn|b_pawn|w_pawn/b_pawn|b_pawn|black_sq|white_sq|black_sq|white_sq|black_sq|b_knight/white_sq|black_sq|white_sq|b_rook|white_sq|black_sq|white_sq|black_sq/black_sq|white_sq|black_sq|white_sq|w_king|white_sq|w_pawn|w_pawn/b_knight|w_bishop|white_sq|black_sq|white_sq|black_sq|w_bishop|w_pawn/black_sq|w_knight|black_sq|white_sq|black_sq|white_sq|black_sq|w_rook
psup_w_065,q3,0,"[[2, 0]]",8,8,b_rook|black_sq|white_sq|b_queen|b_king|b_bishop|b_knight|b_rook/black_sq|white_sq|black_sq|b_knight|b_pawn|white_sq|black_sq|white_sq/w_pawn|black_sq|white_sq|w_bishop|white_sq|black_sq|b_pawn|b_pawn/b_pawn|white_sq|black_sq|white_sq|black_sq|white_sq|black_sq|white_sq/b_pawn|black_sq|white_sq|black_sq|b_pawn|w_pawn|w_pawn|black_sq/black_sq|white_sq|w_rook|w_pawn|black_sq|b_bishop|black_sq|w_pawn/white_sq|black_sq|white_sq|black_sq|white_sq|black_sq|white_sq|black_sq/black_sq|white_sq|black_sq|w_queen|w_king|w_bishop|w_knight|white_sq
psup_w_066,q3,1,"[[5, 3]]",8,8,white_sq|b_knight|white_sq|black_sq|white_sq|b_king|white_sq|b_rook/b_pawn|white_sq|black_sq|white_sq|b_rook|white_sq|black_sq|white_sq/w_rook|black_sq|white_sq|black_sq|b_pawn|b_bishop|w_pawn|b_pawn/black_sq|white_sq|b_pawn|white_sq|w_pawn|white_sq|b_pawn|w_pawn/white_sq|black_sq|white_sq|b_pawn|white_sq|black_sq|white_sq|black_sq/black_sq|white_sq|black_sq|w_pawn|black_sq|w_pawn|b_knight|white_sq/white_sq|black_sq|w_queen|black_sq|white_sq|w_knight|white_sq|black_sq/black_sq|white_sq|w_bishop|white_sq|w_king|white_sq|w_knight|white_sq
psup_w_067,q3,0,"[[1, 1]]",8,8,white_sq|black_sq|white_sq|b_king|white_sq|b_bishop|b_rook|b_rook/b_queen|w_pawn|black_sq|white_sq|black_sq|white_sq|w_pawn|white_sq/b_bishop|black_sq|w_pawn|black_sq|white_sq|black_sq|white_sq|b_pawn/black_sq|white_sq|b_pawn|white_sq|black_sq|white_sq|b_pawn|w_pawn/white_sq|black_sq|white_sq|black_sq|white_sq|w_pawn|white_sq|black_sq/black_sq|white_sq|black_sq|white_sq|w_bishop|white_sq|black_sq|white_sq/white_sq|black_sq|w_rook|black_sq|white_sq|black_sq|white_sq|black_sq/black_sq|white_sq|black_sq|white_sq|w_king|w_bishop|w_knight|white_sq
psup_w_068,q3,1,"[[4, 1]]",8,8,b_rook|black_sq|b_bishop|black_sq|b_king|b_bishop|b_knight|b_rook/b_pawn|white_sq|black_sq|b_pawn|b_pawn|b_pawn|black_sq|white_sq/b_knight|black_sq|b_pawn|black_sq|white_sq|black_sq|b_pawn|b_pawn/black_sq|w_knight|w_pawn|white_sq|black_sq|white_sq|black_sq|white_sq/white_sq|w_pawn|white_sq|w_pawn|white_sq|black_sq|white_sq|b_queen/black_sq|white_sq|black_sq|white_sq|black_sq|white_sq|w_pawn|w_bishop/white_sq|black_sq|w_pawn|black_sq|white_sq|black_sq|white_sq|black_sq/w_rook|white_sq|w_bishop|w_queen|w_king|white_sq|w_knight|w_rook
psup_w_069,q3,1,"[[4, 1]]",8,8,b_rook|black_sq|b_queen|black_sq|b_king|b_bishop|white_sq|b_rook/black_sq|b_pawn|b_pawn|b_bishop|b_pawn|b_pawn|black_sq|b_pawn/b_pawn|black_sq|b_knight|w_pawn|white_sq|w_pawn|white_sq|b_knight/black_sq|white_sq|black_sq|b_pawn|black_sq|white_sq|b_pawn|white_sq/w_knight|w_pawn|white_sq|black_sq|white_sq|w_pawn|white_sq|black_sq/black_sq|white_sq|black_sq|white_sq|black_sq|white_sq|black_sq|white_sq/white_sq|black_sq|white_sq|w_bishop|white_sq|black_sq|w_pawn|black_sq/w_rook|white_sq|black_sq|w_queen|w_king|w_bishop|w_knight|w_rook
psup_w_070,q3,1,"[[6, 5]]",8,8,b_rook|black_sq|b_bishop|black_sq|white_sq|b_rook|b_king|w_pawn/w_queen|white_sq|black_sq|b_queen|b_bishop|white_sq|black_sq|b_pawn/white_sq|b_pawn|white_sq|b_pawn|white_sq|b_knight|b_pawn|w_pawn/black_sq|white_sq|b_pawn|white_sq|b_pawn|white_sq|black_sq|white_sq/white_sq|b_knight|white_sq|black_sq|white_sq|black_sq|white_sq|black_sq/black_sq|white_sq|w_knight|white_sq|black_sq|white_sq|black_sq|white_sq/white_sq|black_sq|white_sq|black_sq|w_knight|w_pawn|w_pawn|w_rook/w_rook|white_sq|w_bishop|w_king|black_sq|w_bishop|w_pawn|white_sq
psup_w_071,q3,0,"[[3, 2]]",8,8,white_sq|b_knight|white_sq|black_sq|white_sq|b_rook|white_sq|black_sq/b_pawn|b_pawn|black_sq|white_sq|black_sq|w_pawn|black_sq|white_sq/white_sq|black_sq|white_sq|b_pawn|w_pawn|w_pawn|white_sq|b_rook/black_sq|b_pawn|w_pawn|b_king|black_sq|b_bishop|black_sq|white_sq/white_sq|black_sq|white_sq|black_sq|white_sq|black_sq|white_sq|black_sq/black_sq|white_sq|black_sq|white_sq|black_sq|white_sq|w_pawn|w_rook/w_rook|w_king|white_sq|black_sq|white_sq|black_sq|white_sq|w_bishop/black_sq|white_sq|black_sq|white_sq|w_queen|w_bishop|black_sq|white_sq
psup_w_072,q3,0,"[[3, 3]]",8,8,b_rook|black_sq|b_bishop|black_sq|b_king|black_sq|white_sq|black_sq/b_pawn|white_sq|black_sq|b_pawn|black_sq|w_pawn|w_pawn|white_sq/b_knight|black_sq|b_knight|b_bishop|white_sq|black_sq|w_pawn|b_rook/black_sq|b_pawn|b_pawn|w_pawn|black_sq|b_pawn|black_sq|b_pawn/white_sq|black_sq|white_sq|black_sq|white_sq|b_pawn|white_sq|black_sq/w_queen|white_sq|black_sq|white_sq|black_sq|w_pawn|black_sq|w_rook/white_sq|black_sq|white_sq|w_king|white_sq|black_sq|w_bishop|black_sq/w_rook|w_knight|black_sq|white_sq|black_sq|white_sq|w_knight|white_sq
psup_w_073,q3,0,"[[2, 0]]",8,8,w_bishop|black_sq|b_bishop|black_sq|white_sq|b_rook|w_pawn|black_sq/black_sq|white_sq|black_sq|b_pawn|b_king|b_pawn|black_sq|white_sq/w_pawn|b_pawn|white_sq|black_sq|white_sq|black_sq|white_sq|w_knight/black_sq|b_pawn|w_pawn|white_sq|b_pawn|white_sq|black_sq|b_pawn/b_rook|black_sq|b_pawn|black_sq|white_sq|w_rook|white_sq|black_sq/black_sq|white_sq|black_sq|white_sq|black_sq|white_sq|black_sq|w_pawn/white_sq|black_sq|b_knight|black_sq|white_sq|black_sq|white_sq|w_queen/w_rook|white_sq|black_sq|white_sq|black_sq|white_sq|w_pawn|w_king
psup_w_074,q3,1,"[[7, 0]]",8,8,white_sq|b_knight|white_sq|black_sq|white_sq|black_sq|white_sq|b_rook/black_sq|b_pawn|black_sq|b_bishop|black_sq|b_king|black_sq|b_pawn/white_sq|black_sq|white_sq|b_rook|b_pawn|b_pawn|white_sq|b_knight/b_pawn|white_sq|black_sq|b_pawn|black_sq|white_sq|b_pawn|white_sq/w_knight|w_pawn|white_sq|black_sq|white_sq|black_sq|w_bishop|black_sq/black_sq|w_pawn|black_sq|white_sq|w_bishop|w_pawn|black_sq|white_sq/white_sq|b_bishop|white_sq|black_sq|w_king|black_sq|white_sq|w_pawn/w_pawn|w_rook|black_sq|w_queen|w_knight|w_rook|black_sq|white_sq
psup_w_075,q3,1,"[[6, 3]]",8,8,white_sq|b_knight|b_bishop|black_sq|b_king|w_pawn|white_sq|b_rook/black_sq|b_pawn|b_pawn|white_sq|black_sq|white_sq|b_pawn|white_sq/b_rook|black_sq|white_sq|b_pawn|b_pawn|black_sq|w_pawn|b_pawn/black_sq|white_sq|black_sq|white_sq|black_sq|b_pawn|black_sq|white_sq/white_sq|b_bishop|w_knight|black_sq|white_sq|black_sq|b_knight|black_sq/b_pawn|white_sq|black_sq|white_sq|black_sq|w_pawn|w_pawn|white_sq/white_sq|black_sq|white_sq|w_pawn|w_bishop|black_sq|white_sq|b_queen/w_rook|white_sq|w_bishop|w_queen|black_sq|w_rook|w_king|white_sq
psup_w_076,q3,1,"[[5, 2]]",8,8,white_sq|black_sq|b_rook|black_sq|white_sq|b_bishop|white_sq|black_sq/b_pawn|b_pawn|b_pawn|b_king|black_sq|b_pawn|black_sq|b_rook/b_knight|black_sq|white_sq|b_pawn|white_sq|black_sq|b_pawn|b_pawn/black_sq|white_sq|black_sq|b_pawn|black_sq|w_pawn|black_sq|b_knight/white_sq|black_sq|white_sq|w_king|white_sq|black_sq|b_bishop|black_sq/black_sq|white_sq|w_pawn|w_pawn|black_sq|white_sq|w_pawn|w_pawn/white_sq|w_bishop|white_sq|black_sq|white_sq|black_sq|white_sq|black_sq/black_sq|w_rook|black_sq|w_queen|black_sq|w_bishop|w_knight|w_rook
psup_w_077,q3,1,"[[6, 2]]",8,8,white_sq|black_sq|b_bishop|b_queen|b_king|black_sq|b_knight|b_rook/b_rook|white_sq|black_sq|b_pawn|black_sq|white_sq|black_sq|w_pawn/white_sq|w_queen|white_sq|black_sq|w_pawn|b_pawn|white_sq|b_pawn/b_pawn|white_sq|black_sq|white_sq|black_sq|white_sq|w_pawn|white_sq/w_knight|black_sq|white_sq|black_sq|b_pawn|b_bishop|white_sq|w_pawn/black_sq|white_sq|black_sq|b_knight|b_pawn|white_sq|black_sq|white_sq/w_rook|black_sq|w_pawn|black_sq|white_sq|black_sq|w_bishop|black_sq/black_sq|white_sq|w_bishop|w_king|black_sq|white_sq|black_sq|w_rook
psup_w_078,q3,0,"[[2, 4]]",8,8,white_sq|b_knight|white_sq|black_sq|b_knight|b_bishop|white_sq|black_sq/b_rook|b_bishop|black_sq|white_sq|b_king|white_sq|b_pawn|white_sq/white_sq|black_sq|white_sq|black_sq|w_pawn|black_sq|b_queen|w_bishop/black_sq|white_sq|black_sq|white_sq|b_pawn|b_pawn|black_sq|b_pawn/white_sq|black_sq|b_pawn|b_pawn|white_sq|black_sq|w_pawn|black_sq/w_rook|white_sq|black_sq|w_bishop|black_sq|white_sq|w_pawn|white_sq/white_sq|black_sq|white_sq|black_sq|w_king|black_sq|w_pawn|black_sq/black_sq|white_sq|black_sq|white_sq|black_sq|w_pawn|w_knight|w_rook
psup_w_079,q3,0,"[[2, 3]]",8,8,b_rook|black_sq|b_bishop|b_queen|b_king|b_bishop|b_knight|b_rook/b_pawn|b_pawn|b_pawn|b_pawn|b_pawn|b_pawn|b_pawn|white_sq/b_knight|black_sq|white_sq|w_pawn|white_sq|black_sq|white_sq|black_sq/black_sq|white_sq|black_sq|white_sq|w_pawn|white_sq|black_sq|b_pawn/white_sq|black_sq|white_sq|black_sq|white_sq|black_sq|w_pawn|black_sq/black_sq|white_sq|black_sq|white_sq|black_sq|w_pawn|black_sq|white_sq/white_sq|black_sq|white_sq|black_sq|white_sq|black_sq|w_pawn|black_sq/w_rook|w_knight|w_bishop|w_queen|w_king|w_bishop|w_knight|w_rook
psup_w_080,q3,0,"[[3, 2]]",8,8,white_sq|black_sq|b_rook|black_sq|white_sq|b_bishop|white_sq|black_sq/b_pawn|white_sq|b_pawn|white_sq|b_queen|b_pawn|b_rook|white_sq/white_sq|w_queen|white_sq|b_king|b_pawn|w_pawn|w_pawn|b_pawn/black_sq|white_sq|w_pawn|b_pawn|black_sq|white_sq|black_sq|white_sq/white_sq|black_sq|white_sq|w_pawn|white_sq|black_sq|white_sq|black_sq/black_sq|white_sq|black_sq|white_sq|black_sq|white_sq|w_pawn|white_sq/white_sq|black_sq|white_sq|black_sq|white_sq|black_sq|white_sq|b_pawn/w_rook|white_sq|w_bishop|w_knight|w_king|w_bishop|black_sq|w_rook
psup_w_081,q3,0,"[[2, 3]]",8,8,b_rook|b_queen|white_sq|b_rook|white_sq|w_pawn|white_sq|b_king/b_pawn|b_bishop|black_sq|b_pawn|black_sq|white_sq|b_pawn|b_pawn/white_sq|black_sq|b_pawn|w_pawn|white_sq|b_pawn|white_sq|w_rook/black_sq|white_sq|black_sq|b_pawn|black_sq|white_sq|black_sq|white_sq/white_sq|black_sq|white_sq|black_sq|white_sq|black_sq|white_sq|w_pawn/w_bishop|b_pawn|black_sq|white_sq|w_king|white_sq|b_bishop|w_knight/white_sq|black_sq|white_sq|black_sq|white_sq|w_pawn|white_sq|black_sq/black_sq|w_knight|black_sq|w_queen|black_sq|w_bishop|w_pawn|w_rook
psup_w_082,q3,0,"[[2, 5]]",8,8,white_sq|b_rook|b_rook|black_sq|white_sq|black_sq|white_sq|b_queen/w_knight|b_bishop|black_sq|white_sq|black_sq|b_king|w_pawn|white_sq/white_sq|black_sq|b_pawn|b_knight|white_sq|w_pawn|white_sq|black_sq/black_sq|white_sq|black_sq|b_pawn|black_sq|white_sq|b_pawn|w_pawn/white_sq|b_pawn|white_sq|black_sq|white_sq|b_pawn|white_sq|black_sq/black_sq|white_sq|b_bishop|white_sq|black_sq|white_sq|black_sq|white_sq/white_sq|black_sq|white_sq|black_sq|white_sq|w_king|w_pawn|black_sq/w_queen|white_sq|black_sq|w_knight|black_sq|w_bishop|w_rook|w_pawn
psup_w_083,q3,1,"[[6, 1]]",8,8,b_rook|b_knight|b_bishop|b_queen|b_king|b_bishop|b_knight|b_rook/black_sq|b_pawn|b_pawn|b_pawn|black_sq|white_sq|w_pawn|b_pawn/b_pawn|black_sq|white_sq|black_sq|white_sq|black_sq|white_sq|black_sq/black_sq|white_sq|black_sq|w_pawn|b_pawn|b_pawn|b_pawn|white_sq/w_knight|black_sq|white_sq|black_sq|white_sq|black_sq|white_sq|w_pawn/black_sq|white_sq|black_sq|white_sq|black_sq|white_sq|w_pawn|white_sq/white_sq|w_pawn|white_sq|black_sq|white_sq|black_sq|w_bishop|black_sq/w_rook|white_sq|w_bishop|w_queen|w_king|white_sq|w_knight|w_rook
psup_w_084,q3,0,"[[0, 5]]",8,8,b_rook|b_knight|b_rook|w_queen|white_sq|w_pawn|white_sq|black_sq/black_sq|white_sq|black_sq|white_sq|b_pawn|b_pawn|b_king|w_pawn/white_sq|b_pawn|b_pawn|b_pawn|white_sq|b_knight|b_pawn|b_bishop/black_sq|white_sq|black_sq|white_sq|black_sq|white_sq|b_pawn|white_sq/white_sq|black_sq|white_sq|black_sq|b_bishop|black_sq|white_sq|black_sq/black_sq|white_sq|black_sq|white_sq|black_sq|white_sq|w_pawn|white_sq/white_sq|black_sq|w_rook|black_sq|white_sq|w_king|white_sq|w_pawn/black_sq|w_knight|w_bishop|white_sq|black_sq|w_bishop|w_pawn|w_rook
psup_w_085,q3,0,"[[1, 0]]",8,8,white_sq|b_knight|b_bishop|black_sq|b_queen|black_sq|white_sq|b_rook/w_pawn|b_pawn|b_pawn|white_sq|black_sq|white_sq|b_pawn|b_pawn/white_sq|black_sq|b_rook|b_bishop|w_knight|b_king|white_sq|b_knight/black_sq|w_knight|black_sq|white_sq|black_sq|b_pawn|black_sq|w_pawn/b_pawn|black_sq|white_sq|black_sq|white_sq|black_sq|white_sq|black_sq/black_sq|white_sq|black_sq|white_sq|w_bishop|white_sq|black_sq|white_sq/white_sq|black_sq|w_queen|w_pawn|w_pawn|black_sq|white_sq|black_sq/w_rook|white_sq|black_sq|w_pawn|w_king|w_bishop|black_sq|w_rook
psup_w_086,q3,0,"[[3, 5]]",8,8,white_sq|black_sq|white_sq|black_sq|white_sq|black_sq|white_sq|black_sq/b_knight|white_sq|black_sq|b_bishop|black_sq|white_sq|black_sq|b_pawn/white_sq|black_sq|white_sq|black_sq|b_pawn|black_sq|w_pawn|b_pawn/b_pawn|w_bishop|black_sq|white_sq|black_sq|w_pawn|black_sq|w_pawn/white_sq|black_sq|white_sq|b_king|white_sq|b_pawn|white_sq|black_sq/w_knight|white_sq|black_sq|white_sq|black_sq|white_sq|w_pawn|white_sq/w_rook|black_sq|white_sq|w_king|white_sq|black_sq|white_sq|w_rook/black_sq|white_sq|black_sq|white_sq|black_sq|white_sq|b_rook|w_pawn
psup_w_087,q3,1,"[[7, 1]]",8,8,b_rook|b_knight|white_sq|black_sq|white_sq|black_sq|b_knight|b_rook/black_sq|white_sq|w_pawn|b_pawn|black_sq|white_sq|b_king|white_sq/w_queen|black_sq|w_pawn|black_sq|b_pawn|black_sq|b_pawn|black_sq/b_pawn|white_sq|black_sq|w_pawn|black_sq|white_sq|b_pawn|b_pawn/white_sq|b_bishop|white_sq|black_sq|white_sq|black_sq|white_sq|w_knight/black_sq|white_sq|black_sq|white_sq|black_sq|white_sq|black_sq|white_sq/white_sq|black_sq|white_sq|black_sq|white_sq|w_pawn|w_bishop|b_queen/black_sq|w_pawn|w_bishop|white_sq|w_rook|w_king|w_rook|white_sq
psup_w_088,q3,1,"[[5, 2]]",8,8,white_sq|black_sq|b_bishop|black_sq|white_sq|b_bishop|white_sq|black_sq/black_sq|b_rook|black_sq|w_pawn|b_king|white_sq|black_sq|white_sq/white_sq|b_queen|white_sq|b_pawn|b_pawn|black_sq|b_pawn|black_sq/b_pawn|b_pawn|black_sq|white_sq|w_pawn|white_sq|black_sq|b_knight/white_sq|black_sq|white_sq|b_rook|white_sq|black_sq|white_sq|black_sq/black_sq|white_sq|w_pawn|white_sq|w_king|w_pawn|black_sq|white_sq/b_knight|w_bishop|white_sq|black_sq|white_sq|black_sq|w_bishop|w_pawn/black_sq|w_knight|black_sq|white_sq|black_sq|white_sq|black_sq|w_rook
psup_w_089,q3,0,"[[3, 0]]",8,8,b_rook|w_pawn|white_sq|b_king|b_knight|black_sq|b_rook|black_sq/b_pawn|w_pawn|black_sq|white_sq|black_sq|b_pawn|b_bishop|white_sq/white_sq|black_sq|white_sq|black_sq|b_pawn|b_pawn|w_pawn|black_sq/w_pawn|b_pawn|b_pawn|b_pawn|black_sq|w_queen|black_sq|white_sq/white_sq|black_sq|w_bishop|black_sq|white_sq|black_sq|w_pawn|black_sq/black_sq|white_sq|black_sq|white_sq|black_sq|w_king|b_pawn|white_sq/white_sq|black_sq|white_sq|black_sq|white_sq|black_sq|white_sq|black_sq/w_rook|w_knight|black_sq|w_knight|black_sq|white_sq|black_sq|w_rook
psup_w_090,q3,1,"[[5, 3]]",8,8,b_rook|black_sq|white_sq|b_king|white_sq|b_knight|white_sq|w_pawn/black_sq|white_sq|b_rook|white_sq|black_sq|white_sq|b_bishop|white_sq/white_sq|black_sq|white_sq|black_sq|white_sq|black_sq|white_sq|black_sq/b_pawn|b_pawn|black_sq|w_knight|b_pawn|white_sq|black_sq|white_sq/white_sq|black_sq|white_sq|black_sq|white_sq|w_pawn|white_sq|b_pawn/w_bishop|w_bishop|black_sq|w_pawn|black_sq|white_sq|black_sq|b_pawn/white_sq|black_sq|white_sq|black_sq|white_sq|black_sq|b_bishop|w_pawn/w_rook|white_sq|black_sq|w_king|black_sq|w_pawn|black_sq|white_sq
psup_w_091,q3,1,"[[5, 3]]",8,8,b_rook|black_sq|w_knight|black_sq|b_king|black_sq|white_sq|black_sq/b_pawn|white_sq|black_sq|b_pawn|b_knight|white_sq|black_sq|white_sq/b_knight|black_sq|b_pawn|black_sq|w_pawn|b_rook|b_pawn|w_pawn/black_sq|white_sq|b_bishop|white_sq|b_pawn|white_sq|b_queen|white_sq/white_sq|black_sq|white_sq|black_sq|white_sq|black_sq|white_sq|black_sq/black_sq|white_sq|w_rook|w_pawn|black_sq|white_sq|w_pawn|white_sq/white_sq|black_sq|white_sq|black_sq|w_king|black_sq|white_sq|w_pawn/black_sq|white_sq|black_sq|white_sq|black_sq|white_sq|w_knight|w_rook
psup_w_092,q3,0,"[[1, 0]]",8,8,b_knight|b_knight|white_sq|black_sq|white_sq|black_sq|b_queen|black_sq/w_pawn|white_sq|black_sq|b_pawn|w_knight|b_pawn|black_sq|b_king/b_bishop|black_sq|b_pawn|black_sq|white_sq|black_sq|white_sq|black_sq/black_sq|white_sq|black_sq|white_sq|b_pawn|white_sq|b_pawn|white_sq/b_rook|black_sq|white_sq|w_pawn|white_sq|black_sq|white_sq|black_sq/b_rook|white_sq|black_sq|white_sq|black_sq|white_sq|black_sq|white_sq/white_sq|w_rook|white_sq|black_sq|w_pawn|black_sq|w_pawn|black_sq/black_sq|w_bishop|black_sq|white_sq|w_rook|w_pawn|black_sq|w_king
psup_w_093,q3,1,"[[7, 5]]",8,8,white_sq|black_sq|white_sq|black_sq|b_king|b_rook|w_pawn|w_pawn/black_sq|white_sq|black_sq|white_sq|black_sq|b_pawn|black_sq|white_sq/white_sq|b_pawn|white_sq|black_sq|white_sq|black_sq|white_sq|black_sq/black_sq|white_sq|b_rook|white_sq|black_sq|white_sq|black_sq|white_sq/b_pawn|black_sq|b_pawn|black_sq|w_bishop|b_pawn|w_queen|w_pawn/black_sq|b_pawn|black_sq|white_sq|b_bishop|white_sq|black_sq|b_queen/w_knight|black_sq|white_sq|black_sq|w_king|black_sq|white_sq|black_sq/black_sq|w_rook|w_bishop|white_sq|black_sq|w_pawn|w_rook|w_pawn
psup_w_094,q3,0,"[[3, 4]]",8,8,white_sq|black_sq|white_sq|b_rook|white_sq|black_sq|white_sq|black_sq/w_bishop|white_sq|black_sq|white_sq|black_sq|b_king|black_sq|white_sq/white_sq|black_sq|white_sq|black_sq|white_sq|black_sq|white_sq|b_pawn/black_sq|white_sq|w_knight|white_sq|w_pawn|b_bishop|black_sq|w_pawn/white_sq|b_pawn|white_sq|black_sq|white_sq|black_sq|b_rook|b_pawn/black_sq|white_sq|black_sq|white_sq|black_sq|white_sq|w_pawn|white_sq/white_sq|black_sq|white_sq|black_sq|white_sq|w_king|w_pawn|black_sq/w_rook|white_sq|black_sq|w_knight|black_sq|w_bishop|black_sq|w_pawn
psup_w_095,q3,1,"[[6, 2]]",8,8,b_knight|b_rook|b_bishop|black_sq|white_sq|black_sq|b_rook|black_sq/b_pawn|b_pawn|black_sq|white_sq|w_pawn|b_king|black_sq|b_pawn/white_sq|black_sq|b_queen|black_sq|b_pawn|black_sq|white_sq|black_sq/black_sq|white_sq|b_pawn|b_pawn|black_sq|white_sq|black_sq|white_sq/white_sq|black_sq|white_sq|black_sq|w_pawn|black_sq|b_pawn|black_sq/black_sq|white_sq|black_sq|white_sq|w_pawn|white_sq|b_bishop|w_knight/white_sq|black_sq|w_pawn|w_rook|white_sq|black_sq|w_pawn|black_sq/black_sq|white_sq|w_bishop|white_sq|w_queen|w_bishop|w_king|w_knight
psup_w_096,q3,1,"[[4, 2]]",8,8,b_rook|b_knight|b_bishop|black_sq|b_king|b_bishop|b_knight|b_rook/b_pawn|b_pawn|black_sq|b_pawn|b_pawn|white_sq|b_pawn|b_pawn/white_sq|black_sq|white_sq|black_sq|white_sq|b_pawn|white_sq|black_sq/black_sq|white_sq|black_sq|white_sq|w_pawn|white_sq|black_sq|white_sq/white_sq|black_sq|w_pawn|b_pawn|white_sq|black_sq|white_sq|black_sq/b_queen|white_sq|black_sq|white_sq|black_sq|w_pawn|black_sq|w_pawn/white_sq|black_sq|white_sq|w_king|white_sq|w_pawn|white_sq|black_sq/w_rook|white_sq|w_bishop|w_queen|black_sq|w_bishop|w_knight|w_rook
psup_w_097,q3,0,"[[2, 2]]",8,8,white_sq|b_knight|white_sq|b_king|white_sq|black_sq|white_sq|black_sq/black_sq|white_sq|black_sq|white_sq|b_bishop|b_pawn|b_rook|white_sq/white_sq|black_sq|w_pawn|black_sq|white_sq|b_knight|white_sq|b_pawn/b_pawn|white_sq|black_sq|w_knight|black_sq|w_pawn|w_pawn|white_sq/white_sq|black_sq|b_pawn|b_pawn|w_pawn|black_sq|white_sq|black_sq/black_sq|w_queen|black_sq|white_sq|black_sq|b_queen|black_sq|b_bishop/white_sq|black_sq|white_sq|black_sq|w_king|black_sq|w_pawn|black_sq/w_bishop|white_sq|black_sq|w_rook|black_sq|w_bishop|black_sq|w_rook
psup_w_098,q3,0,"[[2, 2]]",8,8,b_rook|b_knight|white_sq|b_king|w_pawn|black_sq|white_sq|black_sq/b_pawn|b_bishop|black_sq|white_sq|black_sq|b_knight|black_sq|white_sq/white_sq|black_sq|w_pawn|b_pawn|b_pawn|w_knight|w_pawn|b_bishop/black_sq|b_pawn|black_sq|w_pawn|black_sq|b_pawn|black_sq|b_queen/white_sq|black_sq|white_sq|w_pawn|white_sq|black_sq|white_sq|black_sq/w_rook|white_sq|black_sq|b_rook|black_sq|white_sq|black_sq|white_sq/white_sq|black_sq|white_sq|black_sq|white_sq|black_sq|white_sq|black_sq/black_sq|w_knight|w_bishop|white_sq|w_rook|white_sq|w_king|w_bishop
psup_w_099,q3,1,"[[6, 0]]",8,8,b_rook|b_knight|white_sq|w_pawn|white_sq|black_sq|b_knight|b_rook/black_sq|white_sq|black_sq|b_pawn|black_sq|white_sq|b_king|white_sq/w_queen|w_pawn|white_sq|black_sq|b_pawn|black_sq|b_pawn|black_sq/b_pawn|white_sq|black_sq|white_sq|black_sq|white_sq|b_pawn|b_pawn/white_sq|b_bishop|w_pawn|black_sq|white_sq|black_sq|white_sq|w_knight/black_sq|white_sq|black_sq|white_sq|black_sq|white_sq|black_sq|white_sq/w_pawn|black_sq|white_sq|black_sq|white_sq|black_sq|w_bishop|b_queen/black_sq|white_sq|w_bishop|w_pawn|w_rook|w_king|w_rook|white_sq
relv_wK_bN_000,q4,0,"[[1, 3], [2, 2]]",8,8,b_rook|black_sq|white_sq|black_sq|white_sq|black_sq|b_rook|black_sq/b_pawn|b_bishop|black_sq|w_king|black_sq|white_sq|b_queen|b_pawn/white_sq|black_sq|b_knight|black_sq|b_king|black_sq|w_pawn|b_bishop/w_pawn|white_sq|w_pawn|b_pawn|black_sq|white_sq|black_sq|white_sq/white_sq|black_sq|white_sq|black_sq|white_sq|black_sq|white_sq|black_sq/black_sq|w_pawn|black_sq|w_bishop|w_pawn|w_knight|black_sq|white_sq/white_sq|black_sq|white_sq|black_sq|white_sq|w_pawn|white_sq|black_sq/black_sq|white_sq|black_sq|white_sq|w_rook|white_sq|black_sq|w_rook
relv_wK_bN_001,q4,0,"[[0, 0], [5, 1]]",8,8,w_king|black_sq|white_sq|black_sq|white_sq|black_sq|white_sq|b_rook/b_rook|white_sq|b_pawn|white_sq|b_king|b_pawn|b_bishop|b_queen/white_sq|black_sq|white_sq|black_sq|w_queen|black_sq|white_sq|black_sq/black_sq|w_knight|black_sq|white_sq|w_pawn|white_sq|b_pawn|white_sq/white_sq|black_sq|b_pawn|black_sq|w_pawn|black_sq|w_pawn|b_pawn/b_pawn|b_knight|black_sq|w_bishop|black_sq|white_sq|black_sq|white_sq/w_pawn|w_pawn|white_sq|w_bishop|white_sq|w_pawn|white_sq|w_pawn/black_sq|white_sq|black_sq|w_rook|black_sq|white_sq|w_knight|w_rook
relv_wK_bN_002,q4,0,"[[1, 3], [5, 4]]",8,8,b_rook|black_sq|b_bishop|b_queen|b_king|b_bishop|white_sq|b_rook/black_sq|b_pawn|black_sq|w_king|b_pawn|b_pawn|b_pawn|b_pawn/b_pawn|black_sq|white_sq|black_sq|white_sq|black_sq|white_sq|black_sq/black_sq|white_sq|b_pawn|b_pawn|black_sq|white_sq|black_sq|white_sq/white_sq|black_sq|white_sq|black_sq|w_pawn|black_sq|w_pawn|black_sq/w_pawn|white_sq|black_sq|white_sq|b_knight|white_sq|black_sq|white_sq/white_sq|w_pawn|w_pawn|w_pawn|white_sq|w_pawn|white_sq|w_pawn/w_rook|w_knight|w_bishop|w_queen|black_sq|w_bishop|w_knight|w_rook
relv_wK_bN_003,q4,1,"[[2, 1], [1, 4]]",8,8,white_sq|black_sq|b_bishop|black_sq|b_queen|black_sq|white_sq|b_rook/black_sq|b_pawn|b_pawn|white_sq|b_knight|white_sq|b_pawn|b_pawn/white_sq|w_king|b_rook|b_bishop|w_knight|b_king|white_sq|black_sq/black_sq|w_knight|black_sq|white_sq|black_sq|b_pawn|black_sq|white_sq/b_pawn|black_sq|white_sq|black_sq|w_pawn|black_sq|white_sq|black_sq/black_sq|white_sq|black_sq|w_pawn|w_bishop|white_sq|black_sq|w_pawn/w_pawn|w_pawn|w_queen|black_sq|white_sq|w_pawn|w_pawn|black_sq/w_rook|white_sq|black_sq|white_sq|black_sq|w_bishop|black_sq|w_rook
relv_wK_bN_004,q4,0,"[[1, 3], [6, 5]]",8,8,white_sq|black_sq|white_sq|black_sq|white_sq|black_sq|b_queen|b_rook/black_sq|b_pawn|b_rook|w_king|b_bishop|white_sq|black_sq|white_sq/b_pawn|black_sq|b_bishop|black_sq|b_king|black_sq|white_sq|b_pawn/black_sq|white_sq|black_sq|white_sq|w_knight|b_pawn|b_pawn|w_pawn/white_sq|black_sq|white_sq|w_pawn|b_pawn|w_rook|white_sq|black_sq/w_bishop|white_sq|b_pawn|white_sq|w_pawn|white_sq|w_pawn|white_sq/b_pawn|black_sq|w_pawn|black_sq|white_sq|b_knight|white_sq|black_sq/black_sq|white_sq|w_rook|white_sq|black_sq|white_sq|w_knight|w_queen
relv_wK_bN_005,q4,1,"[[6, 2], [2, 7]]",8,8,white_sq|black_sq|white_sq|black_sq|b_king|black_sq|white_sq|b_rook/b_rook|b_pawn|black_sq|white_sq|black_sq|b_pawn|b_bishop|b_pawn/white_sq|black_sq|b_pawn|black_sq|white_sq|black_sq|white_sq|b_knight/b_pawn|white_sq|w_pawn|b_pawn|black_sq|b_bishop|w_queen|white_sq/white_sq|black_sq|white_sq|b_pawn|w_pawn|black_sq|white_sq|b_queen/w_pawn|w_pawn|w_knight|white_sq|black_sq|white_sq|w_pawn|white_sq/white_sq|black_sq|w_king|black_sq|white_sq|w_pawn|white_sq|w_pawn/w_rook|white_sq|w_bishop|white_sq|black_sq|w_bishop|w_knight|w_rook
relv_wK_bN_006,q4,0,"[[4, 0], [5, 4]]",8,8,white_sq|black_sq|white_sq|black_sq|white_sq|black_sq|white_sq|black_sq/black_sq|white_sq|black_sq|white_sq|black_sq|white_sq|b_pawn|white_sq/white_sq|black_sq|white_sq|b_pawn|white_sq|b_king|white_sq|black_sq/black_sq|white_sq|black_sq|white_sq|w_knight|white_sq|black_sq|white_sq/w_king|black_sq|white_sq|w_pawn|white_sq|b_queen|w_bishop|w_pawn/black_sq|white_sq|black_sq|white_sq|b_knight|w_pawn|black_sq|white_sq/b_rook|black_sq|w_rook|w_pawn|white_sq|w_bishop|white_sq|w_rook/black_sq|white_sq|black_sq|white_sq|black_sq|white_sq|black_sq|white_sq
relv_wK_bN_007,q4,0,"[[0, 0], [3, 7]]",8,8,w_king|black_sq|white_sq|black_sq|b_queen|b_bishop|white_sq|b_rook/b_rook|white_sq|b_pawn|b_king|b_pawn|white_sq|b_pawn|b_pawn/white_sq|black_sq|white_sq|black_sq|b_bishop|black_sq|white_sq|black_sq/black_sq|b_pawn|black_sq|w_pawn|black_sq|b_pawn|black_sq|b_knight/b_pawn|black_sq|w_pawn|black_sq|white_sq|black_sq|w_pawn|black_sq/w_knight|w_pawn|black_sq|white_sq|black_sq|w_pawn|black_sq|w_bishop/w_pawn|black_sq|white_sq|w_pawn|white_sq|black_sq|white_sq|w_pawn/w_rook|white_sq|w_bishop|w_queen|black_sq|white_sq|w_knight|w_rook
relv_wK_bN_008,q4,1,"[[6, 2], [5, 4]]",8,8,white_sq|black_sq|b_bishop|black_sq|b_king|black_sq|white_sq|b_rook/b_rook|b_pawn|black_sq|b_pawn|black_sq|white_sq|black_sq|b_pawn/white_sq|black_sq|white_sq|black_sq|white_sq|black_sq|b_pawn|black_sq/w_pawn|white_sq|b_pawn|white_sq|black_sq|b_pawn|black_sq|white_sq/white_sq|black_sq|w_queen|b_bishop|w_pawn|b_pawn|white_sq|black_sq/black_sq|white_sq|w_knight|white_sq|b_knight|white_sq|black_sq|white_sq/w_pawn|w_bishop|w_king|black_sq|white_sq|black_sq|w_pawn|black_sq/w_rook|white_sq|black_sq|white_sq|black_sq|w_rook|black_sq|white_sq
relv_wK_bN_009,q4,1,"[[5, 7], [2, 2]]",8,8,b_rook|black_sq|white_sq|black_sq|white_sq|black_sq|b_rook|black_sq/b_pawn|b_bishop|black_sq|white_sq|black_sq|white_sq|b_queen|b_pawn/white_sq|black_sq|b_knight|black_sq|b_king|black_sq|w_pawn|b_bishop/w_pawn|white_sq|w_pawn|b_pawn|black_sq|white_sq|black_sq|white_sq/white_sq|black_sq|white_sq|black_sq|white_sq|black_sq|white_sq|black_sq/black_sq|w_pawn|black_sq|w_bishop|w_pawn|w_knight|black_sq|w_king/white_sq|black_sq|white_sq|black_sq|white_sq|w_pawn|white_sq|black_sq/black_sq|white_sq|black_sq|white_sq|w_rook|white_sq|black_sq|w_rook
relv_wK_bN_010,q4,0,"[[1, 7], [2, 7]]",8,8,b_rook|black_sq|white_sq|b_queen|b_king|black_sq|white_sq|b_rook/black_sq|white_sq|black_sq|white_sq|black_sq|white_sq|b_bishop|w_king/white_sq|black_sq|b_pawn|black_sq|white_sq|black_sq|b_pawn|b_knight/w_pawn|white_sq|black_sq|w_pawn|w_pawn|w_queen|black_sq|white_sq/white_sq|black_sq|white_sq|black_sq|white_sq|w_pawn|white_sq|b_pawn/b_pawn|white_sq|black_sq|white_sq|black_sq|white_sq|black_sq|w_pawn/w_pawn|w_rook|w_pawn|black_sq|w_bishop|black_sq|w_pawn|black_sq/black_sq|white_sq|w_bishop|white_sq|black_sq|white_sq|w_knight|w_rook
relv_wK_bN_011,q4,0,"[[1, 3], [2, 1]]",8,8,white_sq|black_sq|white_sq|black_sq|white_sq|black_sq|white_sq|black_sq/black_sq|white_sq|black_sq|w_king|b_bishop|white_sq|b_pawn|b_rook/white_sq|b_knight|white_sq|b_pawn|b_king|black_sq|white_sq|black_sq/b_pawn|white_sq|black_sq|white_sq|black_sq|b_pawn|w_pawn|white_sq/white_sq|b_pawn|white_sq|black_sq|white_sq|black_sq|b_bishop|black_sq/black_sq|white_sq|black_sq|white_sq|black_sq|w_pawn|w_rook|white_sq/white_sq|w_bishop|white_sq|black_sq|white_sq|black_sq|white_sq|black_sq/black_sq|white_sq|black_sq|white_sq|black_sq|white_sq|w_knight|white_sq
relv_wK_bN_012,q4,1,"[[6, 4], [1, 3]]",8,8,white_sq|black_sq|white_sq|b_rook|b_king|b_rook|white_sq|black_sq/black_sq|white_sq|b_pawn|b_knight|black_sq|white_sq|black_sq|b_pawn/white_sq|black_sq|white_sq|black_sq|white_sq|b_pawn|white_sq|black_sq/b_pawn|white_sq|w_pawn|white_sq|b_pawn|w_pawn|black_sq|white_sq/w_pawn|black_sq|white_sq|w_pawn|w_pawn|black_sq|white_sq|w_pawn/black_sq|white_sq|b_pawn|white_sq|black_sq|white_sq|w_pawn|w_bishop/w_rook|black_sq|white_sq|black_sq|w_king|w_queen|white_sq|black_sq/black_sq|b_queen|w_bishop|white_sq|black_sq|w_rook|black_sq|white_sq
relv_wK_bN_013,q4,0,"[[4, 3], [5, 7]]",8,8,white_sq|black_sq|b_bishop|b_king|white_sq|black_sq|white_sq|black_sq/black_sq|white_sq|black_sq|w_bishop|black_sq|white_sq|black_sq|white_sq/white_sq|black_sq|b_pawn|black_sq|white_sq|black_sq|white_sq|b_rook/b_rook|white_sq|w_bishop|white_sq|black_sq|white_sq|w_pawn|w_pawn/w_pawn|b_pawn|w_pawn|w_king|w_pawn|black_sq|white_sq|black_sq/black_sq|w_pawn|black_sq|white_sq|black_sq|white_sq|black_sq|b_knight/white_sq|black_sq|white_sq|black_sq|white_sq|b_bishop|white_sq|black_sq/black_sq|white_sq|black_sq|white_sq|black_sq|white_sq|black_sq|w_rook
relv_wK_bN_014,q4,1,"[[7, 6], [2, 6]]",8,8,white_sq|b_rook|b_bishop|b_king|white_sq|b_rook|white_sq|black_sq/black_sq|b_pawn|black_sq|white_sq|black_sq|white_sq|b_pawn|b_pawn/white_sq|w_rook|white_sq|b_bishop|white_sq|b_pawn|b_knight|black_sq/b_pawn|white_sq|b_pawn|w_pawn|b_pawn|white_sq|black_sq|white_sq/white_sq|black_sq|white_sq|black_sq|w_pawn|w_knight|white_sq|w_pawn/w_pawn|white_sq|black_sq|white_sq|black_sq|w_queen|black_sq|white_sq/white_sq|black_sq|white_sq|w_pawn|white_sq|w_pawn|w_pawn|w_rook/black_sq|w_knight|w_bishop|white_sq|black_sq|white_sq|w_king|white_sq
relv_wK_bN_015,q4,1,"[[6, 1], [1, 6]]",8,8,white_sq|black_sq|white_sq|black_sq|b_king|black_sq|white_sq|b_rook/black_sq|white_sq|b_pawn|white_sq|black_sq|white_sq|b_knight|b_pawn/b_rook|black_sq|white_sq|black_sq|white_sq|w_bishop|white_sq|black_sq/black_sq|white_sq|black_sq|b_pawn|black_sq|white_sq|w_rook|white_sq/b_pawn|b_bishop|white_sq|black_sq|white_sq|black_sq|w_pawn|black_sq/b_pawn|white_sq|black_sq|w_pawn|black_sq|w_bishop|black_sq|w_knight/white_sq|w_king|white_sq|w_knight|w_pawn|w_pawn|white_sq|w_pawn/black_sq|white_sq|black_sq|white_sq|black_sq|w_rook|black_sq|white_sq
relv_wK_bN_016,q4,1,"[[7, 4], [5, 2]]",8,8,white_sq|black_sq|white_sq|black_sq|b_king|black_sq|b_rook|black_sq/b_bishop|white_sq|black_sq|white_sq|black_sq|white_sq|b_pawn|white_sq/white_sq|black_sq|b_pawn|black_sq|white_sq|black_sq|white_sq|black_sq/w_pawn|white_sq|black_sq|white_sq|b_pawn|b_queen|black_sq|white_sq/white_sq|black_sq|w_pawn|black_sq|white_sq|black_sq|b_pawn|b_pawn/black_sq|white_sq|b_knight|white_sq|w_bishop|w_knight|black_sq|b_bishop/white_sq|black_sq|white_sq|black_sq|white_sq|black_sq|white_sq|black_sq/black_sq|b_rook|w_queen|white_sq|w_king|white_sq|black_sq|white_sq
relv_wK_bN_017,q4,1,"[[5, 7], [2, 4]]",8,8,white_sq|b_rook|white_sq|black_sq|b_king|b_bishop|white_sq|b_rook/b_pawn|b_pawn|black_sq|white_sq|black_sq|white_sq|black_sq|white_sq/white_sq|black_sq|b_pawn|black_sq|b_knight|b_queen|b_pawn|b_pawn/black_sq|w_bishop|w_pawn|b_pawn|b_pawn|b_pawn|black_sq|white_sq/w_pawn|black_sq|white_sq|black_sq|w_pawn|w_bishop|b_bishop|black_sq/black_sq|w_knight|black_sq|w_pawn|black_sq|w_pawn|black_sq|w_king/white_sq|w_pawn|w_queen|black_sq|white_sq|black_sq|w_pawn|w_pawn/w_rook|white_sq|black_sq|white_sq|black_sq|white_sq|w_knight|w_rook
relv_wK_bN_018,q4,0,"[[1, 5], [6, 1]]",8,8,white_sq|black_sq|b_rook|black_sq|white_sq|b_rook|white_sq|black_sq/b_pawn|white_sq|black_sq|b_pawn|black_sq|w_king|b_king|b_pawn/white_sq|b_pawn|white_sq|black_sq|white_sq|w_queen|b_pawn|black_sq/black_sq|w_bishop|black_sq|white_sq|black_sq|white_sq|b_bishop|white_sq/b_queen|black_sq|white_sq|b_pawn|w_pawn|b_pawn|white_sq|black_sq/black_sq|b_bishop|w_knight|white_sq|black_sq|w_pawn|black_sq|w_pawn/white_sq|b_knight|w_pawn|black_sq|white_sq|black_sq|white_sq|black_sq/w_rook|white_sq|black_sq|white_sq|black_sq|white_sq|w_knight|w_rook
relv_wK_bN_019,q4,0,"[[0, 0], [1, 4]]",8,8,w_king|black_sq|white_sq|b_king|white_sq|b_rook|white_sq|black_sq/black_sq|b_rook|black_sq|white_sq|b_knight|white_sq|b_bishop|w_queen/white_sq|black_sq|b_pawn|black_sq|white_sq|black_sq|white_sq|black_sq/b_pawn|white_sq|black_sq|white_sq|w_bishop|white_sq|black_sq|b_pawn/w_pawn|black_sq|white_sq|b_pawn|white_sq|black_sq|white_sq|black_sq/black_sq|white_sq|w_pawn|white_sq|black_sq|white_sq|w_pawn|w_knight/w_rook|black_sq|white_sq|black_sq|w_pawn|w_rook|white_sq|black_sq/black_sq|white_sq|black_sq|white_sq|black_sq|white_sq|black_sq|w_bishop
relv_wK_bN_020,q4,0,"[[4, 2], [5, 2]]",8,8,b_rook|black_sq|b_bishop|b_queen|b_king|black_sq|white_sq|b_rook/black_sq|white_sq|w_bishop|b_pawn|b_pawn|b_pawn|black_sq|white_sq/b_pawn|black_sq|white_sq|black_sq|white_sq|black_sq|b_pawn|black_sq/black_sq|w_knight|black_sq|white_sq|black_sq|white_sq|black_sq|b_pawn/white_sq|black_sq|w_king|black_sq|w_pawn|black_sq|w_pawn|black_sq/w_pawn|white_sq|b_knight|white_sq|black_sq|white_sq|black_sq|w_pawn/white_sq|black_sq|w_pawn|w_pawn|white_sq|w_pawn|w_bishop|w_rook/black_sq|white_sq|black_sq|w_queen|black_sq|white_sq|black_sq|white_sq
relv_wK_bN_021,q4,1,"[[6, 4], [2, 4]]",8,8,white_sq|black_sq|b_queen|b_rook|white_sq|black_sq|white_sq|black_sq/b_rook|b_pawn|black_sq|white_sq|b_king|white_sq|black_sq|white_sq/b_pawn|black_sq|b_bishop|b_pawn|b_knight|b_bishop|white_sq|black_sq/black_sq|w_bishop|b_pawn|white_sq|black_sq|white_sq|black_sq|w_knight/white_sq|black_sq|w_pawn|black_sq|b_pawn|w_pawn|white_sq|b_pawn/w_pawn|white_sq|black_sq|white_sq|black_sq|white_sq|w_pawn|w_pawn/white_sq|black_sq|white_sq|w_bishop|w_king|w_rook|white_sq|black_sq/w_rook|w_knight|w_queen|white_sq|black_sq|white_sq|black_sq|white_sq
relv_wK_bN_022,q4,1,"[[4, 2], [2, 4]]",8,8,white_sq|black_sq|b_bishop|b_king|white_sq|black_sq|white_sq|black_sq/black_sq|white_sq|black_sq|white_sq|black_sq|w_pawn|black_sq|white_sq/b_pawn|black_sq|white_sq|black_sq|b_knight|black_sq|white_sq|b_pawn/black_sq|b_rook|w_pawn|white_sq|black_sq|b_queen|w_rook|w_pawn/w_pawn|w_pawn|w_king|black_sq|white_sq|w_pawn|white_sq|black_sq/black_sq|white_sq|black_sq|w_bishop|w_pawn|white_sq|black_sq|white_sq/white_sq|black_sq|white_sq|black_sq|white_sq|black_sq|white_sq|black_sq/w_bishop|white_sq|black_sq|white_sq|black_sq|white_sq|black_sq|white_sq
relv_wK_bN_023,q4,0,"[[1, 5], [2, 0]]",8,8,white_sq|b_rook|white_sq|black_sq|b_king|b_bishop|white_sq|b_rook/b_pawn|b_pawn|black_sq|white_sq|black_sq|w_king|black_sq|white_sq/b_knight|black_sq|b_pawn|black_sq|white_sq|b_queen|b_pawn|b_pawn/black_sq|w_bishop|w_pawn|b_pawn|b_pawn|b_pawn|black_sq|white_sq/w_pawn|black_sq|white_sq|black_sq|w_pawn|w_bishop|b_bishop|black_sq/black_sq|w_knight|black_sq|w_pawn|black_sq|w_pawn|black_sq|white_sq/white_sq|w_pawn|w_queen|black_sq|white_sq|black_sq|w_pawn|w_pawn/w_rook|white_sq|black_sq|white_sq|black_sq|white_sq|w_knight|w_rook
relv_wK_bN_024,q4,0,"[[4, 2], [6, 2]]",8,8,b_rook|black_sq|b_bishop|b_queen|white_sq|b_king|b_rook|black_sq/black_sq|white_sq|b_pawn|b_pawn|black_sq|white_sq|b_pawn|white_sq/b_pawn|black_sq|white_sq|b_bishop|b_pawn|black_sq|white_sq|b_pawn/black_sq|white_sq|b_pawn|white_sq|black_sq|white_sq|black_sq|white_sq/white_sq|black_sq|w_king|black_sq|white_sq|black_sq|w_pawn|w_pawn/w_knight|w_pawn|black_sq|w_pawn|black_sq|w_pawn|black_sq|white_sq/w_pawn|w_bishop|b_knight|black_sq|w_pawn|black_sq|white_sq|w_rook/w_rook|white_sq|black_sq|white_sq|black_sq|w_bishop|w_knight|white_sq
relv_wK_bN_025,q4,1,"[[4, 6], [3, 4]]",8,8,b_rook|black_sq|b_bishop|b_queen|b_king|black_sq|white_sq|black_sq/w_bishop|b_pawn|b_pawn|b_pawn|b_bishop|b_pawn|b_pawn|b_rook/white_sq|black_sq|white_sq|black_sq|b_pawn|black_sq|white_sq|black_sq/b_pawn|white_sq|black_sq|white_sq|b_knight|white_sq|black_sq|b_pawn/w_pawn|black_sq|white_sq|black_sq|white_sq|black_sq|w_king|black_sq/black_sq|white_sq|w_pawn|w_pawn|black_sq|white_sq|w_pawn|white_sq/white_sq|w_pawn|white_sq|black_sq|w_pawn|w_pawn|white_sq|w_pawn/w_rook|w_knight|black_sq|w_queen|black_sq|w_bishop|w_knight|w_rook
relv_wK_bN_026,q4,1,"[[7, 1], [6, 0]]",8,8,white_sq|black_sq|white_sq|black_sq|b_king|black_sq|white_sq|b_rook/b_rook|white_sq|black_sq|b_pawn|b_queen|white_sq|black_sq|b_pawn/b_bishop|b_pawn|b_pawn|black_sq|white_sq|black_sq|b_pawn|black_sq/black_sq|white_sq|black_sq|w_knight|b_pawn|white_sq|black_sq|white_sq/b_pawn|w_pawn|white_sq|black_sq|white_sq|b_bishop|b_pawn|black_sq/w_pawn|white_sq|black_sq|white_sq|w_pawn|white_sq|black_sq|w_pawn/b_knight|black_sq|w_pawn|w_pawn|w_bishop|black_sq|w_pawn|black_sq/w_rook|w_king|w_bishop|white_sq|black_sq|white_sq|w_knight|w_rook
relv_wK_bN_027,q4,0,"[[1, 2], [5, 1]]",8,8,b_rook|black_sq|b_bishop|black_sq|white_sq|b_bishop|white_sq|b_rook/black_sq|b_pawn|w_king|b_pawn|black_sq|b_pawn|black_sq|b_pawn/white_sq|black_sq|white_sq|black_sq|white_sq|b_king|b_pawn|black_sq/b_pawn|white_sq|b_pawn|white_sq|b_pawn|white_sq|black_sq|white_sq/w_pawn|black_sq|white_sq|black_sq|w_pawn|black_sq|b_queen|black_sq/w_rook|b_knight|black_sq|white_sq|black_sq|white_sq|black_sq|white_sq/white_sq|w_pawn|w_pawn|w_pawn|white_sq|w_pawn|w_bishop|w_pawn/black_sq|w_knight|w_bishop|w_queen|black_sq|white_sq|w_knight|w_rook
relv_wK_bN_028,q4,0,"[[2, 2], [5, 6]]",8,8,white_sq|black_sq|white_sq|w_bishop|white_sq|black_sq|b_king|black_sq/black_sq|white_sq|b_pawn|white_sq|black_sq|white_sq|black_sq|b_pawn/white_sq|black_sq|w_king|black_sq|b_pawn|black_sq|white_sq|black_sq/b_pawn|white_sq|black_sq|white_sq|w_pawn|b_pawn|b_bishop|white_sq/white_sq|black_sq|white_sq|b_pawn|white_sq|black_sq|white_sq|w_pawn/b_pawn|w_rook|black_sq|white_sq|black_sq|white_sq|b_knight|white_sq/white_sq|w_pawn|w_pawn|black_sq|w_pawn|black_sq|w_pawn|black_sq/black_sq|w_rook|black_sq|white_sq|black_sq|w_bishop|black_sq|white_sq
relv_wK_bN_029,q4,1,"[[2, 4], [1, 3]]",8,8,b_rook|black_sq|b_bishop|b_queen|b_king|b_bishop|white_sq|b_rook/b_pawn|white_sq|black_sq|b_knight|b_pawn|b_pawn|black_sq|b_pawn/white_sq|black_sq|b_pawn|black_sq|w_king|black_sq|w_bishop|black_sq/black_sq|b_pawn|black_sq|b_pawn|black_sq|white_sq|b_pawn|white_sq/w_queen|black_sq|white_sq|black_sq|white_sq|w_pawn|white_sq|black_sq/black_sq|white_sq|w_pawn|white_sq|w_pawn|white_sq|black_sq|white_sq/w_pawn|w_pawn|white_sq|w_pawn|white_sq|black_sq|w_pawn|w_pawn/w_rook|w_knight|w_bishop|white_sq|black_sq|white_sq|w_knight|w_rook
relv_wK_bN_030,q4,1,"[[7, 0], [6, 6]]",8,8,white_sq|black_sq|white_sq|black_sq|b_king|b_bishop|white_sq|black_sq/black_sq|white_sq|b_rook|white_sq|black_sq|b_pawn|black_sq|b_pawn/b_pawn|black_sq|white_sq|b_pawn|white_sq|black_sq|white_sq|black_sq/black_sq|b_pawn|b_pawn|white_sq|b_pawn|b_bishop|b_queen|white_sq/w_pawn|black_sq|white_sq|black_sq|white_sq|black_sq|white_sq|w_pawn/black_sq|w_knight|w_pawn|white_sq|w_pawn|white_sq|w_pawn|w_rook/white_sq|w_pawn|white_sq|black_sq|white_sq|black_sq|b_knight|black_sq/w_king|w_rook|w_bishop|w_queen|black_sq|w_bishop|w_knight|white_sq
relv_wK_bN_031,q4,1,"[[3, 1], [1, 2]]",8,8,white_sq|black_sq|b_bishop|b_queen|b_rook|black_sq|white_sq|black_sq/b_rook|b_pawn|b_knight|b_pawn|black_sq|b_king|b_bishop|b_pawn/white_sq|black_sq|white_sq|b_pawn|white_sq|black_sq|white_sq|black_sq/black_sq|w_king|black_sq|w_pawn|b_pawn|w_pawn|black_sq|white_sq/b_pawn|black_sq|white_sq|black_sq|white_sq|w_pawn|white_sq|black_sq/w_knight|w_pawn|black_sq|white_sq|black_sq|white_sq|black_sq|white_sq/w_pawn|black_sq|w_pawn|black_sq|w_queen|black_sq|white_sq|w_pawn/black_sq|white_sq|w_rook|white_sq|black_sq|w_bishop|w_knight|w_rook
relv_wK_bN_032,q4,0,"[[4, 3], [5, 1]]",8,8,b_rook|black_sq|b_bishop|b_queen|b_king|b_bishop|white_sq|b_rook/b_pawn|b_pawn|b_pawn|b_pawn|black_sq|b_pawn|b_pawn|b_pawn/white_sq|black_sq|white_sq|black_sq|white_sq|black_sq|white_sq|black_sq/black_sq|white_sq|black_sq|white_sq|b_pawn|white_sq|black_sq|white_sq/white_sq|black_sq|white_sq|w_king|white_sq|black_sq|white_sq|black_sq/w_pawn|b_knight|black_sq|white_sq|black_sq|white_sq|black_sq|white_sq/white_sq|w_pawn|w_pawn|w_pawn|w_pawn|w_pawn|w_pawn|w_pawn/w_rook|w_knight|w_bishop|w_queen|black_sq|w_bishop|w_knight|w_rook
relv_wK_bN_033,q4,1,"[[4, 0], [2, 6]]",8,8,b_rook|black_sq|b_queen|black_sq|white_sq|w_bishop|white_sq|w_knight/black_sq|white_sq|black_sq|white_sq|black_sq|b_rook|black_sq|white_sq/b_bishop|black_sq|white_sq|black_sq|white_sq|b_king|b_knight|black_sq/b_pawn|w_bishop|black_sq|white_sq|b_pawn|b_pawn|b_pawn|b_pawn/w_king|black_sq|w_pawn|w_pawn|white_sq|black_sq|white_sq|black_sq/black_sq|white_sq|black_sq|white_sq|black_sq|b_pawn|w_pawn|white_sq/white_sq|black_sq|w_rook|black_sq|w_knight|black_sq|white_sq|w_pawn/black_sq|white_sq|black_sq|white_sq|w_rook|white_sq|black_sq|white_sq
relv_wK_bN_034,q4,0,"[[0, 3], [1, 3]]",8,8,white_sq|black_sq|white_sq|w_king|white_sq|b_king|white_sq|b_rook/b_pawn|white_sq|black_sq|b_knight|b_rook|white_sq|black_sq|white_sq/w_rook|w_pawn|white_sq|black_sq|b_pawn|b_bishop|white_sq|b_pawn/black_sq|white_sq|b_pawn|white_sq|black_sq|w_pawn|b_pawn|white_sq/white_sq|black_sq|w_pawn|b_pawn|w_pawn|black_sq|white_sq|black_sq/black_sq|w_pawn|black_sq|w_pawn|black_sq|white_sq|black_sq|white_sq/white_sq|black_sq|w_queen|black_sq|white_sq|w_knight|w_pawn|black_sq/black_sq|white_sq|w_bishop|white_sq|black_sq|white_sq|w_knight|white_sq
relv_wK_bN_035,q4,1,"[[5, 6], [4, 6]]",8,8,white_sq|black_sq|white_sq|black_sq|b_king|black_sq|white_sq|b_rook/b_rook|b_pawn|b_pawn|b_queen|b_bishop|white_sq|black_sq|b_pawn/white_sq|black_sq|white_sq|b_pawn|white_sq|black_sq|white_sq|black_sq/w_knight|b_bishop|black_sq|white_sq|black_sq|b_pawn|b_pawn|white_sq/b_pawn|black_sq|w_pawn|black_sq|white_sq|w_pawn|b_knight|black_sq/w_knight|white_sq|black_sq|w_pawn|black_sq|white_sq|w_king|w_pawn/w_pawn|black_sq|white_sq|black_sq|w_pawn|black_sq|w_pawn|black_sq/w_rook|white_sq|w_bishop|w_queen|black_sq|w_bishop|black_sq|w_rook
relv_wK_bN_036,q4,1,"[[5, 4], [3, 6]]",8,8,b_rook|black_sq|b_bishop|b_queen|b_king|b_bishop|white_sq|b_rook/black_sq|b_pawn|b_pawn|b_pawn|b_pawn|b_pawn|b_pawn|b_pawn/white_sq|black_sq|white_sq|black_sq|white_sq|black_sq|white_sq|black_sq/b_pawn|white_sq|black_sq|white_sq|black_sq|white_sq|b_knight|white_sq/white_sq|black_sq|white_sq|black_sq|white_sq|black_sq|white_sq|black_sq/black_sq|white_sq|black_sq|white_sq|w_king|white_sq|black_sq|w_pawn/w_pawn|w_pawn|w_pawn|w_pawn|w_pawn|w_pawn|w_pawn|black_sq/w_rook|w_knight|w_bishop|w_queen|black_sq|w_bishop|w_knight|w_rook
relv_wK_bN_037,q4,0,"[[2, 7], [3, 7]]",8,8,white_sq|black_sq|white_sq|b_rook|white_sq|b_king|white_sq|b_rook/black_sq|white_sq|black_sq|white_sq|black_sq|b_pawn|b_bishop|b_pawn/b_pawn|b_pawn|white_sq|b_pawn|white_sq|black_sq|b_pawn|w_king/black_sq|white_sq|black_sq|b_bishop|w_pawn|white_sq|black_sq|b_knight/w_pawn|black_sq|w_pawn|w_pawn|white_sq|w_knight|b_queen|black_sq/black_sq|white_sq|w_knight|b_pawn|black_sq|white_sq|black_sq|w_pawn/white_sq|w_pawn|white_sq|black_sq|white_sq|w_pawn|white_sq|black_sq/black_sq|w_rook|w_bishop|white_sq|black_sq|w_rook|black_sq|white_sq
relv_wK_bN_038,q4,0,"[[0, 3], [5, 5]]",8,8,white_sq|black_sq|white_sq|w_king|white_sq|w_knight|white_sq|w_knight/b_rook|b_pawn|b_king|white_sq|black_sq|white_sq|black_sq|white_sq/white_sq|black_sq|white_sq|black_sq|white_sq|black_sq|white_sq|black_sq/black_sq|w_bishop|b_pawn|white_sq|b_pawn|w_pawn|black_sq|white_sq/white_sq|black_sq|white_sq|w_pawn|w_queen|black_sq|white_sq|black_sq/w_knight|white_sq|black_sq|white_sq|black_sq|b_knight|black_sq|white_sq/w_pawn|black_sq|white_sq|b_queen|white_sq|black_sq|white_sq|black_sq/black_sq|white_sq|w_rook|white_sq|black_sq|white_sq|black_sq|white_sq
relv_wK_bN_039,q4,0,"[[0, 5], [1, 2]]",8,8,b_rook|black_sq|b_bishop|black_sq|white_sq|w_king|white_sq|b_bishop/black_sq|white_sq|b_knight|white_sq|black_sq|b_king|black_sq|white_sq/b_pawn|b_pawn|white_sq|black_sq|b_pawn|b_rook|white_sq|black_sq/w_pawn|w_rook|w_pawn|b_pawn|black_sq|white_sq|black_sq|white_sq/white_sq|black_sq|white_sq|w_bishop|w_pawn|black_sq|w_pawn|black_sq/w_knight|white_sq|black_sq|white_sq|black_sq|w_pawn|black_sq|w_knight/white_sq|w_pawn|w_pawn|black_sq|white_sq|black_sq|white_sq|b_pawn/black_sq|white_sq|black_sq|white_sq|black_sq|w_bishop|black_sq|white_sq
relv_wK_bN_040,q4,1,"[[7, 0], [4, 7]]",8,8,white_sq|black_sq|white_sq|black_sq|white_sq|black_sq|white_sq|black_sq/b_rook|white_sq|black_sq|white_sq|black_sq|b_pawn|b_bishop|b_pawn/white_sq|black_sq|b_pawn|black_sq|white_sq|black_sq|white_sq|black_sq/black_sq|white_sq|b_queen|w_pawn|black_sq|white_sq|black_sq|white_sq/white_sq|black_sq|white_sq|black_sq|white_sq|b_king|w_knight|b_knight/b_pawn|w_pawn|black_sq|white_sq|black_sq|white_sq|black_sq|white_sq/white_sq|black_sq|white_sq|black_sq|w_pawn|black_sq|w_bishop|black_sq/w_king|w_knight|black_sq|white_sq|black_sq|white_sq|black_sq|white_sq
relv_wK_bN_041,q4,1,"[[7, 1], [4, 4]]",8,8,b_rook|black_sq|white_sq|black_sq|white_sq|b_bishop|b_rook|black_sq/black_sq|white_sq|b_pawn|b_king|black_sq|white_sq|b_pawn|white_sq/white_sq|black_sq|white_sq|black_sq|white_sq|black_sq|white_sq|black_sq/black_sq|w_pawn|black_sq|white_sq|b_pawn|w_knight|w_bishop|b_pawn/white_sq|b_pawn|white_sq|black_sq|b_knight|black_sq|w_pawn|w_pawn/black_sq|white_sq|w_pawn|b_bishop|black_sq|w_pawn|black_sq|white_sq/white_sq|black_sq|white_sq|w_queen|w_pawn|black_sq|white_sq|w_rook/black_sq|w_king|black_sq|white_sq|black_sq|w_bishop|black_sq|white_sq
relv_wK_bN_042,q4,1,"[[4, 7], [1, 3]]",8,8,b_rook|black_sq|b_bishop|black_sq|white_sq|b_king|white_sq|b_rook/black_sq|b_pawn|b_pawn|b_knight|b_queen|white_sq|b_pawn|white_sq/white_sq|black_sq|white_sq|black_sq|b_pawn|black_sq|white_sq|black_sq/b_pawn|w_pawn|black_sq|b_pawn|black_sq|w_pawn|b_pawn|b_pawn/w_pawn|black_sq|white_sq|black_sq|white_sq|black_sq|white_sq|w_king/b_bishop|white_sq|black_sq|w_pawn|w_pawn|w_knight|black_sq|w_knight/white_sq|black_sq|w_pawn|black_sq|white_sq|black_sq|white_sq|w_pawn/w_rook|white_sq|w_bishop|white_sq|w_queen|w_bishop|black_sq|w_rook
relv_wK_bN_043,q4,1,"[[6, 4], [5, 0]]",8,8,b_rook|black_sq|w_knight|black_sq|b_king|black_sq|white_sq|black_sq/b_pawn|white_sq|black_sq|b_pawn|black_sq|white_sq|black_sq|white_sq/white_sq|black_sq|b_pawn|black_sq|white_sq|b_rook|b_pawn|black_sq/w_pawn|white_sq|b_bishop|white_sq|b_pawn|white_sq|b_queen|white_sq/white_sq|black_sq|white_sq|w_pawn|w_pawn|black_sq|w_pawn|w_pawn/b_knight|white_sq|w_rook|white_sq|black_sq|white_sq|black_sq|white_sq/white_sq|w_pawn|w_pawn|black_sq|w_king|black_sq|white_sq|black_sq/black_sq|white_sq|black_sq|white_sq|black_sq|white_sq|w_knight|w_rook
relv_wK_bN_044,q4,1,"[[5, 3], [1, 5]]",8,8,b_rook|black_sq|b_bishop|black_sq|white_sq|b_rook|b_king|black_sq/w_queen|white_sq|black_sq|b_queen|b_bishop|b_knight|black_sq|b_pawn/white_sq|b_pawn|white_sq|b_pawn|white_sq|black_sq|b_pawn|black_sq/black_sq|white_sq|b_pawn|white_sq|b_pawn|w_pawn|black_sq|white_sq/white_sq|black_sq|w_pawn|black_sq|w_pawn|black_sq|white_sq|black_sq/black_sq|white_sq|w_knight|w_king|black_sq|w_pawn|black_sq|w_pawn/w_pawn|w_pawn|white_sq|w_pawn|w_knight|black_sq|white_sq|w_rook/w_rook|white_sq|w_bishop|white_sq|black_sq|w_bishop|black_sq|white_sq
relv_wK_bN_045,q4,1,"[[7, 0], [6, 2]]",8,8,b_bishop|black_sq|white_sq|black_sq|white_sq|b_king|white_sq|black_sq/black_sq|white_sq|b_pawn|white_sq|black_sq|w_knight|black_sq|white_sq/b_rook|black_sq|white_sq|b_pawn|white_sq|black_sq|white_sq|black_sq/b_pawn|w_pawn|black_sq|white_sq|black_sq|b_queen|b_pawn|w_queen/white_sq|black_sq|w_pawn|black_sq|white_sq|black_sq|w_pawn|black_sq/black_sq|w_pawn|black_sq|white_sq|black_sq|w_pawn|black_sq|white_sq/white_sq|black_sq|b_knight|b_bishop|white_sq|black_sq|white_sq|w_pawn/w_king|w_rook|w_bishop|white_sq|black_sq|white_sq|black_sq|w_rook
relv_wK_bN_046,q4,1,"[[6, 2], [5, 2]]",8,8,white_sq|black_sq|b_king|black_sq|white_sq|black_sq|b_rook|black_sq/b_rook|b_bishop|black_sq|b_pawn|black_sq|white_sq|black_sq|white_sq/white_sq|b_pawn|white_sq|black_sq|white_sq|black_sq|white_sq|b_pawn/b_pawn|white_sq|black_sq|w_pawn|black_sq|w_pawn|w_pawn|white_sq/w_pawn|black_sq|white_sq|black_sq|b_pawn|b_bishop|white_sq|black_sq/black_sq|w_pawn|b_knight|w_pawn|black_sq|w_rook|black_sq|w_knight/white_sq|black_sq|w_king|black_sq|white_sq|black_sq|white_sq|black_sq/black_sq|white_sq|w_rook|white_sq|black_sq|w_bishop|black_sq|white_sq
relv_wK_bN_047,q4,0,"[[3, 4], [4, 7]]",8,8,b_rook|black_sq|b_bishop|b_queen|b_king|b_bishop|white_sq|b_rook/b_pawn|b_pawn|black_sq|b_pawn|b_pawn|b_pawn|black_sq|white_sq/white_sq|black_sq|b_pawn|black_sq|white_sq|black_sq|white_sq|black_sq/black_sq|white_sq|black_sq|white_sq|w_king|white_sq|b_pawn|b_pawn/white_sq|black_sq|white_sq|black_sq|w_pawn|black_sq|w_pawn|b_knight/w_pawn|white_sq|black_sq|white_sq|black_sq|w_pawn|black_sq|white_sq/white_sq|w_pawn|w_pawn|w_pawn|white_sq|black_sq|white_sq|w_pawn/w_rook|w_knight|w_bishop|w_queen|black_sq|w_bishop|w_knight|w_rook
relv_wK_bN_048,q4,0,"[[3, 0], [6, 2]]",8,8,white_sq|b_rook|b_bishop|black_sq|white_sq|b_bishop|white_sq|b_rook/black_sq|b_pawn|black_sq|b_pawn|black_sq|white_sq|b_pawn|white_sq/b_pawn|black_sq|white_sq|w_pawn|w_pawn|b_pawn|white_sq|b_pawn/w_king|white_sq|b_pawn|white_sq|black_sq|b_pawn|black_sq|b_king/white_sq|black_sq|w_bishop|w_knight|white_sq|black_sq|white_sq|black_sq/black_sq|white_sq|w_pawn|white_sq|black_sq|w_rook|w_pawn|w_knight/w_pawn|w_bishop|b_knight|black_sq|white_sq|black_sq|white_sq|w_pawn/w_rook|white_sq|black_sq|white_sq|black_sq|white_sq|black_sq|white_sq
relv_wK_bN_049,q4,0,"[[1, 6], [3, 0]]",8,8,b_rook|black_sq|b_bishop|black_sq|b_king|black_sq|white_sq|black_sq/black_sq|white_sq|b_pawn|b_queen|w_bishop|white_sq|w_king|white_sq/b_pawn|b_pawn|white_sq|w_pawn|white_sq|black_sq|white_sq|b_rook/b_knight|white_sq|black_sq|white_sq|w_knight|b_pawn|b_pawn|white_sq/white_sq|w_pawn|white_sq|w_pawn|white_sq|black_sq|white_sq|b_pawn/black_sq|white_sq|w_pawn|white_sq|black_sq|white_sq|black_sq|white_sq/w_pawn|black_sq|white_sq|black_sq|white_sq|w_pawn|w_pawn|w_pawn/w_rook|w_knight|w_queen|white_sq|black_sq|w_bishop|w_rook|white_sq
relv_wK_bN_050,q4,1,"[[6, 1], [5, 4]]",8,8,b_bishop|black_sq|white_sq|black_sq|white_sq|b_king|white_sq|black_sq/black_sq|white_sq|b_pawn|white_sq|black_sq|w_knight|black_sq|white_sq/b_rook|black_sq|white_sq|b_pawn|white_sq|black_sq|white_sq|black_sq/b_pawn|w_pawn|black_sq|white_sq|black_sq|b_queen|b_pawn|w_queen/white_sq|black_sq|w_pawn|black_sq|white_sq|black_sq|w_pawn|black_sq/black_sq|w_pawn|black_sq|white_sq|b_knight|w_pawn|black_sq|white_sq/white_sq|w_king|white_sq|b_bishop|white_sq|black_sq|white_sq|w_pawn/black_sq|w_rook|w_bishop|white_sq|black_sq|white_sq|black_sq|w_rook
relv_wK_bN_051,q4,1,"[[5, 7], [4, 6]]",8,8,b_rook|black_sq|b_bishop|b_queen|b_king|b_bishop|white_sq|b_rook/b_pawn|white_sq|b_pawn|b_pawn|b_pawn|b_pawn|b_pawn|b_pawn/white_sq|black_sq|white_sq|black_sq|white_sq|black_sq|white_sq|black_sq/black_sq|b_pawn|black_sq|white_sq|black_sq|white_sq|black_sq|white_sq/white_sq|black_sq|white_sq|black_sq|white_sq|black_sq|b_knight|black_sq/black_sq|white_sq|black_sq|white_sq|black_sq|w_knight|black_sq|w_king/w_pawn|w_pawn|w_pawn|w_pawn|w_pawn|w_pawn|w_pawn|w_pawn/w_rook|w_knight|w_bishop|w_queen|black_sq|w_bishop|black_sq|w_rook
relv_wK_bN_052,q4,0,"[[0, 1], [2, 4]]",8,8,b_rook|w_king|b_bishop|b_queen|white_sq|black_sq|white_sq|b_rook/black_sq|b_pawn|black_sq|b_pawn|b_pawn|white_sq|black_sq|b_pawn/b_pawn|black_sq|white_sq|black_sq|b_knight|b_pawn|white_sq|black_sq/black_sq|white_sq|b_pawn|white_sq|b_king|white_sq|b_pawn|white_sq/white_sq|w_pawn|white_sq|black_sq|white_sq|black_sq|white_sq|w_pawn/w_pawn|white_sq|black_sq|white_sq|black_sq|w_pawn|black_sq|white_sq/white_sq|black_sq|white_sq|black_sq|w_pawn|black_sq|w_pawn|black_sq/w_rook|w_knight|w_queen|white_sq|black_sq|w_bishop|w_knight|w_rook
relv_wK_bN_053,q4,1,"[[7, 2], [5, 5]]",8,8,white_sq|black_sq|b_bishop|black_sq|b_queen|black_sq|white_sq|b_rook/black_sq|b_pawn|b_pawn|white_sq|black_sq|white_sq|b_pawn|b_pawn/white_sq|black_sq|b_rook|b_bishop|w_knight|b_king|white_sq|black_sq/black_sq|w_knight|black_sq|white_sq|black_sq|b_pawn|black_sq|white_sq/b_pawn|black_sq|white_sq|black_sq|w_pawn|black_sq|white_sq|black_sq/black_sq|white_sq|black_sq|w_pawn|w_bishop|b_knight|black_sq|w_pawn/w_pawn|w_pawn|w_queen|black_sq|white_sq|w_pawn|w_pawn|black_sq/w_rook|white_sq|w_king|white_sq|black_sq|w_bishop|black_sq|w_rook
relv_wK_bN_054,q4,0,"[[1, 7], [2, 3]]",8,8,b_rook|black_sq|b_bishop|black_sq|white_sq|b_bishop|white_sq|b_rook/black_sq|white_sq|b_pawn|b_pawn|black_sq|b_pawn|black_sq|w_king/b_pawn|w_pawn|white_sq|b_knight|white_sq|b_king|white_sq|black_sq/w_pawn|white_sq|black_sq|white_sq|black_sq|b_pawn|b_pawn|white_sq/white_sq|b_queen|white_sq|w_pawn|w_pawn|black_sq|w_pawn|b_pawn/w_rook|white_sq|black_sq|white_sq|black_sq|w_pawn|black_sq|white_sq/white_sq|w_pawn|white_sq|w_queen|white_sq|black_sq|white_sq|w_pawn/black_sq|w_knight|w_bishop|white_sq|black_sq|white_sq|w_knight|w_rook
relv_wK_bN_055,q4,0,"[[0, 2], [6, 3]]",8,8,white_sq|black_sq|w_king|b_rook|white_sq|black_sq|white_sq|b_rook/b_bishop|white_sq|black_sq|white_sq|w_bishop|b_bishop|b_king|white_sq/white_sq|b_pawn|white_sq|black_sq|w_pawn|black_sq|w_pawn|black_sq/b_pawn|white_sq|black_sq|w_bishop|black_sq|white_sq|black_sq|b_pawn/w_pawn|w_pawn|white_sq|b_pawn|white_sq|black_sq|white_sq|black_sq/black_sq|white_sq|w_pawn|white_sq|black_sq|white_sq|black_sq|w_rook/white_sq|black_sq|white_sq|b_knight|white_sq|black_sq|white_sq|black_sq/w_rook|w_knight|w_queen|white_sq|black_sq|white_sq|black_sq|white_sq
relv_wK_bN_056,q4,0,"[[0, 7], [1, 3]]",8,8,white_sq|black_sq|white_sq|black_sq|white_sq|black_sq|b_rook|w_king/black_sq|white_sq|b_rook|b_knight|black_sq|b_king|b_pawn|white_sq/white_sq|black_sq|white_sq|black_sq|white_sq|black_sq|b_pawn|black_sq/b_pawn|b_bishop|b_pawn|b_pawn|w_pawn|white_sq|black_sq|white_sq/white_sq|b_pawn|w_pawn|w_pawn|white_sq|w_bishop|white_sq|black_sq/black_sq|white_sq|black_sq|white_sq|black_sq|w_pawn|black_sq|white_sq/w_pawn|w_pawn|white_sq|black_sq|white_sq|w_pawn|w_rook|w_pawn/black_sq|white_sq|w_rook|white_sq|black_sq|white_sq|black_sq|white_sq
relv_wK_bN_057,q4,0,"[[0, 2], [1, 5]]",8,8,b_rook|black_sq|w_king|black_sq|b_rook|black_sq|white_sq|black_sq/black_sq|white_sq|black_sq|white_sq|black_sq|b_knight|black_sq|white_sq/white_sq|black_sq|w_pawn|b_king|w_knight|black_sq|white_sq|black_sq/black_sq|white_sq|b_pawn|white_sq|black_sq|white_sq|black_sq|w_pawn/b_pawn|black_sq|white_sq|b_pawn|white_sq|black_sq|white_sq|black_sq/w_knight|b_bishop|w_bishop|white_sq|b_pawn|white_sq|black_sq|white_sq/white_sq|black_sq|w_pawn|black_sq|white_sq|w_pawn|w_pawn|w_rook/w_rook|white_sq|black_sq|white_sq|black_sq|w_bishop|black_sq|white_sq
relv_wK_bN_058,q4,0,"[[0, 1], [2, 0]]",8,8,b_rook|w_king|b_bishop|black_sq|b_king|b_bishop|white_sq|b_rook/b_pawn|white_sq|black_sq|b_pawn|b_pawn|b_pawn|black_sq|white_sq/b_knight|black_sq|b_pawn|black_sq|white_sq|black_sq|b_pawn|b_pawn/black_sq|w_knight|black_sq|white_sq|black_sq|white_sq|w_pawn|white_sq/white_sq|w_pawn|white_sq|black_sq|white_sq|black_sq|white_sq|b_queen/w_pawn|white_sq|black_sq|white_sq|black_sq|white_sq|black_sq|w_bishop/white_sq|black_sq|w_pawn|w_pawn|w_pawn|w_pawn|white_sq|w_pawn/w_rook|white_sq|w_bishop|w_queen|black_sq|white_sq|w_knight|w_rook
relv_wK_bN_059,q4,0,"[[2, 4], [3, 0]]",8,8,b_rook|black_sq|b_bishop|black_sq|b_king|black_sq|white_sq|black_sq/b_pawn|white_sq|black_sq|b_pawn|black_sq|white_sq|black_sq|white_sq/white_sq|black_sq|white_sq|b_bishop|w_king|black_sq|white_sq|b_rook/b_knight|b_pawn|b_pawn|white_sq|black_sq|b_pawn|black_sq|b_pawn/w_pawn|black_sq|white_sq|w_pawn|white_sq|b_pawn|white_sq|w_pawn/w_queen|white_sq|black_sq|white_sq|black_sq|w_pawn|black_sq|w_rook/white_sq|w_pawn|w_pawn|black_sq|w_pawn|black_sq|w_bishop|black_sq/w_rook|w_knight|black_sq|white_sq|black_sq|white_sq|w_knight|white_sq
relv_wK_bN_060,q4,0,"[[0, 2], [1, 1]]",8,8,b_rook|black_sq|w_king|b_queen|b_king|black_sq|white_sq|b_rook/black_sq|b_knight|black_sq|white_sq|black_sq|white_sq|b_bishop|white_sq/white_sq|black_sq|b_pawn|black_sq|white_sq|black_sq|b_pawn|black_sq/w_pawn|white_sq|black_sq|w_pawn|w_pawn|w_queen|black_sq|white_sq/white_sq|black_sq|white_sq|black_sq|white_sq|w_pawn|white_sq|b_pawn/b_pawn|white_sq|black_sq|white_sq|black_sq|white_sq|black_sq|w_pawn/w_pawn|w_rook|w_pawn|black_sq|w_bishop|black_sq|w_pawn|black_sq/black_sq|white_sq|w_bishop|white_sq|black_sq|white_sq|w_knight|w_rook
relv_wK_bN_061,q4,1,"[[3, 6], [2, 1]]",8,8,white_sq|black_sq|white_sq|b_king|white_sq|b_rook|white_sq|black_sq/black_sq|b_rook|black_sq|white_sq|black_sq|white_sq|b_bishop|w_queen/white_sq|b_knight|b_pawn|black_sq|white_sq|black_sq|white_sq|black_sq/b_pawn|white_sq|black_sq|white_sq|w_bishop|white_sq|w_king|b_pawn/w_pawn|black_sq|white_sq|b_pawn|white_sq|black_sq|white_sq|black_sq/black_sq|white_sq|w_pawn|white_sq|black_sq|white_sq|w_pawn|w_knight/w_rook|black_sq|white_sq|black_sq|w_pawn|w_rook|white_sq|black_sq/black_sq|white_sq|black_sq|white_sq|black_sq|white_sq|black_sq|w_bishop
relv_wK_bN_062,q4,0,"[[0, 0], [2, 0]]",8,8,w_king|black_sq|b_bishop|black_sq|white_sq|black_sq|white_sq|black_sq/b_rook|white_sq|black_sq|b_pawn|black_sq|white_sq|b_king|white_sq/b_knight|black_sq|b_pawn|black_sq|white_sq|black_sq|b_pawn|b_rook/w_pawn|white_sq|w_pawn|w_pawn|b_queen|white_sq|b_bishop|white_sq/w_bishop|black_sq|w_knight|w_queen|b_pawn|b_pawn|white_sq|b_pawn/w_bishop|white_sq|black_sq|white_sq|w_pawn|white_sq|w_pawn|white_sq/white_sq|w_rook|white_sq|black_sq|white_sq|black_sq|white_sq|w_pawn/black_sq|white_sq|black_sq|white_sq|black_sq|white_sq|black_sq|w_rook
relv_wK_bN_063,q4,1,"[[7, 1], [6, 5]]",8,8,b_rook|black_sq|white_sq|black_sq|white_sq|black_sq|white_sq|black_sq/b_pawn|b_bishop|black_sq|b_pawn|black_sq|b_king|b_rook|white_sq/white_sq|black_sq|b_pawn|b_queen|white_sq|b_pawn|white_sq|b_bishop/black_sq|b_pawn|black_sq|white_sq|b_pawn|white_sq|b_pawn|b_pawn/w_pawn|black_sq|white_sq|black_sq|w_pawn|black_sq|white_sq|black_sq/w_knight|w_pawn|w_pawn|white_sq|w_queen|w_pawn|w_pawn|white_sq/white_sq|w_bishop|white_sq|w_pawn|white_sq|b_knight|white_sq|w_pawn/w_rook|w_king|black_sq|white_sq|black_sq|w_bishop|w_knight|w_rook
relv_wK_bN_064,q4,0,"[[0, 5], [4, 4]]",8,8,b_rook|black_sq|white_sq|black_sq|white_sq|w_king|b_rook|black_sq/b_pawn|b_bishop|black_sq|white_sq|black_sq|white_sq|b_queen|b_pawn/white_sq|black_sq|white_sq|black_sq|b_king|black_sq|w_pawn|b_bishop/w_pawn|white_sq|w_pawn|b_pawn|black_sq|white_sq|black_sq|white_sq/white_sq|black_sq|white_sq|black_sq|b_knight|black_sq|white_sq|black_sq/black_sq|w_pawn|black_sq|w_bishop|w_pawn|w_knight|black_sq|white_sq/white_sq|black_sq|white_sq|black_sq|white_sq|w_pawn|white_sq|black_sq/black_sq|white_sq|black_sq|white_sq|w_rook|white_sq|black_sq|w_rook
relv_wK_bN_065,q4,0,"[[3, 0], [6, 7]]",8,8,b_bishop|black_sq|white_sq|black_sq|white_sq|b_bishop|b_rook|black_sq/black_sq|b_king|black_sq|b_pawn|b_pawn|white_sq|b_pawn|white_sq/white_sq|black_sq|white_sq|black_sq|white_sq|black_sq|white_sq|black_sq/w_king|w_pawn|b_pawn|white_sq|black_sq|w_pawn|black_sq|white_sq/white_sq|black_sq|white_sq|black_sq|white_sq|w_pawn|w_knight|black_sq/black_sq|white_sq|w_knight|w_pawn|black_sq|white_sq|w_pawn|w_rook/white_sq|black_sq|white_sq|black_sq|white_sq|black_sq|w_queen|b_knight/black_sq|white_sq|black_sq|white_sq|black_sq|white_sq|black_sq|white_sq
relv_wK_bN_066,q4,0,"[[2, 0], [3, 6]]",8,8,b_rook|black_sq|white_sq|b_queen|b_king|b_bishop|white_sq|b_rook/b_pawn|b_bishop|b_pawn|b_pawn|b_pawn|b_pawn|black_sq|white_sq/w_king|b_pawn|white_sq|black_sq|white_sq|black_sq|b_pawn|black_sq/black_sq|w_knight|black_sq|white_sq|black_sq|white_sq|b_knight|b_pawn/w_pawn|black_sq|white_sq|black_sq|w_pawn|w_pawn|white_sq|w_pawn/black_sq|white_sq|black_sq|white_sq|black_sq|white_sq|black_sq|white_sq/white_sq|w_pawn|w_pawn|w_pawn|white_sq|black_sq|w_pawn|black_sq/w_rook|white_sq|w_bishop|w_queen|black_sq|w_bishop|w_knight|w_rook
relv_wK_bN_067,q4,1,"[[5, 4], [2, 2]]",8,8,white_sq|black_sq|b_bishop|b_king|white_sq|black_sq|white_sq|black_sq/b_rook|white_sq|black_sq|b_pawn|black_sq|b_pawn|black_sq|white_sq/white_sq|black_sq|b_knight|w_pawn|white_sq|black_sq|b_pawn|black_sq/b_pawn|b_pawn|black_sq|white_sq|b_rook|white_sq|black_sq|white_sq/white_sq|black_sq|white_sq|black_sq|white_sq|black_sq|w_pawn|black_sq/w_pawn|w_pawn|w_pawn|white_sq|w_king|b_queen|black_sq|w_pawn/white_sq|black_sq|white_sq|w_bishop|white_sq|w_rook|white_sq|black_sq/w_rook|white_sq|black_sq|white_sq|black_sq|white_sq|black_sq|white_sq
relv_wK_bN_068,q4,0,"[[0, 6], [1, 6]]",8,8,b_rook|black_sq|b_bishop|black_sq|b_king|black_sq|w_king|black_sq/b_pawn|white_sq|black_sq|b_pawn|black_sq|white_sq|b_knight|white_sq/white_sq|black_sq|white_sq|b_bishop|white_sq|black_sq|white_sq|b_rook/black_sq|b_pawn|b_pawn|white_sq|black_sq|b_pawn|black_sq|b_pawn/w_pawn|black_sq|white_sq|w_pawn|white_sq|b_pawn|white_sq|w_pawn/w_queen|white_sq|black_sq|white_sq|black_sq|w_pawn|black_sq|w_rook/white_sq|w_pawn|w_pawn|black_sq|w_pawn|black_sq|w_bishop|black_sq/w_rook|w_knight|black_sq|white_sq|black_sq|white_sq|w_knight|white_sq
relv_wK_bN_069,q4,0,"[[2, 0], [5, 7]]",8,8,b_rook|black_sq|b_bishop|b_queen|b_king|b_bishop|white_sq|b_rook/b_pawn|b_pawn|b_pawn|white_sq|b_pawn|b_pawn|b_pawn|b_pawn/w_king|black_sq|white_sq|black_sq|white_sq|black_sq|white_sq|black_sq/black_sq|white_sq|black_sq|b_pawn|black_sq|white_sq|black_sq|white_sq/white_sq|black_sq|white_sq|black_sq|white_sq|black_sq|w_pawn|black_sq/black_sq|white_sq|black_sq|white_sq|black_sq|white_sq|black_sq|b_knight/w_pawn|w_pawn|w_pawn|w_pawn|w_pawn|w_pawn|white_sq|w_pawn/w_rook|w_knight|w_bishop|w_queen|black_sq|w_bishop|w_knight|w_rook
relv_wK_bN_070,q4,1,"[[7, 4], [4, 7]]",8,8,b_rook|black_sq|b_bishop|b_queen|b_king|b_bishop|white_sq|b_rook/b_pawn|b_pawn|black_sq|b_pawn|b_pawn|b_pawn|black_sq|white_sq/white_sq|black_sq|b_pawn|black_sq|white_sq|black_sq|white_sq|black_sq/black_sq|white_sq|black_sq|white_sq|black_sq|white_sq|b_pawn|b_pawn/white_sq|black_sq|white_sq|black_sq|w_pawn|black_sq|w_pawn|b_knight/w_pawn|white_sq|black_sq|white_sq|black_sq|w_pawn|black_sq|white_sq/white_sq|w_pawn|w_pawn|w_pawn|white_sq|black_sq|white_sq|w_pawn/w_rook|w_knight|w_bishop|w_queen|w_king|w_bishop|w_knight|w_rook
relv_wK_bN_071,q4,0,"[[2, 2], [3, 4]]",8,8,b_rook|black_sq|b_bishop|b_queen|white_sq|black_sq|white_sq|b_rook/black_sq|white_sq|b_pawn|white_sq|b_bishop|white_sq|b_pawn|white_sq/white_sq|black_sq|w_king|black_sq|b_pawn|b_king|white_sq|b_pawn/b_pawn|b_pawn|black_sq|b_pawn|b_knight|b_pawn|black_sq|w_pawn/w_pawn|w_pawn|white_sq|black_sq|white_sq|black_sq|white_sq|black_sq/w_queen|white_sq|w_pawn|w_pawn|black_sq|white_sq|w_pawn|white_sq/white_sq|w_bishop|white_sq|black_sq|w_pawn|w_pawn|w_bishop|black_sq/w_rook|w_knight|black_sq|white_sq|black_sq|white_sq|w_knight|w_rook
relv_wK_bN_072,q4,1,"[[7, 6], [4, 0]]",8,8,w_rook|black_sq|white_sq|black_sq|white_sq|black_sq|b_rook|black_sq/black_sq|white_sq|b_king|white_sq|black_sq|white_sq|black_sq|white_sq/white_sq|black_sq|white_sq|b_pawn|white_sq|b_pawn|b_pawn|black_sq/b_bishop|white_sq|black_sq|white_sq|black_sq|white_sq|w_pawn|b_pawn/b_knight|w_queen|white_sq|w_pawn|white_sq|black_sq|white_sq|w_pawn/black_sq|white_sq|black_sq|white_sq|w_pawn|b_bishop|black_sq|white_sq/white_sq|w_pawn|white_sq|w_bishop|w_bishop|black_sq|white_sq|black_sq/black_sq|w_knight|black_sq|white_sq|w_knight|white_sq|w_king|white_sq
relv_wK_bN_073,q4,1,"[[7, 2], [2, 3]]",8,8,b_rook|black_sq|w_knight|black_sq|b_king|black_sq|white_sq|black_sq/b_pawn|white_sq|black_sq|b_pawn|black_sq|white_sq|black_sq|white_sq/white_sq|black_sq|b_pawn|b_knight|white_sq|b_rook|b_pawn|black_sq/w_pawn|white_sq|b_bishop|white_sq|b_pawn|white_sq|b_queen|white_sq/white_sq|black_sq|white_sq|w_pawn|w_pawn|black_sq|w_pawn|w_pawn/black_sq|white_sq|w_rook|white_sq|black_sq|white_sq|black_sq|white_sq/white_sq|w_pawn|w_pawn|black_sq|white_sq|black_sq|white_sq|black_sq/black_sq|white_sq|w_king|white_sq|black_sq|white_sq|w_knight|w_rook
relv_wK_bN_074,q4,1,"[[3, 6], [2, 5]]",8,8,white_sq|b_rook|white_sq|black_sq|white_sq|b_bishop|white_sq|black_sq/b_pawn|b_pawn|black_sq|b_king|b_pawn|b_pawn|b_pawn|b_rook/white_sq|black_sq|b_pawn|black_sq|white_sq|b_knight|white_sq|black_sq/black_sq|white_sq|black_sq|white_sq|b_pawn|white_sq|w_king|white_sq/white_sq|w_pawn|w_pawn|black_sq|w_pawn|w_bishop|white_sq|b_pawn/black_sq|white_sq|black_sq|w_pawn|w_pawn|w_rook|black_sq|w_pawn/w_pawn|black_sq|white_sq|black_sq|b_bishop|black_sq|white_sq|black_sq/w_rook|w_knight|black_sq|w_queen|black_sq|white_sq|black_sq|white_sq
relv_wK_bN_075,q4,1,"[[4, 0], [3, 3]]",8,8,white_sq|black_sq|white_sq|black_sq|b_king|black_sq|b_rook|black_sq/b_bishop|white_sq|black_sq|white_sq|black_sq|white_sq|b_pawn|white_sq/white_sq|black_sq|b_pawn|black_sq|white_sq|black_sq|white_sq|black_sq/w_pawn|white_sq|black_sq|b_knight|b_pawn|b_queen|black_sq|white_sq/w_king|black_sq|w_pawn|black_sq|white_sq|black_sq|b_pawn|b_pawn/black_sq|white_sq|black_sq|white_sq|w_bishop|w_knight|black_sq|b_bishop/white_sq|black_sq|white_sq|black_sq|white_sq|black_sq|white_sq|black_sq/black_sq|b_rook|w_queen|white_sq|black_sq|white_sq|black_sq|white_sq
relv_wK_bN_076,q4,0,"[[1, 1], [2, 5]]",8,8,white_sq|black_sq|b_rook|black_sq|b_king|black_sq|white_sq|b_rook/black_sq|w_king|black_sq|b_bishop|black_sq|white_sq|black_sq|white_sq/white_sq|black_sq|w_pawn|black_sq|b_pawn|b_knight|white_sq|black_sq/b_pawn|white_sq|black_sq|white_sq|black_sq|white_sq|b_pawn|w_pawn/white_sq|b_pawn|w_bishop|black_sq|white_sq|b_pawn|white_sq|w_pawn/w_pawn|w_pawn|black_sq|white_sq|w_pawn|w_pawn|black_sq|white_sq/white_sq|b_bishop|white_sq|black_sq|white_sq|black_sq|white_sq|w_rook/black_sq|b_queen|w_bishop|white_sq|black_sq|white_sq|w_knight|white_sq
relv_wK_bN_077,q4,0,"[[2, 5], [4, 2]]",8,8,white_sq|b_rook|b_bishop|b_queen|b_king|b_bishop|white_sq|b_rook/black_sq|white_sq|b_pawn|b_pawn|b_pawn|white_sq|black_sq|b_pawn/white_sq|b_pawn|white_sq|black_sq|white_sq|w_king|white_sq|black_sq/b_pawn|white_sq|black_sq|w_knight|black_sq|b_pawn|black_sq|w_queen/white_sq|black_sq|b_knight|black_sq|white_sq|black_sq|white_sq|black_sq/black_sq|w_pawn|black_sq|w_pawn|black_sq|white_sq|black_sq|white_sq/w_pawn|w_bishop|w_pawn|black_sq|white_sq|w_pawn|w_pawn|w_pawn/w_rook|w_knight|black_sq|white_sq|black_sq|w_bishop|w_rook|white_sq
relv_wK_bN_078,q4,1,"[[6, 7], [1, 2]]",8,8,b_rook|black_sq|white_sq|black_sq|white_sq|b_bishop|white_sq|black_sq/black_sq|white_sq|b_knight|b_pawn|b_pawn|b_king|black_sq|b_pawn/white_sq|black_sq|white_sq|b_queen|white_sq|black_sq|white_sq|black_sq/black_sq|b_pawn|black_sq|b_bishop|black_sq|white_sq|w_bishop|white_sq/b_pawn|black_sq|w_knight|black_sq|white_sq|black_sq|white_sq|b_rook/black_sq|b_pawn|black_sq|w_pawn|black_sq|white_sq|black_sq|w_pawn/w_pawn|black_sq|w_pawn|black_sq|white_sq|w_pawn|white_sq|w_king/w_queen|white_sq|black_sq|w_rook|black_sq|w_bishop|black_sq|w_rook
relv_wK_bN_079,q4,1,"[[3, 6], [2, 1]]",8,8,b_rook|black_sq|b_bishop|black_sq|b_king|b_bishop|white_sq|b_rook/b_pawn|b_pawn|black_sq|b_pawn|b_pawn|white_sq|b_pawn|b_pawn/white_sq|b_knight|white_sq|black_sq|white_sq|b_pawn|white_sq|black_sq/black_sq|white_sq|black_sq|white_sq|black_sq|white_sq|w_king|white_sq/white_sq|black_sq|white_sq|b_pawn|w_pawn|black_sq|white_sq|black_sq/b_queen|white_sq|black_sq|white_sq|black_sq|white_sq|black_sq|white_sq/w_pawn|w_pawn|w_pawn|black_sq|white_sq|w_pawn|w_pawn|w_pawn/w_rook|white_sq|w_bishop|w_queen|black_sq|w_bishop|w_knight|w_rook
relv_wK_bN_080,q4,0,"[[0, 4], [2, 7]]",8,8,white_sq|black_sq|white_sq|b_king|w_king|b_bishop|b_queen|b_rook/b_pawn|white_sq|black_sq|white_sq|black_sq|white_sq|b_rook|b_pawn/white_sq|black_sq|white_sq|black_sq|white_sq|b_pawn|white_sq|b_knight/w_pawn|white_sq|black_sq|white_sq|b_pawn|white_sq|w_pawn|white_sq/white_sq|b_pawn|b_pawn|w_knight|white_sq|black_sq|b_pawn|w_knight/black_sq|white_sq|w_pawn|w_pawn|w_pawn|white_sq|w_pawn|white_sq/white_sq|w_pawn|white_sq|w_bishop|white_sq|w_queen|white_sq|w_rook/black_sq|white_sq|black_sq|w_rook|black_sq|w_bishop|black_sq|white_sq
relv_wK_bN_081,q4,1,"[[6, 1], [5, 7]]",8,8,white_sq|black_sq|white_sq|w_queen|white_sq|b_bishop|white_sq|b_rook/b_rook|b_pawn|b_king|white_sq|black_sq|white_sq|b_pawn|b_pawn/b_pawn|black_sq|b_queen|black_sq|white_sq|black_sq|white_sq|black_sq/black_sq|white_sq|b_pawn|white_sq|b_pawn|white_sq|w_bishop|white_sq/white_sq|black_sq|white_sq|black_sq|w_bishop|black_sq|b_bishop|black_sq/black_sq|w_pawn|black_sq|white_sq|w_pawn|w_knight|black_sq|b_knight/white_sq|w_king|w_pawn|black_sq|white_sq|black_sq|white_sq|w_pawn/black_sq|w_knight|black_sq|white_sq|black_sq|white_sq|w_rook|white_sq
relv_wK_bN_082,q4,0,"[[0, 5], [2, 3]]",8,8,white_sq|black_sq|white_sq|black_sq|white_sq|w_king|b_queen|black_sq/black_sq|white_sq|black_sq|b_pawn|w_knight|b_pawn|black_sq|b_king/b_bishop|black_sq|b_pawn|b_knight|white_sq|black_sq|white_sq|black_sq/black_sq|white_sq|w_pawn|white_sq|b_pawn|white_sq|b_pawn|white_sq/b_rook|w_pawn|white_sq|black_sq|w_pawn|w_pawn|white_sq|black_sq/b_rook|white_sq|black_sq|white_sq|black_sq|white_sq|black_sq|w_pawn/w_pawn|w_rook|white_sq|black_sq|white_sq|black_sq|white_sq|black_sq/black_sq|w_bishop|black_sq|white_sq|w_rook|white_sq|black_sq|white_sq
relv_wK_bN_083,q4,1,"[[3, 4], [1, 1]]",8,8,white_sq|black_sq|white_sq|b_queen|b_king|b_bishop|b_rook|black_sq/black_sq|b_knight|black_sq|white_sq|b_pawn|white_sq|black_sq|white_sq/w_rook|black_sq|w_knight|b_rook|b_bishop|black_sq|white_sq|b_pawn/black_sq|white_sq|b_pawn|white_sq|w_king|white_sq|black_sq|white_sq/white_sq|w_pawn|w_pawn|black_sq|w_pawn|w_pawn|w_pawn|b_pawn/black_sq|white_sq|black_sq|white_sq|w_knight|white_sq|black_sq|white_sq/white_sq|black_sq|white_sq|w_pawn|white_sq|black_sq|white_sq|w_rook/black_sq|white_sq|w_bishop|white_sq|black_sq|white_sq|black_sq|white_sq
relv_wK_bN_084,q4,0,"[[0, 5], [3, 3]]",8,8,white_sq|black_sq|b_bishop|black_sq|b_king|w_king|white_sq|b_rook/black_sq|b_pawn|b_pawn|white_sq|black_sq|white_sq|b_pawn|white_sq/b_rook|black_sq|white_sq|b_pawn|b_pawn|black_sq|white_sq|b_pawn/black_sq|white_sq|black_sq|b_knight|black_sq|b_pawn|black_sq|white_sq/white_sq|b_bishop|w_knight|w_pawn|w_pawn|w_pawn|white_sq|black_sq/b_pawn|w_pawn|black_sq|white_sq|black_sq|white_sq|w_pawn|white_sq/w_pawn|black_sq|w_pawn|black_sq|w_bishop|black_sq|white_sq|b_queen/w_rook|white_sq|w_bishop|w_queen|black_sq|w_rook|black_sq|white_sq
relv_wK_bN_085,q4,1,"[[7, 4], [5, 5]]",8,8,white_sq|b_rook|b_rook|black_sq|white_sq|black_sq|white_sq|b_queen/w_knight|b_bishop|black_sq|white_sq|black_sq|b_king|black_sq|white_sq/white_sq|w_pawn|b_pawn|black_sq|white_sq|black_sq|white_sq|black_sq/black_sq|white_sq|black_sq|b_pawn|black_sq|white_sq|b_pawn|w_pawn/w_pawn|b_pawn|white_sq|black_sq|white_sq|b_pawn|white_sq|black_sq/black_sq|white_sq|b_bishop|w_pawn|black_sq|b_knight|black_sq|w_pawn/white_sq|black_sq|white_sq|black_sq|white_sq|black_sq|white_sq|black_sq/w_queen|white_sq|black_sq|w_knight|w_king|w_bishop|w_rook|white_sq
relv_wK_bN_086,q4,1,"[[5, 1], [2, 2]]",8,8,white_sq|black_sq|b_bishop|b_queen|b_king|black_sq|white_sq|b_rook/b_rook|white_sq|black_sq|b_pawn|black_sq|white_sq|black_sq|white_sq/white_sq|w_queen|b_knight|black_sq|white_sq|b_pawn|w_pawn|b_pawn/b_pawn|white_sq|black_sq|white_sq|black_sq|white_sq|black_sq|white_sq/w_knight|black_sq|w_pawn|black_sq|b_pawn|b_bishop|w_pawn|black_sq/w_pawn|w_king|black_sq|white_sq|b_pawn|white_sq|black_sq|white_sq/w_rook|w_pawn|white_sq|black_sq|w_pawn|black_sq|w_bishop|black_sq/black_sq|white_sq|w_bishop|white_sq|black_sq|white_sq|black_sq|w_rook
relv_wK_bN_087,q4,0,"[[1, 7], [3, 5]]",8,8,b_rook|black_sq|b_bishop|b_queen|b_king|black_sq|white_sq|b_rook/black_sq|white_sq|w_bishop|b_pawn|b_pawn|b_pawn|black_sq|w_king/b_pawn|black_sq|white_sq|black_sq|white_sq|black_sq|b_pawn|black_sq/black_sq|w_knight|black_sq|white_sq|black_sq|b_knight|black_sq|b_pawn/white_sq|black_sq|white_sq|black_sq|w_pawn|black_sq|w_pawn|black_sq/w_pawn|white_sq|black_sq|white_sq|black_sq|white_sq|black_sq|w_pawn/white_sq|black_sq|w_pawn|w_pawn|white_sq|w_pawn|w_bishop|w_rook/black_sq|white_sq|black_sq|w_queen|black_sq|white_sq|black_sq|white_sq
relv_wK_bN_088,q4,1,"[[7, 7], [6, 4]]",8,8,b_rook|black_sq|white_sq|black_sq|b_king|black_sq|b_rook|black_sq/black_sq|b_pawn|b_pawn|white_sq|black_sq|white_sq|black_sq|white_sq/white_sq|black_sq|white_sq|b_bishop|b_bishop|black_sq|white_sq|black_sq/b_pawn|white_sq|w_bishop|b_pawn|black_sq|b_queen|black_sq|white_sq/w_pawn|black_sq|white_sq|w_rook|white_sq|b_pawn|white_sq|b_pawn/black_sq|white_sq|black_sq|w_pawn|b_pawn|white_sq|black_sq|w_knight/white_sq|black_sq|w_pawn|black_sq|b_knight|black_sq|w_pawn|w_pawn/black_sq|w_knight|black_sq|white_sq|black_sq|w_bishop|w_rook|w_king
relv_wK_bN_089,q4,1,"[[7, 0], [4, 4]]",8,8,white_sq|b_rook|b_queen|b_king|white_sq|black_sq|white_sq|b_rook/black_sq|b_pawn|black_sq|white_sq|black_sq|b_pawn|w_bishop|b_pawn/white_sq|black_sq|white_sq|black_sq|b_pawn|black_sq|white_sq|black_sq/b_pawn|white_sq|b_pawn|w_pawn|black_sq|white_sq|black_sq|white_sq/w_pawn|black_sq|white_sq|w_pawn|b_knight|black_sq|white_sq|black_sq/black_sq|white_sq|w_knight|white_sq|black_sq|white_sq|w_pawn|w_bishop/white_sq|w_pawn|white_sq|black_sq|w_pawn|w_pawn|b_bishop|w_pawn/w_king|w_rook|black_sq|white_sq|black_sq|w_rook|black_sq|white_sq
relv_wK_bN_090,q4,0,"[[0, 6], [1, 4]]",8,8,b_rook|black_sq|b_bishop|black_sq|b_king|b_bishop|w_king|b_rook/black_sq|b_pawn|black_sq|b_pawn|b_knight|white_sq|b_pawn|b_pawn/white_sq|black_sq|b_pawn|black_sq|white_sq|b_pawn|white_sq|black_sq/black_sq|white_sq|black_sq|white_sq|b_pawn|white_sq|black_sq|white_sq/white_sq|black_sq|white_sq|w_pawn|w_pawn|black_sq|w_pawn|w_pawn/b_queen|white_sq|black_sq|w_queen|black_sq|w_pawn|black_sq|white_sq/white_sq|w_pawn|w_pawn|black_sq|w_bishop|black_sq|white_sq|black_sq/w_rook|white_sq|w_bishop|white_sq|black_sq|white_sq|w_knight|w_rook
relv_wK_bN_091,q4,1,"[[7, 7], [2, 6]]",8,8,w_bishop|black_sq|b_bishop|black_sq|white_sq|b_rook|white_sq|black_sq/black_sq|white_sq|black_sq|b_pawn|b_king|b_pawn|black_sq|white_sq/white_sq|b_pawn|white_sq|black_sq|white_sq|black_sq|b_knight|w_knight/black_sq|b_pawn|black_sq|white_sq|b_pawn|w_pawn|black_sq|b_pawn/b_rook|black_sq|b_pawn|black_sq|white_sq|w_rook|white_sq|w_pawn/black_sq|white_sq|w_pawn|white_sq|w_pawn|white_sq|w_pawn|white_sq/white_sq|black_sq|white_sq|black_sq|white_sq|black_sq|white_sq|w_queen/w_rook|white_sq|black_sq|white_sq|black_sq|white_sq|black_sq|w_king
relv_wK_bN_092,q4,0,"[[1, 6], [5, 4]]",8,8,b_rook|b_queen|b_bishop|black_sq|b_king|b_bishop|white_sq|black_sq/b_pawn|white_sq|black_sq|white_sq|b_pawn|white_sq|w_king|white_sq/white_sq|black_sq|white_sq|black_sq|white_sq|black_sq|white_sq|b_pawn/black_sq|white_sq|b_pawn|b_pawn|w_bishop|b_pawn|black_sq|white_sq/white_sq|b_pawn|white_sq|w_pawn|w_pawn|w_pawn|white_sq|w_pawn/black_sq|white_sq|w_knight|w_queen|b_knight|w_bishop|b_rook|white_sq/w_pawn|black_sq|w_pawn|black_sq|white_sq|black_sq|white_sq|black_sq/w_rook|white_sq|black_sq|white_sq|black_sq|white_sq|black_sq|w_rook
relv_wK_bN_093,q4,1,"[[4, 4], [2, 7]]",8,8,b_rook|black_sq|b_bishop|b_queen|b_king|b_bishop|white_sq|b_rook/b_pawn|b_pawn|black_sq|b_pawn|b_pawn|b_pawn|b_pawn|b_pawn/white_sq|black_sq|white_sq|black_sq|white_sq|black_sq|white_sq|b_knight/black_sq|white_sq|b_pawn|white_sq|black_sq|white_sq|black_sq|white_sq/white_sq|black_sq|white_sq|black_sq|w_king|black_sq|white_sq|black_sq/black_sq|white_sq|black_sq|white_sq|black_sq|w_knight|black_sq|white_sq/w_pawn|w_pawn|w_pawn|w_pawn|w_pawn|w_pawn|w_pawn|w_pawn/w_rook|w_knight|w_bishop|w_queen|black_sq|w_bishop|black_sq|w_rook
relv_wK_bN_094,q4,1,"[[4, 6], [3, 4]]",8,8,white_sq|b_rook|b_bishop|black_sq|white_sq|black_sq|white_sq|black_sq/black_sq|white_sq|black_sq|b_queen|black_sq|b_rook|black_sq|b_pawn/b_pawn|black_sq|white_sq|black_sq|b_pawn|w_queen|b_king|b_bishop/black_sq|b_pawn|black_sq|b_pawn|b_knight|b_pawn|black_sq|b_pawn/w_pawn|black_sq|w_pawn|black_sq|white_sq|w_pawn|w_king|black_sq/black_sq|white_sq|black_sq|white_sq|w_pawn|white_sq|w_pawn|w_knight/white_sq|black_sq|white_sq|black_sq|white_sq|black_sq|white_sq|w_pawn/black_sq|b_rook|black_sq|white_sq|w_bishop|white_sq|black_sq|w_rook
relv_wK_bN_095,q4,1,"[[6, 2], [4, 6]]",8,8,b_rook|black_sq|white_sq|b_queen|b_king|b_bishop|b_rook|black_sq/black_sq|b_pawn|black_sq|b_bishop|b_pawn|b_pawn|b_pawn|b_pawn/white_sq|black_sq|white_sq|black_sq|white_sq|black_sq|white_sq|black_sq/b_pawn|white_sq|b_pawn|b_pawn|black_sq|white_sq|black_sq|white_sq/white_sq|black_sq|w_pawn|w_pawn|white_sq|black_sq|b_knight|black_sq/w_pawn|w_pawn|black_sq|w_queen|black_sq|white_sq|black_sq|w_pawn/white_sq|black_sq|w_king|black_sq|w_pawn|w_pawn|w_pawn|black_sq/w_rook|w_knight|w_bishop|white_sq|black_sq|w_bishop|w_knight|w_rook
relv_wK_bN_096,q4,0,"[[4, 2], [6, 4]]",8,8,white_sq|black_sq|b_bishop|b_queen|b_king|b_bishop|b_rook|black_sq/b_rook|white_sq|b_pawn|white_sq|black_sq|white_sq|b_pawn|b_pawn/white_sq|black_sq|white_sq|black_sq|b_pawn|black_sq|white_sq|black_sq/b_pawn|white_sq|black_sq|b_pawn|black_sq|b_pawn|black_sq|white_sq/w_pawn|black_sq|w_king|black_sq|white_sq|w_knight|white_sq|black_sq/black_sq|white_sq|w_pawn|w_pawn|w_pawn|w_pawn|black_sq|white_sq/white_sq|w_pawn|white_sq|black_sq|b_knight|black_sq|w_pawn|w_pawn/w_rook|w_knight|black_sq|white_sq|black_sq|w_bishop|w_rook|white_sq
relv_wK_bN_097,q4,0,"[[4, 4], [5, 1]]",8,8,white_sq|black_sq|w_knight|black_sq|white_sq|black_sq|b_rook|black_sq/black_sq|white_sq|b_pawn|white_sq|black_sq|b_bishop|black_sq|b_king/white_sq|black_sq|white_sq|black_sq|white_sq|black_sq|white_sq|b_bishop/black_sq|white_sq|black_sq|b_pawn|w_pawn|white_sq|black_sq|white_sq/white_sq|b_pawn|white_sq|w_pawn|w_king|w_knight|b_pawn|w_pawn/black_sq|b_knight|black_sq|white_sq|black_sq|white_sq|black_sq|white_sq/white_sq|black_sq|white_sq|black_sq|w_rook|black_sq|w_pawn|w_rook/black_sq|white_sq|w_bishop|white_sq|black_sq|white_sq|black_sq|white_sq
relv_wK_bN_098,q4,0,"[[1, 2], [5, 7]]",8,8,white_sq|black_sq|b_bishop|b_king|white_sq|black_sq|white_sq|black_sq/black_sq|white_sq|w_king|white_sq|black_sq|w_pawn|black_sq|white_sq/b_pawn|black_sq|white_sq|black_sq|white_sq|black_sq|white_sq|b_pawn/black_sq|b_rook|w_pawn|white_sq|black_sq|b_queen|w_rook|w_pawn/w_pawn|w_pawn|white_sq|black_sq|white_sq|w_pawn|white_sq|black_sq/black_sq|white_sq|black_sq|w_bishop|w_pawn|white_sq|black_sq|b_knight/white_sq|black_sq|white_sq|black_sq|white_sq|black_sq|white_sq|black_sq/w_bishop|white_sq|black_sq|white_sq|black_sq|white_sq|black_sq|white_sq
relv_wK_bN_099,q4,1,"[[7, 5], [6, 2]]",8,8,white_sq|black_sq|white_sq|black_sq|b_king|black_sq|white_sq|black_sq/black_sq|white_sq|black_sq|white_sq|b_bishop|white_sq|black_sq|b_pawn/b_rook|w_pawn|w_bishop|black_sq|white_sq|b_pawn|b_rook|black_sq/black_sq|white_sq|w_queen|white_sq|b_pawn|white_sq|black_sq|white_sq/b_pawn|black_sq|w_pawn|w_pawn|white_sq|black_sq|white_sq|black_sq/black_sq|white_sq|black_sq|white_sq|black_sq|white_sq|black_sq|white_sq/w_pawn|black_sq|b_knight|black_sq|white_sq|black_sq|w_pawn|w_pawn/w_rook|white_sq|black_sq|w_rook|black_sq|w_king|black_sq|white_sq
align_wR_bK_000,q5,0,"[[2, 5], [2, 2]]",8,8,white_sq|black_sq|white_sq|black_sq|b_knight|black_sq|white_sq|w_bishop/b_rook|b_pawn|b_pawn|white_sq|black_sq|white_sq|b_queen|white_sq/b_knight|black_sq|b_king|b_pawn|white_sq|w_rook|white_sq|b_bishop/black_sq|b_bishop|w_knight|w_pawn|black_sq|b_pawn|black_sq|white_sq/white_sq|b_pawn|white_sq|black_sq|b_pawn|black_sq|b_pawn|black_sq/w_pawn|w_queen|black_sq|white_sq|w_pawn|white_sq|black_sq|w_pawn/white_sq|black_sq|w_pawn|black_sq|w_bishop|black_sq|w_knight|black_sq/black_sq|white_sq|black_sq|white_sq|w_king|white_sq|black_sq|white_sq
align_wR_bK_001,q5,0,"[[0, 2], [0, 6]]",8,8,white_sq|black_sq|w_rook|black_sq|b_knight|black_sq|b_king|w_bishop/b_rook|b_pawn|b_pawn|white_sq|black_sq|white_sq|b_queen|white_sq/b_knight|black_sq|white_sq|b_pawn|white_sq|black_sq|white_sq|b_bishop/black_sq|b_bishop|w_knight|w_pawn|black_sq|b_pawn|black_sq|white_sq/white_sq|b_pawn|white_sq|black_sq|b_pawn|black_sq|b_pawn|black_sq/w_pawn|w_queen|black_sq|white_sq|w_pawn|white_sq|black_sq|w_pawn/white_sq|black_sq|w_pawn|black_sq|w_bishop|black_sq|w_knight|black_sq/black_sq|white_sq|black_sq|white_sq|w_king|white_sq|black_sq|white_sq
align_wR_bK_002,q5,0,"[[1, 2], [5, 2]]",8,8,b_rook|b_knight|white_sq|black_sq|white_sq|black_sq|white_sq|black_sq/black_sq|white_sq|w_rook|b_pawn|black_sq|white_sq|b_pawn|b_rook/b_pawn|black_sq|b_bishop|black_sq|white_sq|black_sq|white_sq|black_sq/black_sq|b_pawn|black_sq|w_pawn|b_bishop|white_sq|black_sq|b_pawn/white_sq|w_pawn|b_queen|b_pawn|white_sq|w_bishop|w_pawn|w_pawn/w_knight|white_sq|b_king|white_sq|black_sq|white_sq|black_sq|w_bishop/w_pawn|black_sq|white_sq|w_knight|white_sq|black_sq|w_queen|black_sq/black_sq|white_sq|black_sq|w_king|black_sq|white_sq|black_sq|white_sq
align_wR_bK_003,q5,0,"[[0, 3], [5, 3]]",8,8,white_sq|black_sq|white_sq|w_rook|white_sq|black_sq|white_sq|b_rook/black_sq|b_bishop|black_sq|white_sq|black_sq|b_pawn|black_sq|white_sq/white_sq|black_sq|white_sq|b_pawn|b_pawn|w_pawn|white_sq|b_pawn/black_sq|b_pawn|b_pawn|white_sq|b_knight|white_sq|black_sq|white_sq/w_pawn|b_pawn|w_pawn|black_sq|white_sq|black_sq|white_sq|w_pawn/black_sq|white_sq|black_sq|b_king|w_knight|white_sq|black_sq|w_queen/white_sq|black_sq|white_sq|w_pawn|white_sq|black_sq|white_sq|black_sq/black_sq|white_sq|black_sq|white_sq|black_sq|w_king|black_sq|white_sq
align_wR_bK_004,q5,0,"[[3, 3], [4, 3]]",8,8,b_rook|b_knight|b_bishop|b_queen|white_sq|b_bishop|b_knight|b_rook/black_sq|b_pawn|b_pawn|b_pawn|b_pawn|b_pawn|b_pawn|b_pawn/white_sq|black_sq|white_sq|black_sq|white_sq|black_sq|white_sq|black_sq/b_pawn|white_sq|black_sq|w_rook|black_sq|white_sq|black_sq|white_sq/white_sq|black_sq|white_sq|b_king|white_sq|black_sq|white_sq|black_sq/black_sq|white_sq|black_sq|white_sq|black_sq|white_sq|black_sq|w_pawn/w_pawn|w_pawn|w_pawn|w_pawn|w_pawn|w_pawn|w_pawn|black_sq/black_sq|w_knight|w_bishop|w_queen|w_king|w_bishop|w_knight|white_sq
align_wR_bK_005,q5,1,"[[4, 4], [3, 5]]",8,8,b_rook|black_sq|white_sq|b_queen|white_sq|b_bishop|b_rook|black_sq/black_sq|b_pawn|black_sq|b_bishop|b_pawn|b_pawn|b_pawn|b_pawn/white_sq|black_sq|white_sq|black_sq|white_sq|black_sq|white_sq|black_sq/b_pawn|white_sq|b_pawn|b_pawn|black_sq|b_king|black_sq|white_sq/white_sq|b_knight|w_pawn|w_pawn|w_rook|black_sq|b_knight|black_sq/w_pawn|w_pawn|black_sq|w_queen|black_sq|white_sq|black_sq|w_pawn/white_sq|black_sq|white_sq|black_sq|w_pawn|w_pawn|w_pawn|black_sq/black_sq|w_knight|w_bishop|white_sq|w_king|w_bishop|w_knight|white_sq
align_wR_bK_006,q5,1,"[[7, 7], [1, 0]]",8,8,white_sq|b_knight|white_sq|black_sq|white_sq|black_sq|white_sq|black_sq/b_king|white_sq|black_sq|white_sq|b_bishop|b_pawn|b_rook|white_sq/w_pawn|black_sq|white_sq|black_sq|white_sq|b_knight|white_sq|b_pawn/b_pawn|white_sq|black_sq|w_knight|w_pawn|white_sq|w_pawn|white_sq/w_pawn|black_sq|b_pawn|b_pawn|white_sq|black_sq|white_sq|black_sq/black_sq|w_queen|w_pawn|white_sq|black_sq|b_queen|black_sq|b_bishop/white_sq|black_sq|white_sq|black_sq|w_king|black_sq|white_sq|w_pawn/w_bishop|white_sq|black_sq|white_sq|black_sq|w_bishop|black_sq|w_rook
align_wR_bK_007,q5,0,"[[0, 5], [0, 7]]",8,8,white_sq|black_sq|white_sq|black_sq|b_knight|w_rook|white_sq|b_king/black_sq|white_sq|black_sq|white_sq|b_rook|white_sq|black_sq|white_sq/white_sq|b_rook|b_pawn|b_knight|b_pawn|w_queen|white_sq|b_pawn/black_sq|white_sq|w_bishop|white_sq|black_sq|white_sq|b_pawn|w_pawn/b_pawn|w_pawn|w_pawn|b_pawn|white_sq|w_pawn|w_pawn|black_sq/w_pawn|white_sq|black_sq|white_sq|black_sq|white_sq|black_sq|white_sq/white_sq|black_sq|white_sq|black_sq|w_pawn|black_sq|white_sq|black_sq/black_sq|white_sq|black_sq|w_king|black_sq|white_sq|w_knight|white_sq
align_wR_bK_008,q5,1,"[[5, 4], [0, 1]]",8,8,b_rook|b_king|b_bishop|b_queen|white_sq|b_bishop|b_knight|b_rook/b_pawn|b_pawn|b_pawn|b_pawn|b_pawn|white_sq|b_pawn|white_sq/white_sq|black_sq|b_knight|black_sq|white_sq|black_sq|white_sq|black_sq/black_sq|white_sq|black_sq|white_sq|black_sq|b_pawn|black_sq|b_pawn/white_sq|black_sq|white_sq|w_pawn|white_sq|black_sq|white_sq|black_sq/w_pawn|white_sq|w_pawn|white_sq|w_rook|white_sq|black_sq|white_sq/white_sq|w_pawn|white_sq|black_sq|w_pawn|w_pawn|w_pawn|w_pawn/black_sq|w_knight|w_bishop|w_queen|w_king|w_bishop|w_knight|white_sq
align_wR_bK_009,q5,0,"[[1, 6], [7, 6]]",8,8,white_sq|black_sq|white_sq|b_rook|white_sq|b_bishop|b_knight|b_rook/black_sq|b_pawn|b_pawn|b_queen|b_knight|white_sq|w_rook|b_pawn/b_pawn|black_sq|white_sq|b_pawn|white_sq|black_sq|b_pawn|black_sq/black_sq|white_sq|black_sq|white_sq|b_pawn|w_pawn|black_sq|white_sq/white_sq|black_sq|white_sq|black_sq|w_pawn|black_sq|white_sq|w_knight/black_sq|white_sq|black_sq|white_sq|black_sq|white_sq|black_sq|white_sq/w_pawn|w_pawn|w_pawn|w_pawn|w_king|w_pawn|white_sq|w_pawn/black_sq|w_knight|w_bishop|white_sq|black_sq|w_bishop|b_king|white_sq
align_wR_bK_010,q5,1,"[[6, 6], [2, 7]]",8,8,white_sq|black_sq|b_bishop|black_sq|white_sq|b_knight|white_sq|b_bishop/black_sq|white_sq|black_sq|white_sq|black_sq|white_sq|black_sq|white_sq/white_sq|w_pawn|b_pawn|black_sq|b_rook|black_sq|white_sq|b_king/black_sq|white_sq|black_sq|white_sq|b_pawn|w_pawn|b_queen|white_sq/white_sq|black_sq|white_sq|black_sq|white_sq|w_pawn|white_sq|black_sq/w_knight|white_sq|w_pawn|w_pawn|black_sq|white_sq|black_sq|white_sq/white_sq|black_sq|white_sq|w_bishop|w_pawn|black_sq|w_rook|black_sq/black_sq|white_sq|w_queen|white_sq|w_king|white_sq|black_sq|white_sq
align_wR_bK_011,q5,1,"[[0, 0], [4, 3]]",8,8,w_rook|black_sq|white_sq|b_rook|white_sq|b_bishop|white_sq|b_rook/b_knight|b_bishop|b_pawn|b_pawn|black_sq|white_sq|black_sq|w_knight/white_sq|black_sq|white_sq|black_sq|b_pawn|black_sq|b_pawn|black_sq/black_sq|b_pawn|black_sq|white_sq|black_sq|b_pawn|b_knight|white_sq/b_pawn|black_sq|white_sq|b_king|white_sq|black_sq|white_sq|w_pawn/w_pawn|white_sq|w_knight|white_sq|w_pawn|w_bishop|black_sq|white_sq/white_sq|black_sq|w_pawn|w_bishop|w_queen|w_pawn|white_sq|black_sq/black_sq|white_sq|w_king|white_sq|black_sq|white_sq|black_sq|white_sq
align_wR_bK_012,q5,1,"[[5, 6], [3, 4]]",8,8,white_sq|black_sq|white_sq|black_sq|white_sq|black_sq|white_sq|black_sq/black_sq|white_sq|b_rook|white_sq|b_rook|white_sq|b_bishop|white_sq/white_sq|black_sq|b_pawn|b_pawn|white_sq|black_sq|white_sq|black_sq/b_pawn|white_sq|black_sq|white_sq|b_king|b_pawn|black_sq|white_sq/w_knight|black_sq|white_sq|w_pawn|white_sq|w_pawn|b_bishop|black_sq/black_sq|white_sq|b_pawn|b_queen|black_sq|white_sq|w_rook|b_pawn/w_pawn|black_sq|white_sq|black_sq|w_pawn|black_sq|white_sq|w_bishop/black_sq|white_sq|black_sq|w_king|black_sq|white_sq|black_sq|white_sq
align_wR_bK_013,q5,1,"[[0, 7], [7, 3]]",8,8,b_rook|b_knight|white_sq|black_sq|white_sq|black_sq|b_rook|w_rook/b_pawn|b_bishop|black_sq|white_sq|black_sq|white_sq|b_queen|b_pawn/white_sq|black_sq|white_sq|black_sq|white_sq|b_knight|w_pawn|b_bishop/w_pawn|white_sq|w_pawn|b_pawn|black_sq|white_sq|black_sq|white_sq/white_sq|black_sq|white_sq|black_sq|white_sq|black_sq|white_sq|black_sq/black_sq|w_pawn|black_sq|w_bishop|w_pawn|w_knight|black_sq|white_sq/white_sq|black_sq|white_sq|w_king|white_sq|w_pawn|white_sq|black_sq/black_sq|white_sq|black_sq|b_king|black_sq|white_sq|black_sq|white_sq
align_wR_bK_014,q5,1,"[[3, 4], [1, 0]]",8,8,b_rook|black_sq|white_sq|b_queen|white_sq|b_bishop|b_knight|black_sq/b_king|white_sq|b_pawn|b_bishop|b_pawn|b_pawn|b_pawn|white_sq/white_sq|black_sq|white_sq|black_sq|white_sq|black_sq|white_sq|black_sq/black_sq|white_sq|black_sq|w_pawn|w_rook|white_sq|b_pawn|white_sq/white_sq|b_pawn|white_sq|black_sq|white_sq|black_sq|white_sq|black_sq/black_sq|white_sq|black_sq|w_bishop|black_sq|w_pawn|b_rook|white_sq/w_pawn|black_sq|w_pawn|w_pawn|white_sq|b_knight|w_pawn|w_pawn/black_sq|white_sq|black_sq|w_queen|black_sq|w_king|black_sq|white_sq
align_wR_bK_015,q5,0,"[[1, 6], [1, 7]]",8,8,white_sq|black_sq|white_sq|black_sq|white_sq|black_sq|b_queen|b_rook/b_knight|b_pawn|b_rook|white_sq|b_bishop|white_sq|w_rook|b_king/b_pawn|black_sq|b_bishop|black_sq|white_sq|black_sq|white_sq|b_pawn/black_sq|white_sq|black_sq|white_sq|w_knight|b_pawn|b_pawn|w_pawn/white_sq|black_sq|white_sq|w_pawn|b_pawn|black_sq|white_sq|black_sq/w_bishop|white_sq|b_pawn|white_sq|w_pawn|white_sq|w_pawn|white_sq/b_pawn|black_sq|w_pawn|black_sq|white_sq|black_sq|white_sq|black_sq/black_sq|white_sq|black_sq|w_king|black_sq|white_sq|w_knight|w_queen
align_wR_bK_016,q5,1,"[[4, 0], [0, 4]]",8,8,b_rook|black_sq|b_bishop|b_queen|b_king|black_sq|b_knight|b_rook/black_sq|b_pawn|black_sq|b_pawn|b_pawn|white_sq|black_sq|b_pawn/b_pawn|black_sq|white_sq|black_sq|white_sq|b_pawn|white_sq|black_sq/black_sq|white_sq|b_pawn|white_sq|black_sq|white_sq|b_pawn|white_sq/w_rook|w_pawn|b_knight|black_sq|white_sq|black_sq|white_sq|w_pawn/w_pawn|white_sq|black_sq|white_sq|black_sq|w_pawn|black_sq|white_sq/white_sq|black_sq|white_sq|black_sq|w_pawn|w_king|w_pawn|black_sq/black_sq|w_knight|w_queen|white_sq|black_sq|w_bishop|w_knight|white_sq
align_wR_bK_017,q5,0,"[[6, 7], [6, 6]]",8,8,b_rook|black_sq|b_bishop|b_queen|white_sq|b_bishop|b_knight|b_rook/b_pawn|white_sq|b_pawn|b_pawn|b_pawn|white_sq|black_sq|white_sq/white_sq|black_sq|white_sq|black_sq|white_sq|black_sq|b_pawn|b_pawn/black_sq|b_pawn|black_sq|white_sq|black_sq|b_pawn|black_sq|white_sq/white_sq|black_sq|white_sq|black_sq|white_sq|w_pawn|white_sq|black_sq/black_sq|white_sq|black_sq|b_knight|black_sq|white_sq|w_pawn|w_pawn/w_pawn|black_sq|w_pawn|w_pawn|w_pawn|black_sq|b_king|w_rook/black_sq|w_knight|w_bishop|w_queen|w_king|w_bishop|w_knight|white_sq
align_wR_bK_018,q5,1,"[[4, 2], [5, 6]]",8,8,b_rook|b_knight|b_bishop|b_queen|white_sq|b_bishop|b_knight|b_rook/black_sq|b_pawn|b_pawn|b_pawn|b_pawn|b_pawn|black_sq|b_pawn/white_sq|black_sq|white_sq|black_sq|white_sq|black_sq|b_pawn|black_sq/b_pawn|white_sq|black_sq|white_sq|black_sq|white_sq|black_sq|white_sq/white_sq|black_sq|w_rook|black_sq|white_sq|w_pawn|white_sq|black_sq/black_sq|white_sq|w_knight|white_sq|black_sq|white_sq|b_king|white_sq/w_pawn|w_pawn|w_pawn|w_pawn|w_pawn|black_sq|w_pawn|w_pawn/black_sq|white_sq|w_bishop|w_queen|w_king|w_bishop|w_knight|white_sq
align_wR_bK_019,q5,0,"[[6, 2], [7, 2]]",8,8,b_knight|black_sq|w_bishop|black_sq|white_sq|black_sq|white_sq|black_sq/black_sq|b_bishop|black_sq|white_sq|black_sq|white_sq|b_rook|white_sq/white_sq|black_sq|white_sq|black_sq|white_sq|black_sq|white_sq|b_pawn/b_pawn|white_sq|black_sq|b_pawn|w_queen|white_sq|black_sq|white_sq/w_pawn|b_bishop|w_pawn|w_pawn|white_sq|b_pawn|white_sq|w_pawn/black_sq|w_pawn|black_sq|white_sq|black_sq|white_sq|black_sq|white_sq/white_sq|black_sq|w_rook|black_sq|white_sq|black_sq|white_sq|black_sq/black_sq|white_sq|b_king|white_sq|black_sq|w_king|black_sq|white_sq
align_wR_bK_020,q5,0,"[[5, 0], [5, 5]]",8,8,b_rook|b_knight|b_bishop|b_queen|white_sq|b_bishop|white_sq|b_rook/b_pawn|b_pawn|b_pawn|b_pawn|black_sq|b_pawn|b_pawn|b_pawn/white_sq|black_sq|white_sq|black_sq|b_pawn|black_sq|white_sq|black_sq/black_sq|white_sq|black_sq|white_sq|black_sq|white_sq|black_sq|w_queen/white_sq|black_sq|white_sq|black_sq|w_pawn|black_sq|b_knight|black_sq/w_rook|white_sq|w_pawn|white_sq|black_sq|b_king|black_sq|white_sq/w_pawn|w_pawn|white_sq|w_pawn|white_sq|w_pawn|w_pawn|w_pawn/black_sq|w_knight|w_bishop|white_sq|w_king|w_bishop|w_knight|white_sq
align_wR_bK_021,q5,1,"[[2, 5], [0, 3]]",8,8,white_sq|black_sq|b_bishop|b_king|white_sq|b_bishop|white_sq|b_rook/w_queen|b_pawn|black_sq|white_sq|b_pawn|white_sq|b_pawn|white_sq/white_sq|black_sq|white_sq|b_knight|white_sq|w_rook|white_sq|b_rook/black_sq|white_sq|w_pawn|b_pawn|black_sq|b_pawn|black_sq|b_pawn/white_sq|black_sq|white_sq|black_sq|b_knight|w_pawn|white_sq|black_sq/b_queen|white_sq|black_sq|w_pawn|w_pawn|white_sq|w_pawn|w_knight/white_sq|w_bishop|white_sq|black_sq|white_sq|black_sq|w_bishop|w_pawn/black_sq|white_sq|black_sq|white_sq|w_king|white_sq|w_knight|white_sq
align_wR_bK_022,q5,1,"[[6, 2], [4, 6]]",8,8,white_sq|black_sq|white_sq|black_sq|white_sq|black_sq|white_sq|black_sq/black_sq|white_sq|black_sq|white_sq|black_sq|white_sq|b_bishop|b_pawn/white_sq|w_pawn|white_sq|black_sq|white_sq|b_knight|b_pawn|black_sq/black_sq|white_sq|w_pawn|w_pawn|black_sq|white_sq|b_rook|white_sq/b_pawn|black_sq|white_sq|black_sq|b_rook|black_sq|b_king|w_knight/w_pawn|b_bishop|black_sq|white_sq|w_bishop|w_bishop|black_sq|white_sq/white_sq|black_sq|w_rook|black_sq|white_sq|black_sq|w_pawn|black_sq/black_sq|w_king|black_sq|white_sq|black_sq|white_sq|black_sq|white_sq
align_wR_bK_023,q5,1,"[[3, 0], [6, 3]]",8,8,white_sq|b_rook|b_bishop|black_sq|white_sq|b_queen|white_sq|black_sq/black_sq|white_sq|w_queen|white_sq|b_pawn|white_sq|black_sq|white_sq/b_knight|black_sq|b_pawn|black_sq|white_sq|black_sq|white_sq|b_pawn/w_rook|white_sq|black_sq|white_sq|black_sq|b_pawn|black_sq|white_sq/w_pawn|w_pawn|white_sq|black_sq|b_pawn|w_knight|white_sq|b_rook/black_sq|white_sq|black_sq|white_sq|black_sq|w_knight|black_sq|white_sq/white_sq|black_sq|w_king|b_king|w_bishop|b_knight|w_pawn|black_sq/black_sq|white_sq|w_bishop|white_sq|black_sq|white_sq|black_sq|white_sq
align_wR_bK_024,q5,1,"[[0, 4], [6, 7]]",8,8,white_sq|black_sq|white_sq|w_bishop|w_rook|black_sq|white_sq|black_sq/black_sq|white_sq|b_pawn|white_sq|black_sq|white_sq|black_sq|b_pawn/white_sq|black_sq|white_sq|black_sq|b_pawn|black_sq|white_sq|black_sq/b_pawn|white_sq|black_sq|white_sq|w_pawn|b_pawn|b_bishop|white_sq/white_sq|black_sq|white_sq|b_pawn|white_sq|black_sq|white_sq|w_pawn/b_pawn|white_sq|black_sq|white_sq|black_sq|white_sq|black_sq|white_sq/white_sq|w_pawn|w_pawn|black_sq|w_pawn|w_king|w_pawn|b_king/black_sq|white_sq|black_sq|white_sq|black_sq|w_bishop|black_sq|white_sq
align_wR_bK_025,q5,0,"[[5, 0], [5, 5]]",8,8,white_sq|black_sq|b_bishop|b_queen|white_sq|black_sq|white_sq|black_sq/b_pawn|white_sq|b_rook|white_sq|black_sq|white_sq|b_rook|white_sq/white_sq|black_sq|white_sq|black_sq|b_pawn|black_sq|b_pawn|b_bishop/w_pawn|b_pawn|black_sq|b_pawn|black_sq|white_sq|b_pawn|white_sq/white_sq|black_sq|w_bishop|black_sq|white_sq|w_pawn|w_queen|black_sq/w_rook|w_pawn|b_pawn|white_sq|black_sq|b_king|w_bishop|w_pawn/white_sq|black_sq|w_pawn|black_sq|white_sq|black_sq|white_sq|black_sq/black_sq|white_sq|w_knight|w_king|black_sq|white_sq|black_sq|white_sq
align_wR_bK_026,q5,0,"[[0, 6], [7, 6]]",8,8,white_sq|black_sq|b_bishop|black_sq|white_sq|b_bishop|w_rook|b_rook/b_pawn|b_rook|b_pawn|b_knight|black_sq|b_pawn|b_pawn|b_pawn/white_sq|black_sq|white_sq|b_pawn|white_sq|black_sq|white_sq|black_sq/black_sq|w_knight|black_sq|white_sq|b_pawn|white_sq|black_sq|white_sq/w_pawn|w_pawn|w_pawn|black_sq|white_sq|b_knight|white_sq|black_sq/black_sq|white_sq|w_king|b_queen|black_sq|white_sq|black_sq|w_pawn/white_sq|w_bishop|white_sq|black_sq|white_sq|w_pawn|white_sq|black_sq/black_sq|white_sq|black_sq|white_sq|black_sq|white_sq|b_king|white_sq
align_wR_bK_027,q5,1,"[[1, 0], [6, 7]]",8,8,white_sq|black_sq|white_sq|black_sq|white_sq|black_sq|white_sq|black_sq/w_rook|white_sq|black_sq|white_sq|black_sq|white_sq|b_bishop|b_queen/white_sq|b_rook|white_sq|b_pawn|b_pawn|b_pawn|white_sq|black_sq/w_pawn|w_knight|black_sq|white_sq|w_knight|white_sq|black_sq|b_rook/b_knight|black_sq|white_sq|w_pawn|white_sq|black_sq|white_sq|w_pawn/black_sq|white_sq|black_sq|white_sq|w_pawn|white_sq|w_pawn|white_sq/w_pawn|black_sq|w_pawn|black_sq|white_sq|black_sq|white_sq|b_king/black_sq|white_sq|w_bishop|white_sq|w_king|w_bishop|black_sq|white_sq
align_wR_bK_028,q5,1,"[[7, 2], [3, 4]]",8,8,white_sq|black_sq|white_sq|black_sq|white_sq|black_sq|white_sq|black_sq/b_rook|white_sq|black_sq|white_sq|black_sq|b_pawn|b_bishop|b_pawn/white_sq|black_sq|b_pawn|black_sq|white_sq|black_sq|white_sq|black_sq/black_sq|white_sq|b_queen|w_pawn|b_king|white_sq|black_sq|white_sq/white_sq|black_sq|white_sq|black_sq|white_sq|black_sq|w_knight|black_sq/b_pawn|w_pawn|black_sq|white_sq|black_sq|white_sq|b_knight|white_sq/white_sq|black_sq|white_sq|black_sq|w_pawn|black_sq|w_bishop|black_sq/black_sq|w_knight|w_rook|white_sq|w_king|white_sq|black_sq|white_sq
align_wR_bK_029,q5,1,"[[5, 4], [6, 1]]",8,8,w_knight|black_sq|b_bishop|black_sq|white_sq|black_sq|white_sq|b_rook/black_sq|white_sq|black_sq|white_sq|black_sq|white_sq|black_sq|b_queen/white_sq|b_pawn|white_sq|b_bishop|b_pawn|black_sq|white_sq|black_sq/b_pawn|white_sq|black_sq|white_sq|black_sq|w_pawn|black_sq|b_pawn/w_pawn|black_sq|w_pawn|b_pawn|w_king|b_pawn|white_sq|w_pawn/black_sq|w_pawn|black_sq|w_pawn|w_rook|white_sq|black_sq|white_sq/w_queen|b_king|white_sq|black_sq|white_sq|black_sq|white_sq|black_sq/black_sq|white_sq|w_bishop|white_sq|black_sq|white_sq|w_knight|white_sq
align_wR_bK_030,q5,0,"[[2, 6], [3, 6]]",8,8,b_rook|black_sq|b_bishop|b_queen|white_sq|b_bishop|b_knight|b_rook/b_pawn|b_pawn|b_pawn|b_pawn|b_pawn|b_pawn|b_pawn|white_sq/b_knight|black_sq|white_sq|black_sq|white_sq|black_sq|w_rook|black_sq/black_sq|white_sq|black_sq|white_sq|black_sq|white_sq|b_king|b_pawn/w_pawn|w_pawn|white_sq|black_sq|white_sq|black_sq|white_sq|black_sq/black_sq|white_sq|w_pawn|white_sq|black_sq|white_sq|black_sq|white_sq/white_sq|black_sq|white_sq|w_pawn|w_pawn|w_pawn|w_pawn|w_pawn/black_sq|w_knight|w_bishop|w_queen|w_king|w_bishop|w_knight|white_sq
align_wR_bK_031,q5,1,"[[1, 2], [2, 1]]",8,8,white_sq|black_sq|b_rook|black_sq|white_sq|black_sq|white_sq|b_rook/black_sq|white_sq|w_rook|b_bishop|b_knight|white_sq|black_sq|white_sq/white_sq|b_king|w_pawn|b_knight|b_pawn|black_sq|white_sq|black_sq/b_pawn|white_sq|black_sq|white_sq|black_sq|white_sq|b_pawn|w_pawn/white_sq|b_pawn|w_bishop|black_sq|white_sq|b_pawn|white_sq|w_pawn/w_pawn|w_pawn|black_sq|white_sq|w_pawn|w_pawn|black_sq|white_sq/white_sq|b_bishop|white_sq|black_sq|white_sq|w_king|white_sq|black_sq/black_sq|b_queen|w_bishop|white_sq|black_sq|white_sq|w_knight|white_sq
align_wR_bK_032,q5,0,"[[2, 1], [7, 1]]",8,8,white_sq|black_sq|white_sq|black_sq|white_sq|black_sq|white_sq|black_sq/b_knight|white_sq|black_sq|b_bishop|black_sq|white_sq|black_sq|b_pawn/white_sq|w_rook|white_sq|w_pawn|b_pawn|black_sq|white_sq|b_pawn/b_pawn|w_bishop|black_sq|white_sq|black_sq|white_sq|black_sq|white_sq/w_pawn|w_pawn|white_sq|black_sq|w_pawn|b_pawn|white_sq|black_sq/w_knight|white_sq|black_sq|white_sq|black_sq|w_pawn|black_sq|w_pawn/white_sq|black_sq|white_sq|w_king|white_sq|black_sq|white_sq|black_sq/black_sq|b_king|black_sq|white_sq|black_sq|white_sq|b_rook|white_sq
align_wR_bK_033,q5,1,"[[1, 4], [5, 1]]",8,8,white_sq|black_sq|white_sq|black_sq|white_sq|black_sq|white_sq|black_sq/b_knight|white_sq|black_sq|b_bishop|w_rook|white_sq|black_sq|b_pawn/white_sq|black_sq|white_sq|w_pawn|b_pawn|black_sq|white_sq|b_pawn/b_pawn|w_bishop|black_sq|white_sq|black_sq|white_sq|black_sq|white_sq/w_pawn|w_pawn|white_sq|black_sq|w_pawn|b_pawn|white_sq|black_sq/w_knight|b_king|black_sq|white_sq|black_sq|w_pawn|black_sq|w_pawn/white_sq|black_sq|white_sq|w_king|white_sq|black_sq|white_sq|black_sq/black_sq|white_sq|black_sq|white_sq|black_sq|white_sq|b_rook|white_sq
align_wR_bK_034,q5,0,"[[6, 7], [5, 7]]",8,8,white_sq|black_sq|b_bishop|black_sq|white_sq|black_sq|white_sq|black_sq/black_sq|white_sq|black_sq|b_knight|black_sq|w_pawn|black_sq|white_sq/b_pawn|black_sq|white_sq|black_sq|white_sq|black_sq|white_sq|b_pawn/black_sq|b_rook|w_pawn|white_sq|black_sq|b_queen|black_sq|w_pawn/w_pawn|w_pawn|white_sq|black_sq|white_sq|w_pawn|white_sq|black_sq/black_sq|white_sq|black_sq|w_bishop|w_pawn|white_sq|black_sq|b_king/white_sq|w_king|white_sq|black_sq|white_sq|black_sq|white_sq|w_rook/w_bishop|white_sq|black_sq|white_sq|black_sq|white_sq|black_sq|white_sq
align_wR_bK_035,q5,0,"[[3, 2], [7, 2]]",8,8,b_rook|black_sq|b_queen|black_sq|white_sq|b_bishop|white_sq|b_rook/black_sq|b_pawn|b_pawn|b_bishop|b_pawn|b_pawn|black_sq|b_pawn/b_pawn|black_sq|b_knight|black_sq|white_sq|black_sq|white_sq|b_knight/black_sq|white_sq|w_rook|b_pawn|black_sq|white_sq|b_pawn|white_sq/w_knight|w_pawn|white_sq|black_sq|white_sq|black_sq|white_sq|black_sq/black_sq|white_sq|black_sq|w_pawn|black_sq|white_sq|black_sq|white_sq/w_pawn|black_sq|w_pawn|w_bishop|w_pawn|w_pawn|w_pawn|w_pawn/black_sq|white_sq|b_king|w_queen|w_king|w_bishop|w_knight|white_sq
align_wR_bK_036,q5,0,"[[7, 2], [1, 2]]",8,8,b_rook|black_sq|white_sq|black_sq|b_rook|black_sq|white_sq|black_sq/black_sq|white_sq|b_king|white_sq|black_sq|white_sq|black_sq|white_sq/b_knight|black_sq|w_pawn|black_sq|w_knight|black_sq|white_sq|black_sq/black_sq|white_sq|b_pawn|white_sq|black_sq|white_sq|black_sq|w_pawn/b_pawn|black_sq|white_sq|b_pawn|white_sq|black_sq|white_sq|black_sq/w_knight|b_bishop|w_bishop|white_sq|b_pawn|white_sq|black_sq|white_sq/white_sq|black_sq|w_pawn|black_sq|w_king|w_pawn|w_pawn|black_sq/black_sq|white_sq|w_rook|white_sq|black_sq|w_bishop|black_sq|white_sq
align_wR_bK_037,q5,0,"[[2, 0], [2, 4]]",8,8,b_rook|b_knight|b_bishop|b_queen|white_sq|b_bishop|b_knight|b_rook/black_sq|b_pawn|b_pawn|b_pawn|b_pawn|b_pawn|black_sq|b_pawn/w_rook|black_sq|white_sq|black_sq|b_king|black_sq|b_pawn|black_sq/b_pawn|white_sq|black_sq|white_sq|black_sq|white_sq|black_sq|white_sq/white_sq|black_sq|white_sq|black_sq|white_sq|w_pawn|white_sq|black_sq/black_sq|white_sq|w_knight|white_sq|black_sq|white_sq|black_sq|white_sq/w_pawn|w_pawn|w_pawn|w_pawn|w_pawn|black_sq|w_pawn|w_pawn/black_sq|white_sq|w_bishop|w_queen|w_king|w_bishop|w_knight|white_sq
align_wR_bK_038,q5,0,"[[7, 4], [7, 6]]",8,8,b_rook|black_sq|white_sq|black_sq|white_sq|b_bishop|white_sq|b_rook/black_sq|b_pawn|black_sq|white_sq|black_sq|b_pawn|b_pawn|b_pawn/white_sq|b_knight|b_pawn|b_pawn|b_queen|black_sq|white_sq|b_knight/black_sq|white_sq|black_sq|w_knight|black_sq|white_sq|black_sq|w_pawn/b_pawn|w_pawn|white_sq|black_sq|w_pawn|w_pawn|white_sq|black_sq/w_bishop|white_sq|black_sq|w_pawn|black_sq|white_sq|black_sq|w_pawn/w_pawn|black_sq|w_pawn|w_knight|white_sq|black_sq|white_sq|black_sq/black_sq|white_sq|black_sq|w_king|w_rook|w_bishop|b_king|white_sq
align_wR_bK_039,q5,0,"[[2, 7], [3, 7]]",8,8,white_sq|black_sq|white_sq|black_sq|b_bishop|b_knight|white_sq|black_sq/black_sq|white_sq|black_sq|white_sq|b_pawn|white_sq|black_sq|white_sq/b_pawn|black_sq|white_sq|black_sq|white_sq|black_sq|white_sq|w_rook/black_sq|white_sq|b_pawn|white_sq|black_sq|b_pawn|black_sq|b_king/w_pawn|black_sq|white_sq|black_sq|white_sq|w_pawn|white_sq|black_sq/black_sq|b_rook|black_sq|white_sq|w_pawn|white_sq|w_pawn|white_sq/white_sq|black_sq|white_sq|black_sq|w_king|black_sq|b_rook|black_sq/black_sq|white_sq|black_sq|white_sq|black_sq|white_sq|black_sq|white_sq
align_wR_bK_040,q5,1,"[[6, 6], [4, 3]]",8,8,b_rook|black_sq|b_bishop|b_queen|white_sq|black_sq|b_knight|black_sq/w_bishop|b_pawn|b_pawn|b_pawn|b_bishop|b_pawn|b_pawn|b_rook/b_knight|black_sq|white_sq|black_sq|b_pawn|black_sq|white_sq|black_sq/b_pawn|white_sq|black_sq|white_sq|black_sq|white_sq|black_sq|b_pawn/w_pawn|black_sq|white_sq|b_king|white_sq|black_sq|white_sq|black_sq/black_sq|white_sq|w_pawn|w_pawn|black_sq|white_sq|w_pawn|white_sq/white_sq|w_pawn|white_sq|black_sq|w_pawn|w_pawn|w_rook|w_pawn/black_sq|w_knight|black_sq|w_queen|w_king|w_bishop|w_knight|white_sq
align_wR_bK_041,q5,0,"[[3, 3], [3, 7]]",8,8,white_sq|b_queen|b_bishop|black_sq|white_sq|black_sq|b_knight|black_sq/black_sq|white_sq|b_rook|w_knight|b_pawn|white_sq|black_sq|white_sq/b_pawn|b_pawn|b_pawn|black_sq|white_sq|black_sq|white_sq|b_bishop/b_knight|white_sq|black_sq|w_rook|black_sq|white_sq|w_pawn|b_king/w_queen|black_sq|white_sq|w_pawn|white_sq|w_pawn|white_sq|black_sq/black_sq|white_sq|w_pawn|white_sq|w_pawn|white_sq|black_sq|white_sq/w_pawn|w_pawn|white_sq|black_sq|white_sq|w_pawn|white_sq|black_sq/black_sq|white_sq|w_bishop|white_sq|w_king|w_knight|black_sq|white_sq
align_wR_bK_042,q5,0,"[[6, 0], [5, 0]]",8,8,white_sq|black_sq|white_sq|b_queen|white_sq|b_bishop|b_rook|black_sq/black_sq|white_sq|black_sq|white_sq|b_pawn|white_sq|b_knight|white_sq/white_sq|black_sq|w_knight|b_rook|b_bishop|black_sq|white_sq|b_pawn/black_sq|white_sq|b_pawn|white_sq|black_sq|white_sq|black_sq|white_sq/white_sq|w_pawn|w_pawn|black_sq|w_pawn|w_pawn|w_pawn|b_pawn/b_king|white_sq|black_sq|white_sq|w_knight|w_king|black_sq|white_sq/w_rook|black_sq|white_sq|w_pawn|white_sq|black_sq|white_sq|black_sq/black_sq|white_sq|w_bishop|white_sq|black_sq|white_sq|black_sq|white_sq
align_wR_bK_043,q5,0,"[[7, 2], [7, 4]]",8,8,b_rook|black_sq|w_knight|black_sq|white_sq|black_sq|white_sq|black_sq/b_pawn|white_sq|black_sq|b_pawn|b_knight|white_sq|black_sq|white_sq/b_knight|black_sq|b_pawn|black_sq|white_sq|b_rook|b_pawn|black_sq/w_pawn|white_sq|b_bishop|white_sq|b_pawn|white_sq|b_queen|white_sq/white_sq|black_sq|white_sq|w_pawn|w_pawn|black_sq|w_pawn|w_pawn/black_sq|white_sq|black_sq|white_sq|black_sq|white_sq|black_sq|white_sq/white_sq|w_pawn|w_pawn|black_sq|w_king|black_sq|white_sq|black_sq/black_sq|white_sq|w_rook|white_sq|b_king|white_sq|w_knight|white_sq
align_wR_bK_044,q5,0,"[[4, 1], [3, 1]]",8,8,white_sq|black_sq|b_bishop|black_sq|white_sq|b_knight|white_sq|b_bishop/black_sq|white_sq|black_sq|white_sq|black_sq|white_sq|black_sq|white_sq/white_sq|w_pawn|b_pawn|black_sq|b_rook|black_sq|white_sq|black_sq/black_sq|b_king|black_sq|white_sq|b_pawn|w_pawn|b_queen|white_sq/white_sq|w_rook|white_sq|black_sq|white_sq|w_pawn|white_sq|black_sq/w_knight|white_sq|w_pawn|w_pawn|black_sq|white_sq|black_sq|white_sq/white_sq|black_sq|white_sq|w_bishop|w_pawn|black_sq|white_sq|black_sq/black_sq|white_sq|w_queen|white_sq|w_king|white_sq|black_sq|white_sq
align_wR_bK_045,q5,1,"[[2, 2], [3, 6]]",8,8,b_rook|b_knight|b_bishop|b_queen|white_sq|b_bishop|white_sq|b_rook/black_sq|white_sq|black_sq|b_pawn|b_knight|b_pawn|black_sq|b_pawn/white_sq|black_sq|w_rook|black_sq|white_sq|black_sq|b_pawn|black_sq/b_pawn|b_pawn|b_pawn|white_sq|b_pawn|white_sq|b_king|white_sq/white_sq|black_sq|w_pawn|black_sq|white_sq|black_sq|white_sq|black_sq/black_sq|w_queen|w_knight|white_sq|black_sq|white_sq|w_pawn|w_knight/w_pawn|w_pawn|white_sq|w_pawn|w_pawn|w_pawn|white_sq|w_pawn/black_sq|white_sq|w_bishop|white_sq|w_king|w_bishop|black_sq|white_sq
align_wR_bK_046,q5,1,"[[2, 1], [7, 2]]",8,8,b_rook|black_sq|w_knight|black_sq|white_sq|black_sq|white_sq|black_sq/b_pawn|white_sq|black_sq|b_pawn|b_knight|white_sq|black_sq|white_sq/b_knight|w_rook|b_pawn|black_sq|white_sq|b_rook|b_pawn|black_sq/w_pawn|white_sq|b_bishop|white_sq|b_pawn|white_sq|b_queen|white_sq/white_sq|black_sq|white_sq|w_pawn|w_pawn|black_sq|w_pawn|w_pawn/black_sq|white_sq|black_sq|white_sq|black_sq|white_sq|black_sq|white_sq/white_sq|w_pawn|w_pawn|black_sq|w_king|black_sq|white_sq|black_sq/black_sq|white_sq|b_king|white_sq|black_sq|white_sq|w_knight|white_sq
align_wR_bK_047,q5,0,"[[4, 1], [6, 1]]",8,8,white_sq|black_sq|b_bishop|black_sq|white_sq|b_queen|white_sq|black_sq/black_sq|white_sq|black_sq|white_sq|black_sq|white_sq|black_sq|white_sq/white_sq|black_sq|white_sq|b_pawn|b_pawn|b_bishop|white_sq|b_rook/b_pawn|w_knight|black_sq|white_sq|black_sq|white_sq|w_pawn|b_pawn/w_pawn|w_rook|white_sq|black_sq|w_bishop|black_sq|white_sq|w_pawn/black_sq|b_pawn|w_pawn|w_king|w_queen|white_sq|w_pawn|white_sq/white_sq|b_king|white_sq|black_sq|white_sq|black_sq|white_sq|black_sq/black_sq|w_knight|w_bishop|white_sq|black_sq|white_sq|black_sq|white_sq
align_wR_bK_048,q5,1,"[[3, 6], [2, 4]]",8,8,white_sq|black_sq|white_sq|b_queen|white_sq|black_sq|white_sq|b_rook/b_rook|w_queen|black_sq|white_sq|black_sq|b_pawn|b_bishop|b_pawn/white_sq|b_pawn|white_sq|black_sq|b_king|black_sq|white_sq|black_sq/black_sq|w_pawn|black_sq|b_pawn|b_pawn|white_sq|w_rook|white_sq/white_sq|black_sq|white_sq|black_sq|white_sq|b_knight|b_pawn|w_pawn/black_sq|white_sq|black_sq|b_bishop|w_pawn|w_pawn|w_pawn|white_sq/white_sq|w_pawn|white_sq|w_king|white_sq|black_sq|white_sq|black_sq/black_sq|w_knight|w_bishop|white_sq|black_sq|w_bishop|black_sq|white_sq
align_wR_bK_049,q5,0,"[[3, 6], [3, 7]]",8,8,white_sq|b_rook|b_bishop|black_sq|white_sq|b_rook|white_sq|black_sq/black_sq|b_pawn|black_sq|white_sq|black_sq|white_sq|b_pawn|b_pawn/white_sq|black_sq|white_sq|b_bishop|white_sq|b_pawn|white_sq|black_sq/b_pawn|white_sq|b_pawn|w_pawn|b_pawn|white_sq|w_rook|b_king/white_sq|black_sq|white_sq|black_sq|w_pawn|w_knight|white_sq|w_pawn/w_pawn|white_sq|black_sq|white_sq|black_sq|w_queen|b_knight|white_sq/white_sq|black_sq|white_sq|w_pawn|white_sq|w_pawn|w_pawn|black_sq/black_sq|w_knight|w_bishop|white_sq|w_king|white_sq|black_sq|white_sq
align_wR_bK_050,q5,1,"[[3, 0], [1, 4]]",8,8,white_sq|black_sq|b_rook|black_sq|white_sq|b_rook|white_sq|black_sq/b_pawn|white_sq|black_sq|b_pawn|b_king|white_sq|black_sq|b_pawn/b_knight|b_pawn|white_sq|black_sq|white_sq|w_queen|b_pawn|black_sq/w_rook|w_bishop|black_sq|white_sq|black_sq|white_sq|b_bishop|b_knight/b_queen|black_sq|white_sq|b_pawn|w_pawn|b_pawn|white_sq|black_sq/black_sq|b_bishop|w_knight|white_sq|black_sq|w_pawn|black_sq|w_pawn/white_sq|black_sq|w_pawn|black_sq|w_king|black_sq|white_sq|black_sq/black_sq|white_sq|black_sq|white_sq|black_sq|white_sq|w_knight|white_sq
align_wR_bK_051,q5,1,"[[0, 1], [3, 6]]",8,8,white_sq|w_rook|white_sq|b_rook|white_sq|b_bishop|b_knight|b_rook/black_sq|b_pawn|b_pawn|b_queen|b_knight|white_sq|black_sq|b_pawn/b_pawn|black_sq|white_sq|b_pawn|white_sq|black_sq|b_pawn|black_sq/black_sq|white_sq|black_sq|white_sq|b_pawn|w_pawn|b_king|white_sq/white_sq|black_sq|white_sq|black_sq|w_pawn|black_sq|white_sq|w_knight/black_sq|white_sq|black_sq|white_sq|black_sq|white_sq|black_sq|white_sq/w_pawn|w_pawn|w_pawn|w_pawn|w_king|w_pawn|white_sq|w_pawn/black_sq|w_knight|w_bishop|white_sq|black_sq|w_bishop|black_sq|white_sq
align_wR_bK_052,q5,1,"[[3, 3], [1, 0]]",8,8,b_rook|b_knight|white_sq|black_sq|white_sq|black_sq|white_sq|b_rook/b_king|white_sq|black_sq|white_sq|black_sq|b_pawn|black_sq|white_sq/b_pawn|black_sq|white_sq|black_sq|white_sq|black_sq|b_pawn|b_knight/black_sq|white_sq|w_bishop|w_rook|black_sq|white_sq|black_sq|b_pawn/white_sq|w_queen|w_pawn|black_sq|white_sq|black_sq|white_sq|w_pawn/black_sq|white_sq|black_sq|w_pawn|black_sq|w_pawn|black_sq|white_sq/w_pawn|black_sq|white_sq|black_sq|w_pawn|black_sq|w_bishop|black_sq/black_sq|white_sq|black_sq|white_sq|black_sq|w_king|w_knight|white_sq
align_wR_bK_053,q5,1,"[[0, 3], [5, 2]]",8,8,white_sq|black_sq|white_sq|w_rook|w_queen|black_sq|white_sq|black_sq/black_sq|white_sq|black_sq|white_sq|b_pawn|white_sq|black_sq|white_sq/white_sq|b_pawn|white_sq|black_sq|white_sq|b_pawn|white_sq|black_sq/b_pawn|white_sq|black_sq|w_bishop|w_knight|white_sq|black_sq|white_sq/w_pawn|black_sq|w_queen|black_sq|w_pawn|b_bishop|b_rook|black_sq/black_sq|white_sq|b_king|white_sq|b_queen|white_sq|black_sq|w_pawn/white_sq|black_sq|white_sq|black_sq|white_sq|black_sq|white_sq|black_sq/black_sq|white_sq|black_sq|white_sq|black_sq|b_bishop|black_sq|w_king
align_wR_bK_054,q5,0,"[[1, 7], [4, 7]]",8,8,white_sq|b_knight|b_bishop|black_sq|white_sq|black_sq|white_sq|b_rook/black_sq|b_pawn|b_pawn|white_sq|black_sq|white_sq|b_pawn|w_rook/b_rook|black_sq|white_sq|b_pawn|b_pawn|black_sq|white_sq|b_pawn/black_sq|white_sq|black_sq|white_sq|black_sq|b_pawn|black_sq|white_sq/white_sq|b_bishop|w_knight|w_pawn|w_pawn|w_pawn|b_knight|b_king/b_pawn|w_pawn|black_sq|white_sq|black_sq|white_sq|w_pawn|white_sq/w_pawn|black_sq|w_pawn|black_sq|w_bishop|black_sq|white_sq|b_queen/black_sq|white_sq|w_bishop|w_queen|black_sq|white_sq|w_king|white_sq
align_wR_bK_055,q5,0,"[[4, 1], [5, 1]]",8,8,b_rook|b_knight|b_bishop|b_queen|white_sq|black_sq|b_knight|b_rook/black_sq|white_sq|w_bishop|b_pawn|b_pawn|b_pawn|black_sq|white_sq/b_pawn|black_sq|white_sq|black_sq|white_sq|black_sq|b_pawn|black_sq/black_sq|w_knight|black_sq|white_sq|black_sq|white_sq|black_sq|b_pawn/white_sq|w_rook|white_sq|black_sq|w_pawn|black_sq|w_pawn|black_sq/w_pawn|b_king|black_sq|white_sq|black_sq|white_sq|black_sq|w_pawn/white_sq|black_sq|w_pawn|w_pawn|b_knight|w_pawn|w_bishop|black_sq/black_sq|white_sq|black_sq|w_queen|black_sq|w_king|black_sq|white_sq
align_wR_bK_056,q5,1,"[[4, 0], [0, 6]]",8,8,white_sq|black_sq|white_sq|black_sq|white_sq|black_sq|b_king|black_sq/black_sq|white_sq|b_pawn|white_sq|b_knight|b_rook|black_sq|white_sq/b_rook|black_sq|w_pawn|black_sq|white_sq|black_sq|white_sq|b_pawn/black_sq|w_bishop|b_queen|b_knight|black_sq|white_sq|w_knight|w_pawn/w_rook|black_sq|w_pawn|black_sq|white_sq|w_bishop|w_pawn|black_sq/black_sq|w_pawn|black_sq|white_sq|black_sq|white_sq|black_sq|white_sq/white_sq|black_sq|white_sq|black_sq|white_sq|w_pawn|white_sq|black_sq/black_sq|w_knight|b_bishop|white_sq|black_sq|white_sq|w_king|white_sq
align_wR_bK_057,q5,1,"[[6, 0], [2, 6]]",8,8,white_sq|black_sq|b_bishop|black_sq|white_sq|b_queen|white_sq|black_sq/black_sq|white_sq|black_sq|white_sq|black_sq|white_sq|black_sq|white_sq/white_sq|black_sq|white_sq|b_pawn|b_pawn|b_bishop|b_king|b_rook/b_pawn|w_knight|black_sq|white_sq|black_sq|white_sq|w_pawn|b_pawn/w_pawn|black_sq|white_sq|black_sq|w_bishop|black_sq|white_sq|w_pawn/black_sq|b_pawn|w_pawn|w_king|w_queen|white_sq|w_pawn|white_sq/w_rook|black_sq|white_sq|black_sq|white_sq|black_sq|white_sq|black_sq/black_sq|w_knight|w_bishop|white_sq|black_sq|white_sq|black_sq|white_sq
align_wR_bK_058,q5,0,"[[4, 1], [4, 7]]",8,8,white_sq|black_sq|white_sq|black_sq|white_sq|black_sq|white_sq|black_sq/b_knight|white_sq|black_sq|white_sq|b_bishop|white_sq|black_sq|b_pawn/b_rook|w_pawn|w_bishop|black_sq|white_sq|b_pawn|b_rook|b_knight/black_sq|white_sq|w_queen|white_sq|b_pawn|white_sq|black_sq|white_sq/b_pawn|w_rook|w_pawn|w_pawn|white_sq|black_sq|white_sq|b_king/black_sq|white_sq|black_sq|white_sq|black_sq|white_sq|black_sq|white_sq/w_pawn|black_sq|white_sq|black_sq|white_sq|w_king|w_pawn|w_pawn/black_sq|white_sq|black_sq|white_sq|black_sq|white_sq|black_sq|white_sq
align_wR_bK_059,q5,0,"[[5, 0], [5, 4]]",8,8,b_rook|black_sq|white_sq|b_queen|white_sq|b_bishop|b_knight|black_sq/black_sq|white_sq|b_pawn|b_bishop|b_pawn|b_pawn|b_pawn|white_sq/white_sq|black_sq|white_sq|black_sq|white_sq|black_sq|white_sq|black_sq/black_sq|white_sq|black_sq|w_pawn|black_sq|white_sq|b_pawn|white_sq/white_sq|b_pawn|white_sq|black_sq|white_sq|black_sq|white_sq|black_sq/w_rook|white_sq|black_sq|w_bishop|b_king|w_pawn|b_rook|white_sq/w_pawn|black_sq|w_pawn|w_pawn|white_sq|b_knight|w_pawn|w_pawn/black_sq|white_sq|black_sq|w_queen|black_sq|w_king|black_sq|white_sq
align_wR_bK_060,q5,0,"[[1, 0], [7, 0]]",8,8,b_rook|b_knight|b_bishop|black_sq|white_sq|b_bishop|white_sq|b_rook/w_rook|b_pawn|black_sq|b_pawn|black_sq|b_pawn|black_sq|b_pawn/white_sq|black_sq|white_sq|black_sq|white_sq|black_sq|b_pawn|b_knight/b_pawn|white_sq|b_pawn|white_sq|b_pawn|white_sq|black_sq|white_sq/w_pawn|black_sq|white_sq|black_sq|w_pawn|black_sq|b_queen|black_sq/black_sq|white_sq|black_sq|white_sq|black_sq|white_sq|black_sq|white_sq/white_sq|w_pawn|w_pawn|w_pawn|white_sq|w_pawn|w_bishop|w_pawn/b_king|w_knight|w_bishop|w_queen|w_king|white_sq|w_knight|white_sq
align_wR_bK_061,q5,1,"[[0, 0], [7, 3]]",8,8,w_rook|b_knight|white_sq|b_queen|white_sq|black_sq|white_sq|b_rook/black_sq|white_sq|black_sq|white_sq|black_sq|white_sq|black_sq|white_sq/white_sq|black_sq|white_sq|black_sq|w_knight|b_knight|white_sq|black_sq/black_sq|white_sq|b_pawn|white_sq|black_sq|w_pawn|black_sq|white_sq/white_sq|black_sq|white_sq|w_pawn|b_pawn|black_sq|white_sq|b_pawn/black_sq|white_sq|black_sq|w_pawn|black_sq|white_sq|black_sq|w_pawn/w_pawn|black_sq|white_sq|black_sq|white_sq|black_sq|white_sq|black_sq/black_sq|white_sq|w_bishop|b_king|black_sq|w_king|black_sq|white_sq
align_wR_bK_062,q5,1,"[[4, 4], [5, 5]]",8,8,b_rook|black_sq|b_bishop|black_sq|white_sq|b_bishop|b_knight|b_rook/b_pawn|b_pawn|b_pawn|b_pawn|black_sq|b_pawn|b_pawn|white_sq/b_knight|black_sq|white_sq|black_sq|white_sq|black_sq|white_sq|b_pawn/black_sq|white_sq|black_sq|white_sq|b_pawn|white_sq|black_sq|white_sq/white_sq|black_sq|white_sq|black_sq|w_rook|w_knight|white_sq|b_queen/black_sq|white_sq|black_sq|white_sq|black_sq|b_king|black_sq|white_sq/w_pawn|w_pawn|w_pawn|w_pawn|w_pawn|w_pawn|w_pawn|w_pawn/black_sq|w_knight|w_bishop|w_queen|w_king|w_bishop|black_sq|white_sq
align_wR_bK_063,q5,0,"[[2, 0], [1, 0]]",8,8,white_sq|black_sq|white_sq|black_sq|white_sq|black_sq|white_sq|black_sq/b_king|white_sq|b_rook|white_sq|b_rook|white_sq|b_bishop|white_sq/w_rook|black_sq|b_pawn|b_pawn|white_sq|black_sq|white_sq|black_sq/b_pawn|white_sq|black_sq|white_sq|black_sq|b_pawn|black_sq|white_sq/w_knight|black_sq|white_sq|w_pawn|white_sq|w_pawn|b_bishop|black_sq/black_sq|white_sq|b_pawn|b_queen|black_sq|white_sq|black_sq|b_pawn/w_pawn|black_sq|white_sq|black_sq|w_pawn|black_sq|white_sq|w_bishop/black_sq|white_sq|black_sq|w_king|black_sq|white_sq|black_sq|white_sq
align_wR_bK_064,q5,1,"[[1, 1], [7, 6]]",8,8,white_sq|black_sq|white_sq|black_sq|white_sq|black_sq|white_sq|black_sq/black_sq|w_rook|black_sq|white_sq|black_sq|white_sq|b_pawn|white_sq/white_sq|black_sq|white_sq|b_pawn|white_sq|black_sq|white_sq|black_sq/black_sq|white_sq|black_sq|white_sq|w_knight|white_sq|black_sq|white_sq/white_sq|black_sq|white_sq|w_pawn|white_sq|b_queen|w_bishop|w_pawn/black_sq|white_sq|b_knight|white_sq|black_sq|w_pawn|black_sq|white_sq/b_rook|black_sq|white_sq|w_pawn|white_sq|w_bishop|white_sq|black_sq/black_sq|white_sq|black_sq|white_sq|w_king|white_sq|b_king|white_sq
align_wR_bK_065,q5,0,"[[1, 4], [4, 4]]",8,8,white_sq|b_knight|b_rook|black_sq|white_sq|b_rook|white_sq|black_sq/black_sq|white_sq|black_sq|b_pawn|w_rook|white_sq|black_sq|white_sq/white_sq|black_sq|white_sq|w_knight|white_sq|b_knight|white_sq|black_sq/b_pawn|w_pawn|black_sq|white_sq|black_sq|w_pawn|w_bishop|b_pawn/white_sq|black_sq|white_sq|w_queen|b_king|black_sq|white_sq|black_sq/black_sq|white_sq|black_sq|white_sq|black_sq|b_pawn|w_pawn|white_sq/white_sq|black_sq|white_sq|black_sq|white_sq|black_sq|w_bishop|w_pawn/black_sq|white_sq|black_sq|w_king|black_sq|white_sq|black_sq|w_knight
align_wR_bK_066,q5,1,"[[0, 3], [6, 6]]",8,8,white_sq|b_queen|b_bishop|w_rook|white_sq|black_sq|b_knight|black_sq/black_sq|white_sq|b_rook|w_knight|b_pawn|white_sq|black_sq|white_sq/b_pawn|b_pawn|b_pawn|black_sq|white_sq|black_sq|white_sq|b_bishop/b_knight|white_sq|black_sq|white_sq|black_sq|white_sq|w_pawn|white_sq/w_queen|black_sq|white_sq|w_pawn|white_sq|w_pawn|white_sq|black_sq/black_sq|white_sq|w_pawn|white_sq|w_pawn|white_sq|black_sq|white_sq/w_pawn|w_pawn|white_sq|black_sq|white_sq|w_pawn|b_king|black_sq/black_sq|white_sq|w_bishop|white_sq|w_king|w_knight|black_sq|white_sq
align_wR_bK_067,q5,1,"[[7, 4], [4, 7]]",8,8,b_rook|black_sq|b_bishop|black_sq|white_sq|black_sq|b_knight|b_rook/b_pawn|white_sq|b_pawn|b_pawn|black_sq|white_sq|b_pawn|white_sq/white_sq|b_pawn|b_knight|black_sq|white_sq|b_bishop|white_sq|black_sq/black_sq|white_sq|black_sq|white_sq|b_pawn|b_pawn|black_sq|b_pawn/white_sq|w_pawn|w_pawn|black_sq|w_pawn|black_sq|white_sq|b_king/w_queen|white_sq|black_sq|white_sq|black_sq|white_sq|w_pawn|white_sq/w_pawn|black_sq|white_sq|w_pawn|w_king|w_pawn|white_sq|b_queen/black_sq|w_knight|w_bishop|white_sq|w_rook|w_bishop|w_knight|white_sq
align_wR_bK_068,q5,0,"[[7, 7], [0, 7]]",8,8,white_sq|black_sq|white_sq|b_queen|white_sq|b_bishop|b_rook|b_king/black_sq|white_sq|black_sq|white_sq|b_pawn|white_sq|b_knight|white_sq/white_sq|black_sq|w_knight|b_rook|b_bishop|black_sq|white_sq|b_pawn/black_sq|white_sq|b_pawn|white_sq|black_sq|white_sq|black_sq|white_sq/white_sq|w_pawn|w_pawn|black_sq|w_pawn|w_pawn|w_pawn|b_pawn/black_sq|white_sq|black_sq|white_sq|w_knight|w_king|black_sq|white_sq/white_sq|black_sq|white_sq|w_pawn|white_sq|black_sq|white_sq|black_sq/black_sq|white_sq|w_bishop|white_sq|black_sq|white_sq|black_sq|w_rook
align_wR_bK_069,q5,0,"[[5, 6], [5, 4]]",8,8,b_rook|black_sq|b_bishop|black_sq|white_sq|black_sq|white_sq|black_sq/black_sq|white_sq|b_pawn|b_queen|w_bishop|white_sq|black_sq|white_sq/b_pawn|b_pawn|b_knight|w_pawn|white_sq|black_sq|white_sq|b_rook/black_sq|white_sq|black_sq|white_sq|w_knight|b_pawn|b_pawn|white_sq/white_sq|w_pawn|white_sq|w_pawn|b_knight|black_sq|white_sq|b_pawn/black_sq|white_sq|w_pawn|white_sq|b_king|white_sq|w_rook|white_sq/w_pawn|black_sq|white_sq|black_sq|white_sq|w_pawn|w_pawn|w_pawn/black_sq|w_knight|w_queen|white_sq|w_king|w_bishop|black_sq|white_sq
align_wR_bK_070,q5,1,"[[6, 0], [4, 7]]",8,8,b_rook|black_sq|white_sq|b_queen|white_sq|b_bishop|b_knight|b_rook/black_sq|white_sq|black_sq|b_knight|b_pawn|white_sq|black_sq|white_sq/white_sq|black_sq|w_pawn|w_bishop|white_sq|black_sq|b_pawn|b_pawn/b_pawn|white_sq|black_sq|white_sq|black_sq|white_sq|black_sq|white_sq/b_pawn|black_sq|white_sq|black_sq|b_pawn|w_pawn|w_pawn|b_king/black_sq|white_sq|black_sq|w_pawn|black_sq|b_bishop|black_sq|w_pawn/w_rook|black_sq|w_pawn|black_sq|w_pawn|black_sq|white_sq|black_sq/black_sq|white_sq|black_sq|w_queen|w_king|w_bishop|w_knight|white_sq
align_wR_bK_071,q5,1,"[[3, 6], [2, 7]]",8,8,b_rook|black_sq|b_bishop|b_queen|white_sq|b_bishop|b_knight|b_rook/b_pawn|b_pawn|b_pawn|b_pawn|b_pawn|white_sq|b_pawn|white_sq/white_sq|black_sq|b_knight|black_sq|white_sq|black_sq|white_sq|b_king/black_sq|white_sq|black_sq|white_sq|black_sq|b_pawn|w_rook|b_pawn/white_sq|black_sq|white_sq|w_pawn|white_sq|black_sq|white_sq|black_sq/w_pawn|white_sq|w_pawn|white_sq|black_sq|white_sq|black_sq|white_sq/white_sq|w_pawn|white_sq|black_sq|w_pawn|w_pawn|w_pawn|w_pawn/black_sq|w_knight|w_bishop|w_queen|w_king|w_bishop|w_knight|white_sq
align_wR_bK_072,q5,0,"[[6, 1], [6, 5]]",8,8,w_bishop|black_sq|b_bishop|black_sq|white_sq|b_rook|white_sq|black_sq/black_sq|white_sq|black_sq|b_pawn|black_sq|b_pawn|black_sq|white_sq/white_sq|b_pawn|white_sq|black_sq|white_sq|black_sq|white_sq|w_knight/black_sq|b_pawn|black_sq|white_sq|b_pawn|w_pawn|black_sq|b_pawn/b_rook|black_sq|b_pawn|black_sq|white_sq|black_sq|white_sq|w_pawn/black_sq|white_sq|w_pawn|white_sq|w_pawn|white_sq|w_pawn|white_sq/white_sq|w_rook|b_knight|black_sq|white_sq|b_king|white_sq|w_queen/black_sq|white_sq|black_sq|white_sq|black_sq|white_sq|black_sq|w_king
align_wR_bK_073,q5,0,"[[1, 2], [1, 6]]",8,8,white_sq|black_sq|white_sq|b_rook|white_sq|black_sq|white_sq|black_sq/w_bishop|white_sq|w_rook|white_sq|black_sq|white_sq|b_king|white_sq/white_sq|black_sq|white_sq|black_sq|white_sq|black_sq|white_sq|b_pawn/black_sq|white_sq|w_knight|w_pawn|black_sq|b_bishop|black_sq|white_sq/white_sq|b_pawn|w_pawn|black_sq|white_sq|black_sq|b_rook|b_pawn/w_pawn|white_sq|black_sq|white_sq|black_sq|white_sq|black_sq|white_sq/white_sq|black_sq|white_sq|black_sq|white_sq|w_king|white_sq|black_sq/black_sq|white_sq|black_sq|w_knight|black_sq|w_bishop|black_sq|white_sq
align_wR_bK_074,q5,1,"[[1, 0], [5, 2]]",8,8,white_sq|black_sq|b_bishop|black_sq|white_sq|black_sq|white_sq|black_sq/w_rook|white_sq|black_sq|b_knight|black_sq|w_pawn|black_sq|white_sq/b_pawn|black_sq|white_sq|black_sq|white_sq|black_sq|white_sq|b_pawn/black_sq|b_rook|w_pawn|white_sq|black_sq|b_queen|black_sq|w_pawn/w_pawn|w_pawn|white_sq|black_sq|white_sq|w_pawn|white_sq|black_sq/black_sq|white_sq|b_king|w_bishop|w_pawn|white_sq|black_sq|white_sq/white_sq|w_king|white_sq|black_sq|white_sq|black_sq|white_sq|black_sq/w_bishop|white_sq|black_sq|white_sq|black_sq|white_sq|black_sq|white_sq
align_wR_bK_075,q5,1,"[[4, 3], [6, 7]]",8,8,white_sq|b_knight|b_bishop|black_sq|b_queen|black_sq|white_sq|b_rook/black_sq|b_pawn|b_pawn|white_sq|black_sq|white_sq|b_pawn|b_pawn/white_sq|black_sq|b_rook|b_bishop|w_knight|black_sq|white_sq|b_knight/black_sq|w_knight|black_sq|white_sq|black_sq|b_pawn|black_sq|white_sq/b_pawn|black_sq|white_sq|w_rook|w_pawn|black_sq|white_sq|black_sq/black_sq|white_sq|black_sq|w_pawn|w_bishop|white_sq|black_sq|w_pawn/w_pawn|w_pawn|w_queen|black_sq|white_sq|w_pawn|w_pawn|b_king/black_sq|white_sq|black_sq|white_sq|w_king|w_bishop|black_sq|white_sq
align_wR_bK_076,q5,0,"[[2, 4], [2, 2]]",8,8,white_sq|black_sq|white_sq|black_sq|b_knight|black_sq|white_sq|w_bishop/b_rook|b_pawn|b_pawn|white_sq|black_sq|white_sq|b_queen|white_sq/b_knight|black_sq|b_king|b_pawn|w_rook|black_sq|white_sq|b_bishop/black_sq|b_bishop|w_knight|w_pawn|black_sq|b_pawn|black_sq|white_sq/white_sq|b_pawn|white_sq|black_sq|b_pawn|black_sq|b_pawn|black_sq/w_pawn|w_queen|black_sq|white_sq|w_pawn|white_sq|black_sq|w_pawn/white_sq|black_sq|w_pawn|black_sq|w_bishop|black_sq|w_knight|black_sq/black_sq|white_sq|black_sq|white_sq|w_king|white_sq|black_sq|white_sq
align_wR_bK_077,q5,1,"[[0, 5], [6, 0]]",8,8,white_sq|b_knight|white_sq|black_sq|white_sq|w_rook|white_sq|black_sq/black_sq|white_sq|black_sq|white_sq|b_bishop|b_pawn|b_rook|white_sq/w_pawn|black_sq|white_sq|black_sq|white_sq|b_knight|white_sq|b_pawn/b_pawn|white_sq|black_sq|w_knight|w_pawn|white_sq|w_pawn|white_sq/w_pawn|black_sq|b_pawn|b_pawn|white_sq|black_sq|white_sq|black_sq/black_sq|w_queen|w_pawn|white_sq|black_sq|b_queen|black_sq|b_bishop/b_king|black_sq|white_sq|black_sq|w_king|black_sq|white_sq|w_pawn/w_bishop|white_sq|black_sq|white_sq|black_sq|w_bishop|black_sq|white_sq
align_wR_bK_078,q5,1,"[[5, 7], [1, 4]]",8,8,b_rook|black_sq|b_bishop|w_knight|white_sq|b_bishop|b_knight|b_rook/black_sq|b_pawn|black_sq|b_pawn|b_king|b_pawn|black_sq|white_sq/b_pawn|black_sq|b_knight|black_sq|b_pawn|black_sq|white_sq|b_pawn/b_queen|white_sq|b_pawn|white_sq|black_sq|white_sq|b_pawn|white_sq/w_queen|black_sq|white_sq|black_sq|white_sq|w_pawn|white_sq|black_sq/black_sq|white_sq|w_pawn|w_pawn|w_pawn|white_sq|black_sq|w_rook/w_pawn|w_pawn|white_sq|black_sq|white_sq|black_sq|w_pawn|w_pawn/black_sq|w_knight|w_bishop|white_sq|w_king|w_bishop|black_sq|white_sq
align_wR_bK_079,q5,0,"[[0, 4], [0, 1]]",8,8,b_rook|b_king|b_bishop|b_queen|w_rook|b_bishop|white_sq|b_rook/b_pawn|white_sq|black_sq|white_sq|b_pawn|b_pawn|black_sq|b_pawn/white_sq|black_sq|b_pawn|black_sq|white_sq|black_sq|w_bishop|b_knight/black_sq|b_pawn|black_sq|b_pawn|b_knight|white_sq|b_pawn|white_sq/w_queen|black_sq|white_sq|black_sq|white_sq|w_pawn|white_sq|black_sq/black_sq|white_sq|w_pawn|white_sq|w_pawn|white_sq|black_sq|white_sq/w_pawn|w_pawn|white_sq|w_pawn|w_king|black_sq|w_pawn|w_pawn/black_sq|w_knight|w_bishop|white_sq|black_sq|white_sq|w_knight|white_sq
align_wR_bK_080,q5,0,"[[3, 5], [1, 5]]",8,8,b_rook|black_sq|white_sq|black_sq|white_sq|b_bishop|white_sq|black_sq/b_pawn|b_pawn|black_sq|white_sq|black_sq|b_king|b_pawn|white_sq/white_sq|black_sq|b_pawn|w_pawn|white_sq|b_queen|white_sq|black_sq/black_sq|b_bishop|b_knight|white_sq|black_sq|w_rook|b_pawn|white_sq/white_sq|black_sq|white_sq|black_sq|white_sq|black_sq|white_sq|black_sq/b_rook|white_sq|black_sq|w_knight|black_sq|b_bishop|black_sq|white_sq/w_pawn|black_sq|w_pawn|black_sq|white_sq|black_sq|white_sq|w_pawn/black_sq|white_sq|black_sq|white_sq|black_sq|white_sq|w_king|white_sq
align_wR_bK_081,q5,1,"[[1, 5], [5, 2]]",8,8,b_rook|b_knight|b_bishop|black_sq|white_sq|black_sq|white_sq|black_sq/black_sq|b_pawn|black_sq|white_sq|b_bishop|w_rook|black_sq|white_sq/b_pawn|b_knight|white_sq|b_pawn|w_pawn|b_rook|white_sq|b_pawn/b_queen|white_sq|b_pawn|white_sq|black_sq|white_sq|black_sq|white_sq/white_sq|w_pawn|white_sq|black_sq|b_pawn|black_sq|white_sq|black_sq/w_bishop|white_sq|b_king|white_sq|w_pawn|w_knight|w_knight|white_sq/w_pawn|black_sq|w_pawn|black_sq|white_sq|w_pawn|w_pawn|black_sq/black_sq|w_king|black_sq|white_sq|w_queen|w_bishop|black_sq|white_sq
align_wR_bK_082,q5,0,"[[7, 7], [1, 7]]",8,8,white_sq|black_sq|b_bishop|b_queen|white_sq|black_sq|b_knight|b_rook/b_rook|white_sq|black_sq|b_pawn|black_sq|white_sq|black_sq|b_king/white_sq|w_queen|white_sq|black_sq|white_sq|b_pawn|w_pawn|b_pawn/b_pawn|white_sq|black_sq|white_sq|black_sq|white_sq|black_sq|white_sq/w_knight|black_sq|w_pawn|black_sq|b_pawn|b_bishop|w_pawn|black_sq/w_pawn|white_sq|black_sq|b_knight|b_pawn|white_sq|black_sq|white_sq/white_sq|w_pawn|white_sq|black_sq|w_pawn|black_sq|w_bishop|black_sq/black_sq|white_sq|w_bishop|w_king|black_sq|white_sq|black_sq|w_rook
align_wR_bK_083,q5,0,"[[6, 6], [7, 6]]",8,8,white_sq|black_sq|white_sq|black_sq|white_sq|black_sq|white_sq|b_rook/black_sq|b_bishop|black_sq|white_sq|black_sq|b_pawn|black_sq|white_sq/white_sq|black_sq|white_sq|b_pawn|b_pawn|w_pawn|white_sq|b_pawn/black_sq|b_pawn|b_pawn|white_sq|b_knight|white_sq|black_sq|white_sq/w_pawn|b_pawn|w_pawn|black_sq|white_sq|black_sq|white_sq|w_pawn/black_sq|white_sq|black_sq|white_sq|w_knight|white_sq|black_sq|w_queen/white_sq|black_sq|white_sq|w_pawn|white_sq|black_sq|w_rook|black_sq/black_sq|white_sq|black_sq|white_sq|black_sq|w_king|b_king|white_sq
align_wR_bK_084,q5,1,"[[2, 6], [7, 5]]",8,8,white_sq|b_rook|b_bishop|black_sq|white_sq|b_bishop|white_sq|b_rook/black_sq|b_pawn|black_sq|b_pawn|black_sq|white_sq|b_pawn|white_sq/b_pawn|b_knight|white_sq|w_pawn|w_pawn|b_pawn|w_rook|b_pawn/black_sq|white_sq|b_pawn|white_sq|black_sq|b_pawn|black_sq|white_sq/white_sq|black_sq|w_bishop|w_knight|white_sq|b_knight|white_sq|black_sq/black_sq|white_sq|w_pawn|white_sq|black_sq|white_sq|w_pawn|w_knight/w_pawn|w_bishop|white_sq|black_sq|white_sq|black_sq|white_sq|w_pawn/black_sq|white_sq|black_sq|white_sq|w_king|b_king|black_sq|white_sq
align_wR_bK_085,q5,0,"[[5, 6], [7, 6]]",8,8,b_rook|black_sq|b_bishop|black_sq|white_sq|b_bishop|b_knight|b_rook/b_pawn|b_pawn|b_pawn|b_pawn|black_sq|b_pawn|b_pawn|white_sq/b_knight|black_sq|white_sq|black_sq|white_sq|black_sq|white_sq|b_pawn/black_sq|white_sq|black_sq|white_sq|b_pawn|white_sq|black_sq|white_sq/white_sq|black_sq|white_sq|black_sq|white_sq|w_knight|white_sq|b_queen/black_sq|white_sq|black_sq|white_sq|black_sq|white_sq|w_rook|white_sq/w_pawn|w_pawn|w_pawn|w_pawn|w_pawn|w_pawn|w_pawn|w_pawn/black_sq|w_knight|w_bishop|w_queen|w_king|w_bishop|b_king|white_sq
align_wR_bK_086,q5,1,"[[6, 5], [0, 0]]",8,8,b_king|b_queen|b_bishop|black_sq|white_sq|black_sq|white_sq|black_sq/black_sq|b_pawn|black_sq|white_sq|black_sq|b_rook|black_sq|white_sq/white_sq|b_knight|b_pawn|black_sq|white_sq|black_sq|white_sq|black_sq/black_sq|w_knight|w_pawn|b_pawn|black_sq|b_pawn|b_pawn|white_sq/b_pawn|black_sq|w_pawn|black_sq|b_pawn|black_sq|w_pawn|b_pawn/black_sq|white_sq|black_sq|white_sq|black_sq|white_sq|black_sq|w_pawn/white_sq|black_sq|white_sq|w_pawn|white_sq|w_rook|white_sq|black_sq/black_sq|white_sq|b_knight|white_sq|black_sq|w_king|black_sq|white_sq
align_wR_bK_087,q5,1,"[[3, 1], [2, 4]]",8,8,white_sq|black_sq|b_rook|b_queen|white_sq|b_bishop|b_knight|black_sq/b_pawn|b_pawn|black_sq|white_sq|b_pawn|white_sq|black_sq|b_rook/white_sq|black_sq|b_pawn|black_sq|b_king|b_pawn|b_pawn|black_sq/black_sq|w_rook|b_knight|w_bishop|black_sq|white_sq|black_sq|white_sq/white_sq|w_pawn|white_sq|b_pawn|white_sq|black_sq|white_sq|b_pawn/w_pawn|white_sq|black_sq|white_sq|w_pawn|white_sq|black_sq|b_bishop/white_sq|black_sq|w_pawn|w_pawn|w_king|w_pawn|w_pawn|w_pawn/black_sq|w_knight|w_bishop|w_queen|black_sq|white_sq|black_sq|white_sq
align_wR_bK_088,q5,0,"[[6, 3], [6, 0]]",8,8,b_rook|black_sq|white_sq|black_sq|white_sq|b_knight|white_sq|black_sq/b_pawn|white_sq|black_sq|white_sq|black_sq|white_sq|black_sq|white_sq/b_bishop|black_sq|w_pawn|black_sq|white_sq|black_sq|white_sq|b_knight/w_pawn|white_sq|black_sq|b_pawn|w_pawn|white_sq|black_sq|white_sq/white_sq|b_bishop|white_sq|w_bishop|white_sq|w_pawn|white_sq|b_pawn/black_sq|w_pawn|b_pawn|white_sq|b_pawn|white_sq|black_sq|w_pawn/b_king|w_knight|white_sq|w_rook|white_sq|black_sq|white_sq|black_sq/black_sq|white_sq|black_sq|w_king|black_sq|white_sq|black_sq|white_sq
align_wR_bK_089,q5,0,"[[4, 6], [1, 6]]",8,8,b_rook|black_sq|b_queen|black_sq|white_sq|b_bishop|white_sq|b_rook/black_sq|b_pawn|b_pawn|b_bishop|b_pawn|b_pawn|b_king|b_pawn/b_pawn|black_sq|b_knight|black_sq|white_sq|black_sq|white_sq|b_knight/black_sq|white_sq|black_sq|b_pawn|black_sq|white_sq|b_pawn|white_sq/w_knight|w_pawn|white_sq|black_sq|white_sq|black_sq|w_rook|black_sq/black_sq|white_sq|black_sq|w_pawn|black_sq|white_sq|black_sq|white_sq/w_pawn|black_sq|w_pawn|w_bishop|w_pawn|w_pawn|w_pawn|w_pawn/black_sq|white_sq|black_sq|w_queen|w_king|w_bishop|w_knight|white_sq
align_wR_bK_090,q5,1,"[[1, 5], [4, 2]]",8,8,white_sq|b_rook|b_bishop|black_sq|white_sq|black_sq|b_knight|b_rook/black_sq|b_pawn|b_pawn|b_queen|b_pawn|w_rook|w_bishop|white_sq/white_sq|black_sq|white_sq|black_sq|white_sq|black_sq|white_sq|black_sq/black_sq|white_sq|black_sq|b_pawn|w_pawn|b_pawn|b_pawn|w_pawn/b_pawn|black_sq|b_king|black_sq|white_sq|b_knight|white_sq|black_sq/black_sq|white_sq|w_knight|w_pawn|black_sq|w_pawn|w_pawn|w_knight/w_pawn|w_pawn|w_pawn|black_sq|w_bishop|black_sq|white_sq|black_sq/black_sq|white_sq|black_sq|w_queen|black_sq|w_king|black_sq|white_sq
align_wR_bK_091,q5,0,"[[0, 4], [5, 4]]",8,8,white_sq|black_sq|b_rook|black_sq|w_rook|b_bishop|white_sq|black_sq/b_pawn|b_pawn|b_pawn|white_sq|black_sq|b_pawn|black_sq|b_rook/b_knight|black_sq|white_sq|b_pawn|white_sq|black_sq|b_pawn|b_pawn/black_sq|white_sq|black_sq|b_pawn|black_sq|w_pawn|black_sq|b_knight/white_sq|w_pawn|white_sq|w_king|white_sq|black_sq|b_bishop|w_pawn/w_pawn|white_sq|black_sq|white_sq|b_king|w_pawn|w_pawn|white_sq/white_sq|w_bishop|w_pawn|w_pawn|white_sq|black_sq|white_sq|black_sq/black_sq|white_sq|black_sq|w_queen|black_sq|w_bishop|w_knight|white_sq
align_wR_bK_092,q5,1,"[[0, 5], [7, 7]]",8,8,white_sq|black_sq|white_sq|black_sq|white_sq|w_rook|b_rook|black_sq/black_sq|white_sq|b_rook|white_sq|black_sq|white_sq|b_pawn|white_sq/white_sq|black_sq|white_sq|black_sq|b_knight|black_sq|b_pawn|black_sq/b_pawn|b_bishop|b_pawn|b_pawn|w_pawn|white_sq|black_sq|white_sq/white_sq|b_pawn|w_pawn|w_pawn|white_sq|w_bishop|white_sq|black_sq/black_sq|white_sq|black_sq|white_sq|black_sq|w_pawn|black_sq|white_sq/w_pawn|w_pawn|white_sq|black_sq|white_sq|w_pawn|white_sq|w_pawn/black_sq|white_sq|black_sq|white_sq|black_sq|w_king|black_sq|b_king
align_wR_bK_093,q5,1,"[[2, 3], [0, 0]]",8,8,b_king|b_knight|b_bishop|b_queen|white_sq|black_sq|b_knight|black_sq/black_sq|b_rook|black_sq|white_sq|b_pawn|white_sq|black_sq|white_sq/b_pawn|w_pawn|b_pawn|w_rook|white_sq|black_sq|white_sq|black_sq/w_pawn|white_sq|b_rook|b_pawn|w_knight|white_sq|b_pawn|b_pawn/white_sq|black_sq|w_knight|w_pawn|w_queen|b_pawn|w_pawn|w_pawn/black_sq|w_pawn|black_sq|white_sq|b_bishop|white_sq|black_sq|white_sq/white_sq|black_sq|white_sq|black_sq|w_pawn|black_sq|w_bishop|black_sq/black_sq|white_sq|black_sq|white_sq|w_king|white_sq|black_sq|white_sq
align_wR_bK_094,q5,0,"[[5, 6], [5, 3]]",8,8,b_rook|b_knight|white_sq|b_queen|white_sq|b_bishop|white_sq|b_rook/b_pawn|b_bishop|b_pawn|b_pawn|b_pawn|b_pawn|black_sq|white_sq/white_sq|b_pawn|white_sq|black_sq|white_sq|b_knight|b_pawn|black_sq/black_sq|w_knight|black_sq|white_sq|black_sq|white_sq|black_sq|b_pawn/w_pawn|black_sq|white_sq|black_sq|w_pawn|w_pawn|white_sq|w_pawn/black_sq|white_sq|black_sq|b_king|black_sq|white_sq|w_rook|white_sq/white_sq|w_pawn|w_pawn|w_pawn|white_sq|w_king|w_pawn|black_sq/black_sq|white_sq|w_bishop|w_queen|black_sq|w_bishop|w_knight|white_sq
align_wR_bK_095,q5,1,"[[3, 1], [2, 2]]",8,8,white_sq|b_knight|b_bishop|b_queen|b_rook|black_sq|white_sq|black_sq/b_rook|b_pawn|black_sq|b_pawn|black_sq|white_sq|b_bishop|b_pawn/white_sq|black_sq|b_king|b_pawn|white_sq|black_sq|white_sq|black_sq/black_sq|w_rook|black_sq|w_pawn|b_pawn|w_pawn|black_sq|white_sq/b_pawn|black_sq|white_sq|black_sq|white_sq|w_pawn|white_sq|black_sq/w_knight|w_pawn|black_sq|white_sq|black_sq|white_sq|black_sq|white_sq/w_pawn|black_sq|w_pawn|w_king|w_queen|black_sq|white_sq|w_pawn/black_sq|white_sq|black_sq|white_sq|black_sq|w_bishop|w_knight|white_sq
align_wR_bK_096,q5,0,"[[5, 0], [0, 0]]",8,8,b_king|black_sq|white_sq|b_rook|white_sq|black_sq|white_sq|b_rook/black_sq|white_sq|black_sq|white_sq|black_sq|b_pawn|b_bishop|b_pawn/b_pawn|b_pawn|white_sq|b_pawn|white_sq|black_sq|b_pawn|black_sq/black_sq|white_sq|black_sq|b_bishop|w_pawn|white_sq|black_sq|b_knight/w_pawn|black_sq|w_pawn|w_pawn|white_sq|w_knight|b_queen|black_sq/w_rook|white_sq|w_knight|b_pawn|black_sq|white_sq|black_sq|w_pawn/white_sq|w_pawn|white_sq|black_sq|white_sq|w_pawn|white_sq|black_sq/black_sq|white_sq|w_bishop|b_knight|w_king|white_sq|black_sq|white_sq
align_wR_bK_097,q5,1,"[[3, 6], [4, 2]]",8,8,b_rook|b_knight|b_bishop|b_queen|white_sq|black_sq|b_knight|b_rook/b_pawn|white_sq|b_pawn|b_pawn|black_sq|b_pawn|b_pawn|white_sq/white_sq|black_sq|white_sq|black_sq|b_pawn|black_sq|white_sq|w_bishop/black_sq|b_pawn|black_sq|white_sq|black_sq|white_sq|w_rook|white_sq/white_sq|b_bishop|b_king|black_sq|white_sq|black_sq|white_sq|black_sq/w_pawn|white_sq|w_knight|w_pawn|black_sq|white_sq|black_sq|white_sq/white_sq|w_pawn|w_pawn|w_queen|w_pawn|w_pawn|w_pawn|w_pawn/black_sq|white_sq|black_sq|white_sq|w_king|w_bishop|w_knight|white_sq
align_wR_bK_098,q5,0,"[[5, 6], [5, 0]]",8,8,white_sq|black_sq|white_sq|black_sq|white_sq|b_bishop|b_knight|b_rook/black_sq|white_sq|black_sq|b_rook|b_pawn|white_sq|b_pawn|white_sq/white_sq|black_sq|white_sq|black_sq|white_sq|b_pawn|w_pawn|black_sq/black_sq|b_bishop|w_pawn|w_pawn|b_knight|white_sq|black_sq|white_sq/b_pawn|black_sq|white_sq|black_sq|white_sq|b_queen|white_sq|black_sq/b_king|w_pawn|black_sq|w_bishop|black_sq|white_sq|w_rook|white_sq/w_king|black_sq|white_sq|black_sq|white_sq|black_sq|white_sq|black_sq/black_sq|white_sq|black_sq|w_knight|black_sq|white_sq|black_sq|white_sq
align_wR_bK_099,q5,1,"[[4, 3], [7, 5]]",8,8,b_rook|black_sq|white_sq|black_sq|white_sq|b_bishop|white_sq|black_sq/b_pawn|b_pawn|black_sq|white_sq|black_sq|white_sq|b_pawn|white_sq/white_sq|black_sq|b_pawn|w_pawn|white_sq|b_queen|white_sq|black_sq/black_sq|b_bishop|b_knight|white_sq|black_sq|white_sq|b_pawn|white_sq/white_sq|black_sq|white_sq|w_rook|white_sq|black_sq|white_sq|black_sq/b_rook|white_sq|black_sq|w_knight|black_sq|b_bishop|black_sq|white_sq/w_pawn|black_sq|w_pawn|black_sq|white_sq|black_sq|white_sq|w_pawn/black_sq|white_sq|black_sq|white_sq|black_sq|b_king|w_king|white_sq
adj_wK_bK_000,q6,1,"[[2, 5], [1, 3]]",8,8,white_sq|black_sq|white_sq|black_sq|white_sq|black_sq|white_sq|black_sq/black_sq|white_sq|black_sq|b_king|b_bishop|white_sq|b_pawn|b_rook/white_sq|black_sq|white_sq|b_pawn|white_sq|w_king|white_sq|b_knight/b_pawn|white_sq|black_sq|white_sq|black_sq|b_pawn|w_pawn|white_sq/b_knight|b_pawn|white_sq|black_sq|white_sq|black_sq|b_bishop|black_sq/black_sq|white_sq|black_sq|white_sq|black_sq|w_pawn|w_rook|white_sq/white_sq|w_bishop|white_sq|black_sq|white_sq|black_sq|white_sq|black_sq/black_sq|white_sq|black_sq|white_sq|black_sq|white_sq|w_knight|white_sq
adj_wK_bK_001,q6,0,"[[1, 5], [2, 4]]",8,8,b_rook|b_knight|white_sq|b_queen|white_sq|b_bishop|b_rook|black_sq/b_pawn|b_pawn|b_pawn|b_knight|b_pawn|w_king|black_sq|b_pawn/white_sq|black_sq|white_sq|black_sq|b_king|b_pawn|white_sq|black_sq/black_sq|white_sq|black_sq|white_sq|black_sq|b_bishop|b_pawn|white_sq/white_sq|black_sq|b_pawn|w_pawn|white_sq|black_sq|white_sq|black_sq/w_pawn|w_pawn|w_queen|white_sq|black_sq|white_sq|w_pawn|w_knight/white_sq|black_sq|white_sq|black_sq|w_pawn|w_pawn|w_bishop|w_pawn/w_rook|w_knight|w_bishop|white_sq|black_sq|white_sq|black_sq|w_rook
adj_wK_bK_002,q6,1,"[[6, 7], [2, 2]]",8,8,b_rook|b_knight|b_bishop|b_queen|white_sq|b_bishop|b_knight|b_rook/black_sq|b_pawn|b_pawn|b_pawn|b_pawn|b_pawn|b_pawn|b_pawn/white_sq|black_sq|b_king|black_sq|white_sq|black_sq|white_sq|black_sq/b_pawn|white_sq|black_sq|white_sq|black_sq|white_sq|black_sq|white_sq/white_sq|black_sq|white_sq|black_sq|white_sq|black_sq|white_sq|black_sq/black_sq|white_sq|black_sq|white_sq|black_sq|white_sq|black_sq|w_pawn/w_pawn|w_pawn|w_pawn|w_pawn|w_pawn|w_pawn|w_pawn|w_king/w_rook|w_knight|w_bishop|w_queen|black_sq|w_bishop|w_knight|w_rook
adj_wK_bK_003,q6,0,"[[4, 5], [5, 5]]",8,8,b_knight|b_rook|b_bishop|black_sq|white_sq|black_sq|b_rook|black_sq/b_pawn|b_pawn|black_sq|white_sq|black_sq|white_sq|black_sq|b_pawn/white_sq|black_sq|b_queen|black_sq|b_pawn|black_sq|white_sq|black_sq/w_pawn|white_sq|b_pawn|b_pawn|black_sq|white_sq|black_sq|white_sq/white_sq|black_sq|w_pawn|w_pawn|w_pawn|w_king|b_pawn|w_pawn/black_sq|white_sq|black_sq|white_sq|black_sq|b_king|b_bishop|w_knight/white_sq|w_pawn|white_sq|w_rook|white_sq|black_sq|white_sq|black_sq/black_sq|white_sq|w_bishop|white_sq|w_queen|w_bishop|black_sq|w_knight
adj_wK_bK_004,q6,1,"[[2, 3], [6, 3]]",8,8,b_rook|black_sq|b_bishop|black_sq|white_sq|black_sq|white_sq|b_rook/b_pawn|white_sq|black_sq|b_knight|b_knight|b_pawn|black_sq|white_sq/white_sq|b_pawn|b_pawn|w_king|white_sq|black_sq|white_sq|b_bishop/black_sq|white_sq|black_sq|b_queen|black_sq|white_sq|black_sq|white_sq/w_pawn|w_pawn|white_sq|black_sq|white_sq|black_sq|b_pawn|black_sq/black_sq|white_sq|black_sq|w_pawn|black_sq|white_sq|w_pawn|w_pawn/w_rook|black_sq|w_pawn|b_king|w_queen|black_sq|white_sq|black_sq/black_sq|white_sq|w_bishop|white_sq|black_sq|w_bishop|w_knight|w_rook
adj_wK_bK_005,q6,1,"[[1, 3], [6, 3]]",8,8,white_sq|b_knight|b_bishop|black_sq|white_sq|black_sq|white_sq|b_rook/black_sq|b_pawn|b_pawn|w_king|black_sq|white_sq|b_pawn|white_sq/b_rook|black_sq|white_sq|b_pawn|b_pawn|black_sq|white_sq|b_pawn/black_sq|white_sq|black_sq|white_sq|black_sq|b_pawn|black_sq|white_sq/white_sq|b_bishop|w_knight|w_pawn|w_pawn|w_pawn|b_knight|black_sq/b_pawn|w_pawn|black_sq|white_sq|black_sq|white_sq|w_pawn|white_sq/w_pawn|black_sq|w_pawn|b_king|w_bishop|black_sq|white_sq|b_queen/w_rook|white_sq|w_bishop|w_queen|black_sq|w_rook|black_sq|white_sq
adj_wK_bK_006,q6,0,"[[3, 4], [4, 5]]",8,8,white_sq|black_sq|white_sq|black_sq|white_sq|black_sq|white_sq|b_rook/b_pawn|white_sq|black_sq|white_sq|b_knight|w_pawn|black_sq|b_pawn/white_sq|black_sq|w_pawn|black_sq|white_sq|black_sq|b_pawn|black_sq/w_pawn|b_rook|w_rook|white_sq|w_king|white_sq|black_sq|white_sq/white_sq|black_sq|white_sq|b_pawn|white_sq|b_king|white_sq|black_sq/b_bishop|white_sq|black_sq|white_sq|black_sq|white_sq|b_queen|w_pawn/white_sq|black_sq|white_sq|black_sq|white_sq|black_sq|white_sq|black_sq/black_sq|white_sq|black_sq|white_sq|black_sq|white_sq|w_knight|white_sq
adj_wK_bK_007,q6,1,"[[2, 1], [5, 1]]",8,8,b_rook|black_sq|w_knight|black_sq|white_sq|black_sq|white_sq|black_sq/b_pawn|white_sq|black_sq|b_pawn|b_knight|white_sq|black_sq|white_sq/b_knight|w_king|b_pawn|black_sq|white_sq|b_rook|b_pawn|black_sq/w_pawn|white_sq|b_bishop|white_sq|b_pawn|white_sq|b_queen|white_sq/white_sq|black_sq|white_sq|w_pawn|w_pawn|black_sq|w_pawn|w_pawn/black_sq|b_king|w_rook|white_sq|black_sq|white_sq|black_sq|white_sq/white_sq|w_pawn|w_pawn|black_sq|white_sq|black_sq|white_sq|black_sq/black_sq|white_sq|black_sq|white_sq|black_sq|white_sq|w_knight|w_rook
adj_wK_bK_008,q6,1,"[[1, 4], [4, 6]]",8,8,white_sq|b_knight|b_bishop|b_queen|white_sq|b_bishop|b_rook|black_sq/b_rook|white_sq|b_pawn|white_sq|w_king|white_sq|b_pawn|b_pawn/white_sq|black_sq|white_sq|black_sq|b_pawn|black_sq|white_sq|black_sq/b_pawn|white_sq|black_sq|b_pawn|black_sq|b_pawn|b_knight|white_sq/w_pawn|black_sq|white_sq|black_sq|white_sq|w_knight|b_king|black_sq/black_sq|white_sq|w_pawn|w_pawn|w_pawn|w_pawn|black_sq|white_sq/white_sq|w_pawn|white_sq|black_sq|white_sq|black_sq|w_pawn|w_pawn/w_rook|w_knight|black_sq|white_sq|black_sq|w_bishop|w_rook|white_sq
adj_wK_bK_009,q6,1,"[[6, 3], [1, 1]]",8,8,b_rook|black_sq|white_sq|black_sq|white_sq|b_rook|white_sq|black_sq/b_pawn|b_king|black_sq|white_sq|black_sq|b_pawn|black_sq|white_sq/white_sq|w_pawn|white_sq|black_sq|white_sq|w_pawn|white_sq|black_sq/black_sq|w_queen|b_pawn|b_bishop|black_sq|white_sq|b_pawn|white_sq/w_pawn|black_sq|white_sq|w_pawn|white_sq|black_sq|white_sq|b_pawn/b_knight|white_sq|black_sq|b_pawn|w_pawn|w_pawn|b_bishop|w_knight/white_sq|black_sq|white_sq|w_king|white_sq|black_sq|white_sq|black_sq/w_rook|white_sq|w_bishop|white_sq|black_sq|w_rook|black_sq|w_bishop
adj_wK_bK_010,q6,0,"[[6, 2], [6, 1]]",8,8,b_rook|black_sq|white_sq|black_sq|white_sq|b_knight|white_sq|black_sq/black_sq|white_sq|b_rook|white_sq|black_sq|white_sq|b_bishop|white_sq/white_sq|black_sq|white_sq|black_sq|white_sq|w_pawn|white_sq|black_sq/b_pawn|b_pawn|black_sq|w_knight|b_pawn|white_sq|black_sq|white_sq/white_sq|w_pawn|white_sq|w_pawn|white_sq|black_sq|white_sq|b_pawn/w_bishop|w_bishop|black_sq|white_sq|black_sq|white_sq|black_sq|b_pawn/w_pawn|b_king|w_king|black_sq|white_sq|black_sq|b_bishop|black_sq/w_rook|white_sq|black_sq|white_sq|black_sq|white_sq|black_sq|white_sq
adj_wK_bK_011,q6,1,"[[1, 5], [6, 6]]",8,8,white_sq|b_knight|b_bishop|w_knight|white_sq|b_rook|white_sq|black_sq/black_sq|b_pawn|b_pawn|white_sq|black_sq|w_king|black_sq|b_queen/white_sq|black_sq|white_sq|black_sq|white_sq|black_sq|white_sq|black_sq/black_sq|white_sq|w_pawn|w_knight|b_pawn|w_rook|w_bishop|white_sq/white_sq|b_pawn|b_knight|b_pawn|white_sq|black_sq|w_pawn|w_pawn/black_sq|white_sq|black_sq|w_pawn|black_sq|white_sq|w_queen|w_bishop/white_sq|black_sq|white_sq|black_sq|white_sq|black_sq|b_king|black_sq/w_rook|white_sq|black_sq|white_sq|black_sq|white_sq|black_sq|white_sq
adj_wK_bK_012,q6,0,"[[6, 5], [5, 6]]",8,8,white_sq|b_knight|white_sq|b_queen|white_sq|black_sq|white_sq|b_rook/black_sq|white_sq|black_sq|white_sq|black_sq|white_sq|w_rook|white_sq/white_sq|black_sq|white_sq|black_sq|w_knight|b_knight|white_sq|black_sq/black_sq|white_sq|b_pawn|white_sq|black_sq|w_pawn|black_sq|white_sq/white_sq|black_sq|white_sq|w_pawn|b_pawn|black_sq|white_sq|b_pawn/black_sq|white_sq|black_sq|w_pawn|black_sq|white_sq|b_king|w_pawn/w_pawn|black_sq|white_sq|black_sq|white_sq|w_king|white_sq|black_sq/black_sq|white_sq|w_bishop|white_sq|black_sq|white_sq|black_sq|white_sq
adj_wK_bK_013,q6,1,"[[2, 5], [6, 3]]",8,8,b_rook|black_sq|b_queen|black_sq|white_sq|black_sq|white_sq|black_sq/b_pawn|white_sq|black_sq|white_sq|w_knight|white_sq|b_pawn|white_sq/white_sq|w_pawn|white_sq|black_sq|b_bishop|w_king|white_sq|b_rook/black_sq|white_sq|w_bishop|white_sq|b_pawn|white_sq|black_sq|white_sq/white_sq|w_pawn|white_sq|black_sq|white_sq|b_knight|white_sq|b_pawn/black_sq|white_sq|black_sq|w_pawn|black_sq|white_sq|black_sq|w_knight/w_rook|black_sq|w_pawn|b_king|white_sq|w_pawn|white_sq|w_pawn/w_queen|white_sq|black_sq|white_sq|black_sq|white_sq|black_sq|w_rook
adj_wK_bK_014,q6,0,"[[7, 5], [6, 4]]",8,8,white_sq|black_sq|b_bishop|black_sq|white_sq|b_rook|white_sq|black_sq/b_rook|white_sq|black_sq|white_sq|black_sq|white_sq|b_pawn|white_sq/b_knight|black_sq|white_sq|black_sq|white_sq|b_pawn|b_knight|black_sq/b_pawn|white_sq|black_sq|white_sq|b_pawn|white_sq|black_sq|white_sq/b_pawn|black_sq|white_sq|black_sq|w_pawn|black_sq|white_sq|black_sq/black_sq|w_queen|w_pawn|white_sq|black_sq|w_pawn|w_pawn|white_sq/white_sq|black_sq|white_sq|w_bishop|b_king|black_sq|w_bishop|w_rook/w_rook|w_knight|black_sq|white_sq|black_sq|w_king|black_sq|white_sq
adj_wK_bK_015,q6,0,"[[3, 4], [3, 5]]",8,8,b_rook|b_knight|b_bishop|b_queen|white_sq|black_sq|b_knight|b_rook/b_pawn|b_pawn|b_pawn|b_pawn|black_sq|white_sq|b_pawn|b_pawn/white_sq|black_sq|white_sq|black_sq|b_pawn|b_pawn|white_sq|black_sq/black_sq|white_sq|b_bishop|white_sq|w_king|b_king|black_sq|white_sq/w_pawn|black_sq|white_sq|black_sq|white_sq|black_sq|white_sq|black_sq/black_sq|white_sq|black_sq|w_rook|w_pawn|white_sq|black_sq|white_sq/white_sq|w_pawn|w_pawn|w_pawn|white_sq|w_pawn|w_pawn|w_pawn/black_sq|w_knight|w_bishop|w_queen|black_sq|w_bishop|w_knight|w_rook
adj_wK_bK_016,q6,0,"[[4, 4], [5, 4]]",8,8,b_rook|black_sq|white_sq|black_sq|white_sq|b_queen|b_rook|black_sq/black_sq|b_pawn|b_pawn|white_sq|black_sq|b_pawn|black_sq|b_pawn/white_sq|black_sq|b_knight|black_sq|white_sq|b_bishop|white_sq|b_knight/black_sq|w_bishop|black_sq|b_pawn|black_sq|white_sq|black_sq|white_sq/w_pawn|b_pawn|white_sq|w_pawn|w_king|black_sq|b_bishop|black_sq/black_sq|w_rook|black_sq|w_rook|b_king|white_sq|black_sq|white_sq/white_sq|black_sq|white_sq|w_knight|white_sq|w_pawn|white_sq|black_sq/black_sq|white_sq|black_sq|w_queen|black_sq|white_sq|black_sq|white_sq
adj_wK_bK_017,q6,0,"[[5, 6], [6, 5]]",8,8,white_sq|b_knight|white_sq|black_sq|white_sq|black_sq|b_knight|b_rook/b_rook|white_sq|black_sq|b_pawn|b_queen|white_sq|black_sq|b_pawn/b_bishop|b_pawn|b_pawn|black_sq|white_sq|black_sq|b_pawn|black_sq/black_sq|white_sq|black_sq|w_knight|b_pawn|white_sq|black_sq|white_sq/b_pawn|w_pawn|white_sq|black_sq|white_sq|b_bishop|b_pawn|black_sq/w_pawn|white_sq|black_sq|white_sq|w_pawn|white_sq|w_king|w_pawn/white_sq|black_sq|w_pawn|w_pawn|w_bishop|b_king|w_pawn|black_sq/w_rook|white_sq|w_bishop|white_sq|black_sq|white_sq|w_knight|w_rook
adj_wK_bK_018,q6,1,"[[2, 7], [5, 2]]",8,8,white_sq|black_sq|white_sq|b_rook|b_knight|black_sq|b_rook|black_sq/b_pawn|white_sq|b_pawn|white_sq|black_sq|b_pawn|b_pawn|b_pawn/b_bishop|black_sq|white_sq|black_sq|white_sq|black_sq|white_sq|w_king/w_pawn|b_pawn|b_knight|b_pawn|black_sq|white_sq|b_queen|white_sq/white_sq|black_sq|white_sq|black_sq|white_sq|black_sq|w_pawn|w_pawn/w_rook|white_sq|b_king|white_sq|w_bishop|white_sq|black_sq|w_knight/white_sq|w_pawn|white_sq|black_sq|w_pawn|w_pawn|w_bishop|black_sq/black_sq|white_sq|black_sq|w_queen|black_sq|white_sq|w_rook|white_sq
adj_wK_bK_019,q6,0,"[[0, 5], [1, 5]]",8,8,b_rook|black_sq|white_sq|black_sq|white_sq|w_king|b_rook|black_sq/black_sq|b_pawn|b_pawn|white_sq|black_sq|b_king|black_sq|white_sq/white_sq|black_sq|white_sq|b_bishop|b_bishop|black_sq|white_sq|black_sq/b_pawn|white_sq|w_bishop|b_pawn|black_sq|b_queen|black_sq|white_sq/w_pawn|black_sq|white_sq|w_rook|white_sq|b_pawn|white_sq|b_pawn/black_sq|white_sq|black_sq|w_pawn|b_pawn|white_sq|black_sq|w_knight/white_sq|black_sq|w_pawn|black_sq|white_sq|black_sq|w_pawn|w_pawn/black_sq|w_knight|black_sq|white_sq|black_sq|w_bishop|w_rook|white_sq
adj_wK_bK_020,q6,1,"[[0, 1], [2, 3]]",8,8,white_sq|w_king|b_bishop|b_queen|white_sq|b_bishop|b_knight|b_rook/b_rook|white_sq|black_sq|b_pawn|black_sq|white_sq|b_pawn|b_pawn/white_sq|b_pawn|white_sq|b_king|white_sq|w_queen|white_sq|black_sq/b_pawn|white_sq|b_knight|white_sq|b_pawn|white_sq|black_sq|white_sq/w_pawn|black_sq|w_pawn|black_sq|b_pawn|black_sq|w_pawn|black_sq/black_sq|w_pawn|black_sq|white_sq|black_sq|white_sq|black_sq|w_pawn/white_sq|black_sq|white_sq|w_pawn|w_bishop|w_pawn|white_sq|black_sq/w_rook|w_knight|w_bishop|white_sq|black_sq|white_sq|w_knight|w_rook
adj_wK_bK_021,q6,1,"[[5, 2], [2, 6]]",8,8,b_rook|b_knight|b_bishop|b_queen|white_sq|b_bishop|b_knight|b_rook/black_sq|b_pawn|b_pawn|b_pawn|black_sq|white_sq|black_sq|b_pawn/b_pawn|black_sq|white_sq|black_sq|white_sq|black_sq|b_king|black_sq/black_sq|white_sq|black_sq|white_sq|b_pawn|b_pawn|b_pawn|white_sq/w_knight|black_sq|white_sq|black_sq|white_sq|black_sq|white_sq|black_sq/w_pawn|white_sq|w_king|white_sq|black_sq|white_sq|w_pawn|white_sq/white_sq|w_pawn|w_pawn|w_pawn|w_pawn|w_pawn|w_bishop|w_pawn/w_rook|white_sq|w_bishop|w_queen|black_sq|white_sq|w_knight|w_rook
adj_wK_bK_022,q6,1,"[[0, 5], [2, 1]]",8,8,white_sq|b_rook|b_bishop|black_sq|white_sq|w_king|b_knight|b_rook/black_sq|b_pawn|b_pawn|b_queen|b_pawn|white_sq|w_bishop|white_sq/white_sq|b_king|white_sq|black_sq|white_sq|black_sq|white_sq|black_sq/black_sq|white_sq|black_sq|b_pawn|w_pawn|b_pawn|b_pawn|w_pawn/b_pawn|black_sq|white_sq|black_sq|white_sq|b_knight|white_sq|black_sq/black_sq|white_sq|w_knight|w_pawn|black_sq|w_pawn|w_pawn|w_knight/w_pawn|w_pawn|w_pawn|black_sq|w_bishop|black_sq|white_sq|black_sq/black_sq|white_sq|w_rook|w_queen|black_sq|white_sq|black_sq|w_rook
adj_wK_bK_023,q6,1,"[[6, 0], [2, 3]]",8,8,white_sq|b_knight|white_sq|black_sq|white_sq|black_sq|white_sq|b_rook/black_sq|white_sq|black_sq|b_rook|b_knight|b_pawn|b_bishop|white_sq/b_queen|black_sq|white_sq|b_king|white_sq|black_sq|white_sq|b_pawn/black_sq|white_sq|w_pawn|b_pawn|black_sq|white_sq|black_sq|b_bishop/w_rook|black_sq|white_sq|w_pawn|white_sq|w_pawn|w_pawn|black_sq/black_sq|white_sq|black_sq|w_queen|black_sq|w_knight|black_sq|w_bishop/w_king|black_sq|w_pawn|black_sq|white_sq|black_sq|white_sq|w_pawn/black_sq|white_sq|w_bishop|white_sq|black_sq|white_sq|black_sq|w_rook
adj_wK_bK_024,q6,0,"[[5, 4], [6, 3]]",8,8,b_rook|black_sq|white_sq|b_queen|white_sq|b_bishop|b_knight|b_rook/black_sq|white_sq|black_sq|b_knight|b_pawn|white_sq|black_sq|white_sq/white_sq|black_sq|w_pawn|w_bishop|white_sq|black_sq|b_pawn|b_pawn/b_pawn|white_sq|black_sq|white_sq|black_sq|white_sq|black_sq|white_sq/b_pawn|black_sq|white_sq|black_sq|b_pawn|w_pawn|w_pawn|black_sq/black_sq|white_sq|w_rook|w_pawn|w_king|b_bishop|black_sq|w_pawn/white_sq|black_sq|w_pawn|b_king|w_pawn|black_sq|white_sq|black_sq/black_sq|white_sq|black_sq|w_queen|black_sq|w_bishop|w_knight|white_sq
adj_wK_bK_025,q6,1,"[[5, 7], [4, 4]]",8,8,w_rook|black_sq|b_knight|black_sq|white_sq|black_sq|b_rook|black_sq/black_sq|white_sq|black_sq|white_sq|black_sq|white_sq|black_sq|white_sq/white_sq|black_sq|white_sq|b_pawn|white_sq|b_pawn|b_pawn|black_sq/b_bishop|white_sq|black_sq|white_sq|black_sq|white_sq|w_pawn|b_pawn/white_sq|w_queen|white_sq|w_pawn|b_king|black_sq|white_sq|w_pawn/black_sq|white_sq|black_sq|white_sq|w_pawn|b_bishop|black_sq|w_king/white_sq|w_pawn|white_sq|w_bishop|w_bishop|black_sq|white_sq|black_sq/black_sq|w_knight|black_sq|white_sq|w_knight|white_sq|black_sq|white_sq
adj_wK_bK_026,q6,1,"[[6, 1], [6, 5]]",8,8,white_sq|black_sq|white_sq|black_sq|white_sq|black_sq|white_sq|black_sq/b_rook|white_sq|black_sq|w_knight|black_sq|white_sq|black_sq|white_sq/white_sq|black_sq|white_sq|black_sq|b_knight|black_sq|b_pawn|b_pawn/b_pawn|b_pawn|black_sq|white_sq|black_sq|b_pawn|w_pawn|w_bishop/w_pawn|black_sq|white_sq|black_sq|white_sq|w_pawn|b_knight|w_pawn/w_pawn|white_sq|black_sq|white_sq|black_sq|white_sq|black_sq|white_sq/white_sq|w_king|w_pawn|w_knight|white_sq|b_king|b_bishop|black_sq/w_rook|white_sq|black_sq|white_sq|black_sq|white_sq|black_sq|white_sq
adj_wK_bK_027,q6,0,"[[4, 7], [3, 6]]",8,8,b_rook|black_sq|white_sq|b_queen|white_sq|b_bishop|b_rook|black_sq/black_sq|b_pawn|black_sq|b_bishop|b_pawn|b_pawn|b_pawn|b_pawn/white_sq|black_sq|white_sq|black_sq|white_sq|black_sq|white_sq|black_sq/b_pawn|white_sq|b_pawn|b_pawn|black_sq|white_sq|b_king|white_sq/white_sq|b_knight|w_pawn|w_pawn|white_sq|black_sq|b_knight|w_king/w_pawn|w_pawn|black_sq|w_queen|black_sq|white_sq|black_sq|w_pawn/white_sq|black_sq|white_sq|black_sq|w_pawn|w_pawn|w_pawn|black_sq/w_rook|w_knight|w_bishop|white_sq|black_sq|w_bishop|w_knight|w_rook
adj_wK_bK_028,q6,1,"[[7, 7], [3, 6]]",8,8,b_rook|black_sq|white_sq|black_sq|white_sq|b_queen|b_rook|black_sq/black_sq|b_pawn|b_pawn|white_sq|black_sq|b_pawn|black_sq|b_pawn/white_sq|black_sq|b_knight|black_sq|white_sq|b_bishop|white_sq|b_knight/black_sq|w_bishop|black_sq|b_pawn|black_sq|white_sq|b_king|white_sq/w_pawn|b_pawn|white_sq|w_pawn|white_sq|black_sq|b_bishop|black_sq/black_sq|w_rook|black_sq|w_rook|black_sq|white_sq|black_sq|white_sq/white_sq|black_sq|white_sq|w_knight|white_sq|w_pawn|white_sq|black_sq/black_sq|white_sq|black_sq|w_queen|black_sq|white_sq|black_sq|w_king
adj_wK_bK_029,q6,1,"[[3, 5], [6, 4]]",8,8,b_rook|b_knight|b_bishop|black_sq|white_sq|black_sq|b_knight|b_rook/b_pawn|b_pawn|black_sq|b_pawn|b_bishop|b_pawn|b_pawn|b_pawn/w_bishop|black_sq|b_pawn|black_sq|white_sq|black_sq|white_sq|black_sq/black_sq|white_sq|black_sq|white_sq|b_pawn|w_king|black_sq|white_sq/w_pawn|w_pawn|white_sq|black_sq|w_pawn|black_sq|w_pawn|black_sq/black_sq|white_sq|black_sq|white_sq|b_queen|white_sq|black_sq|w_knight/white_sq|black_sq|w_pawn|w_pawn|b_king|w_pawn|white_sq|w_pawn/w_rook|w_knight|w_bishop|w_queen|black_sq|white_sq|black_sq|w_rook
adj_wK_bK_030,q6,0,"[[5, 2], [6, 3]]",8,8,b_rook|black_sq|b_queen|black_sq|white_sq|w_bishop|b_knight|w_knight/black_sq|white_sq|black_sq|b_knight|black_sq|b_rook|black_sq|white_sq/b_bishop|black_sq|white_sq|black_sq|white_sq|black_sq|white_sq|black_sq/b_pawn|w_bishop|black_sq|white_sq|b_pawn|b_pawn|b_pawn|b_pawn/white_sq|black_sq|w_pawn|w_pawn|white_sq|black_sq|white_sq|black_sq/black_sq|white_sq|w_king|white_sq|black_sq|b_pawn|w_pawn|white_sq/white_sq|black_sq|w_rook|b_king|w_knight|black_sq|white_sq|w_pawn/black_sq|white_sq|black_sq|white_sq|w_rook|white_sq|black_sq|white_sq
adj_wK_bK_031,q6,1,"[[2, 5], [2, 1]]",8,8,white_sq|black_sq|b_bishop|b_queen|white_sq|b_bishop|b_knight|b_rook/black_sq|b_pawn|black_sq|b_pawn|b_pawn|b_pawn|b_pawn|b_pawn/b_rook|b_king|b_pawn|black_sq|white_sq|w_king|white_sq|black_sq/b_pawn|w_knight|black_sq|white_sq|black_sq|w_pawn|black_sq|white_sq/white_sq|black_sq|white_sq|black_sq|white_sq|black_sq|white_sq|black_sq/black_sq|b_knight|black_sq|w_pawn|w_pawn|white_sq|black_sq|w_knight/w_pawn|w_pawn|w_pawn|black_sq|white_sq|black_sq|w_pawn|w_pawn/w_rook|white_sq|w_bishop|w_queen|black_sq|w_bishop|black_sq|w_rook
adj_wK_bK_032,q6,0,"[[4, 5], [3, 5]]",8,8,white_sq|black_sq|white_sq|b_rook|white_sq|black_sq|white_sq|b_rook/b_bishop|white_sq|black_sq|white_sq|w_bishop|b_bishop|black_sq|white_sq/white_sq|b_pawn|white_sq|black_sq|w_pawn|black_sq|w_pawn|black_sq/b_pawn|white_sq|black_sq|w_bishop|black_sq|b_king|black_sq|b_pawn/w_pawn|w_pawn|white_sq|b_pawn|white_sq|w_king|b_knight|black_sq/black_sq|white_sq|w_pawn|white_sq|black_sq|white_sq|black_sq|w_rook/white_sq|black_sq|white_sq|black_sq|white_sq|black_sq|white_sq|black_sq/w_rook|w_knight|w_queen|white_sq|black_sq|white_sq|black_sq|white_sq
adj_wK_bK_033,q6,1,"[[2, 3], [4, 3]]",8,8,white_sq|black_sq|white_sq|black_sq|white_sq|black_sq|white_sq|black_sq/b_rook|white_sq|black_sq|w_knight|black_sq|white_sq|black_sq|white_sq/white_sq|black_sq|white_sq|w_king|b_knight|black_sq|b_pawn|b_pawn/b_pawn|b_pawn|black_sq|white_sq|black_sq|b_pawn|w_pawn|w_bishop/w_pawn|black_sq|white_sq|b_king|white_sq|w_pawn|b_knight|w_pawn/w_pawn|white_sq|black_sq|white_sq|black_sq|white_sq|black_sq|white_sq/white_sq|black_sq|w_pawn|w_knight|white_sq|black_sq|b_bishop|black_sq/w_rook|white_sq|black_sq|white_sq|black_sq|white_sq|black_sq|white_sq
adj_wK_bK_034,q6,1,"[[6, 7], [2, 5]]",8,8,white_sq|black_sq|white_sq|b_rook|white_sq|b_bishop|white_sq|b_rook/b_pawn|white_sq|black_sq|white_sq|b_pawn|white_sq|b_pawn|white_sq/white_sq|black_sq|white_sq|black_sq|white_sq|b_king|white_sq|black_sq/w_queen|b_queen|black_sq|b_pawn|black_sq|b_pawn|black_sq|b_pawn/w_pawn|w_knight|b_pawn|black_sq|w_pawn|w_pawn|white_sq|w_pawn/w_rook|w_pawn|w_pawn|w_bishop|black_sq|white_sq|black_sq|white_sq/white_sq|black_sq|w_pawn|black_sq|white_sq|black_sq|b_bishop|w_king/black_sq|w_knight|w_bishop|white_sq|black_sq|white_sq|w_rook|white_sq
adj_wK_bK_035,q6,1,"[[2, 6], [3, 4]]",8,8,b_bishop|black_sq|white_sq|black_sq|white_sq|b_bishop|b_rook|black_sq/black_sq|white_sq|black_sq|b_pawn|b_pawn|white_sq|b_pawn|white_sq/white_sq|black_sq|white_sq|black_sq|white_sq|black_sq|w_king|black_sq/black_sq|w_pawn|b_pawn|white_sq|b_king|w_pawn|black_sq|white_sq/white_sq|b_knight|white_sq|black_sq|white_sq|w_pawn|w_knight|black_sq/black_sq|white_sq|w_knight|w_pawn|black_sq|white_sq|w_pawn|w_rook/white_sq|black_sq|white_sq|black_sq|white_sq|black_sq|w_queen|black_sq/black_sq|white_sq|black_sq|white_sq|black_sq|white_sq|black_sq|white_sq
adj_wK_bK_036,q6,0,"[[6, 3], [5, 4]]",8,8,white_sq|b_knight|white_sq|black_sq|b_knight|b_bishop|white_sq|black_sq/b_rook|b_bishop|black_sq|white_sq|black_sq|white_sq|b_pawn|white_sq/white_sq|black_sq|white_sq|black_sq|white_sq|black_sq|b_queen|w_bishop/black_sq|w_pawn|black_sq|white_sq|b_pawn|b_pawn|black_sq|b_pawn/w_pawn|black_sq|b_pawn|b_pawn|w_pawn|black_sq|white_sq|w_pawn/w_rook|white_sq|w_pawn|w_bishop|b_king|w_pawn|w_pawn|white_sq/white_sq|black_sq|white_sq|w_king|white_sq|black_sq|white_sq|black_sq/black_sq|white_sq|black_sq|white_sq|black_sq|white_sq|w_knight|w_rook
adj_wK_bK_037,q6,0,"[[2, 7], [1, 6]]",8,8,b_rook|black_sq|b_bishop|black_sq|white_sq|b_rook|white_sq|black_sq/w_queen|white_sq|black_sq|b_queen|b_bishop|white_sq|b_king|b_pawn/white_sq|b_pawn|white_sq|b_pawn|white_sq|b_knight|b_pawn|w_king/black_sq|white_sq|b_pawn|white_sq|b_pawn|w_pawn|black_sq|white_sq/white_sq|b_knight|w_pawn|black_sq|w_pawn|black_sq|white_sq|black_sq/black_sq|white_sq|w_knight|white_sq|black_sq|w_pawn|black_sq|w_pawn/w_pawn|w_pawn|white_sq|w_pawn|w_knight|black_sq|white_sq|w_rook/w_rook|white_sq|w_bishop|white_sq|black_sq|w_bishop|black_sq|white_sq
adj_wK_bK_038,q6,0,"[[3, 3], [2, 2]]",8,8,white_sq|b_knight|white_sq|black_sq|white_sq|black_sq|white_sq|b_rook/b_pawn|white_sq|black_sq|white_sq|b_rook|white_sq|black_sq|white_sq/w_rook|w_pawn|b_king|black_sq|b_pawn|b_bishop|white_sq|b_pawn/black_sq|white_sq|b_pawn|w_king|black_sq|w_pawn|b_pawn|white_sq/white_sq|black_sq|w_pawn|b_pawn|w_pawn|black_sq|white_sq|black_sq/black_sq|w_pawn|black_sq|w_pawn|black_sq|white_sq|b_knight|white_sq/white_sq|black_sq|w_queen|black_sq|white_sq|w_knight|w_pawn|black_sq/black_sq|white_sq|w_bishop|white_sq|black_sq|white_sq|w_knight|white_sq
adj_wK_bK_039,q6,1,"[[7, 3], [2, 4]]",8,8,b_rook|black_sq|b_queen|black_sq|white_sq|w_bishop|b_knight|w_knight/black_sq|white_sq|black_sq|b_knight|black_sq|b_rook|black_sq|white_sq/b_bishop|black_sq|white_sq|black_sq|b_king|black_sq|white_sq|black_sq/b_pawn|w_bishop|black_sq|white_sq|b_pawn|b_pawn|b_pawn|b_pawn/white_sq|black_sq|w_pawn|w_pawn|white_sq|black_sq|white_sq|black_sq/black_sq|white_sq|black_sq|white_sq|black_sq|b_pawn|w_pawn|white_sq/white_sq|black_sq|w_rook|black_sq|w_knight|black_sq|white_sq|w_pawn/black_sq|white_sq|black_sq|w_king|w_rook|white_sq|black_sq|white_sq
adj_wK_bK_040,q6,0,"[[6, 4], [6, 5]]",8,8,b_rook|b_knight|b_bishop|b_queen|white_sq|b_bishop|b_knight|b_rook/b_pawn|b_pawn|black_sq|b_pawn|b_pawn|b_pawn|black_sq|white_sq/white_sq|black_sq|b_pawn|black_sq|white_sq|black_sq|white_sq|black_sq/black_sq|white_sq|black_sq|white_sq|black_sq|white_sq|b_pawn|b_pawn/white_sq|black_sq|white_sq|black_sq|w_pawn|black_sq|w_pawn|black_sq/w_pawn|white_sq|black_sq|white_sq|black_sq|w_pawn|black_sq|white_sq/white_sq|w_pawn|w_pawn|w_pawn|w_king|b_king|white_sq|w_pawn/w_rook|w_knight|w_bishop|w_queen|black_sq|w_bishop|w_knight|w_rook
adj_wK_bK_041,q6,1,"[[5, 7], [4, 5]]",8,8,white_sq|b_rook|b_bishop|b_queen|white_sq|b_bishop|b_knight|b_rook/b_pawn|white_sq|black_sq|b_pawn|black_sq|white_sq|black_sq|b_pawn/b_knight|b_pawn|b_pawn|black_sq|b_pawn|black_sq|b_pawn|black_sq/black_sq|white_sq|black_sq|white_sq|black_sq|white_sq|black_sq|white_sq/white_sq|black_sq|white_sq|black_sq|w_queen|b_king|white_sq|black_sq/black_sq|w_pawn|w_pawn|white_sq|w_pawn|white_sq|black_sq|w_king/w_pawn|black_sq|white_sq|w_pawn|white_sq|w_pawn|w_pawn|w_pawn/w_rook|w_knight|w_bishop|white_sq|black_sq|white_sq|w_knight|w_rook
adj_wK_bK_042,q6,1,"[[7, 1], [2, 2]]",8,8,b_rook|black_sq|b_queen|black_sq|white_sq|w_bishop|b_knight|w_knight/black_sq|white_sq|black_sq|b_knight|black_sq|b_rook|black_sq|white_sq/b_bishop|black_sq|b_king|black_sq|white_sq|black_sq|white_sq|black_sq/b_pawn|w_bishop|black_sq|white_sq|b_pawn|b_pawn|b_pawn|b_pawn/white_sq|black_sq|w_pawn|w_pawn|white_sq|black_sq|white_sq|black_sq/black_sq|white_sq|black_sq|white_sq|black_sq|b_pawn|w_pawn|white_sq/white_sq|black_sq|w_rook|black_sq|w_knight|black_sq|white_sq|w_pawn/black_sq|w_king|black_sq|white_sq|w_rook|white_sq|black_sq|white_sq
adj_wK_bK_043,q6,1,"[[7, 6], [1, 6]]",8,8,white_sq|black_sq|b_bishop|b_knight|white_sq|black_sq|white_sq|black_sq/black_sq|white_sq|black_sq|white_sq|black_sq|b_knight|b_king|white_sq/white_sq|b_pawn|white_sq|b_rook|white_sq|b_pawn|white_sq|black_sq/b_pawn|w_pawn|black_sq|b_rook|black_sq|white_sq|b_pawn|b_pawn/w_pawn|black_sq|w_pawn|black_sq|w_pawn|black_sq|w_pawn|black_sq/black_sq|white_sq|black_sq|white_sq|w_bishop|w_rook|w_rook|white_sq/white_sq|black_sq|white_sq|w_knight|white_sq|black_sq|white_sq|w_pawn/black_sq|w_bishop|black_sq|white_sq|black_sq|white_sq|w_king|white_sq
adj_wK_bK_044,q6,1,"[[0, 4], [5, 1]]",8,8,b_rook|black_sq|b_bishop|black_sq|w_king|b_bishop|b_knight|b_rook/b_pawn|b_pawn|b_pawn|b_pawn|black_sq|b_pawn|b_pawn|white_sq/b_knight|black_sq|white_sq|black_sq|white_sq|black_sq|white_sq|b_pawn/black_sq|white_sq|black_sq|white_sq|b_pawn|white_sq|black_sq|white_sq/white_sq|black_sq|white_sq|black_sq|white_sq|w_knight|white_sq|b_queen/black_sq|b_king|black_sq|white_sq|black_sq|white_sq|black_sq|white_sq/w_pawn|w_pawn|w_pawn|w_pawn|w_pawn|w_pawn|w_pawn|w_pawn/w_rook|w_knight|w_bishop|w_queen|black_sq|w_bishop|black_sq|w_rook
adj_wK_bK_045,q6,1,"[[1, 0], [6, 6]]",8,8,white_sq|black_sq|white_sq|black_sq|white_sq|black_sq|white_sq|black_sq/w_king|white_sq|b_rook|white_sq|b_rook|white_sq|b_bishop|white_sq/white_sq|black_sq|b_pawn|b_pawn|white_sq|black_sq|white_sq|black_sq/b_pawn|white_sq|black_sq|white_sq|black_sq|b_pawn|black_sq|white_sq/w_knight|black_sq|white_sq|w_pawn|white_sq|w_pawn|b_bishop|black_sq/black_sq|white_sq|b_pawn|b_queen|black_sq|white_sq|black_sq|b_pawn/w_pawn|black_sq|white_sq|w_rook|w_pawn|black_sq|b_king|w_bishop/black_sq|white_sq|black_sq|white_sq|black_sq|white_sq|black_sq|w_rook
adj_wK_bK_046,q6,1,"[[1, 4], [4, 4]]",8,8,b_rook|b_knight|b_bishop|b_queen|white_sq|b_bishop|b_knight|b_rook/black_sq|b_pawn|b_pawn|b_pawn|w_king|white_sq|black_sq|b_pawn/b_pawn|black_sq|white_sq|black_sq|white_sq|black_sq|white_sq|black_sq/black_sq|white_sq|black_sq|white_sq|b_pawn|b_pawn|b_pawn|white_sq/w_knight|black_sq|white_sq|black_sq|b_king|black_sq|white_sq|black_sq/w_pawn|white_sq|black_sq|white_sq|black_sq|white_sq|w_pawn|white_sq/white_sq|w_pawn|w_pawn|w_pawn|w_pawn|w_pawn|w_bishop|w_pawn/w_rook|white_sq|w_bishop|w_queen|black_sq|white_sq|w_knight|w_rook
adj_wK_bK_047,q6,1,"[[3, 4], [3, 6]]",8,8,white_sq|black_sq|b_queen|b_rook|white_sq|black_sq|white_sq|black_sq/b_rook|b_pawn|black_sq|white_sq|black_sq|white_sq|black_sq|white_sq/b_pawn|black_sq|b_bishop|b_pawn|white_sq|b_bishop|white_sq|black_sq/black_sq|w_bishop|b_pawn|white_sq|w_king|white_sq|b_king|w_knight/white_sq|black_sq|w_pawn|black_sq|b_pawn|w_pawn|white_sq|b_pawn/w_pawn|white_sq|black_sq|white_sq|black_sq|white_sq|w_pawn|w_pawn/white_sq|black_sq|white_sq|w_bishop|white_sq|w_rook|white_sq|black_sq/w_rook|w_knight|w_queen|white_sq|black_sq|white_sq|black_sq|white_sq
adj_wK_bK_048,q6,1,"[[4, 1], [1, 3]]",8,8,white_sq|b_knight|white_sq|black_sq|white_sq|black_sq|white_sq|b_rook/b_pawn|white_sq|black_sq|b_king|b_rook|white_sq|black_sq|white_sq/w_rook|w_pawn|white_sq|black_sq|b_pawn|b_bishop|white_sq|b_pawn/black_sq|white_sq|b_pawn|white_sq|black_sq|w_pawn|b_pawn|white_sq/white_sq|w_king|w_pawn|b_pawn|w_pawn|black_sq|white_sq|black_sq/black_sq|w_pawn|black_sq|w_pawn|black_sq|white_sq|b_knight|white_sq/white_sq|black_sq|w_queen|black_sq|white_sq|w_knight|w_pawn|black_sq/black_sq|white_sq|w_bishop|white_sq|black_sq|white_sq|w_knight|white_sq
adj_wK_bK_049,q6,1,"[[5, 0], [5, 4]]",8,8,white_sq|black_sq|white_sq|black_sq|white_sq|black_sq|white_sq|black_sq/black_sq|white_sq|black_sq|white_sq|b_bishop|white_sq|b_pawn|b_rook/white_sq|black_sq|white_sq|b_pawn|white_sq|black_sq|white_sq|b_knight/b_pawn|white_sq|black_sq|white_sq|black_sq|b_pawn|w_pawn|white_sq/b_knight|b_pawn|white_sq|black_sq|white_sq|black_sq|b_bishop|black_sq/w_king|white_sq|black_sq|white_sq|b_king|w_pawn|w_rook|white_sq/white_sq|w_bishop|white_sq|black_sq|white_sq|black_sq|white_sq|black_sq/black_sq|white_sq|black_sq|white_sq|black_sq|white_sq|w_knight|white_sq
adj_wK_bK_050,q6,0,"[[4, 3], [3, 4]]",8,8,white_sq|black_sq|b_bishop|b_queen|white_sq|b_bishop|b_knight|b_rook/black_sq|b_pawn|black_sq|b_pawn|b_pawn|b_pawn|b_pawn|b_pawn/b_rook|black_sq|b_pawn|black_sq|white_sq|black_sq|white_sq|black_sq/b_pawn|w_knight|black_sq|white_sq|b_king|w_pawn|black_sq|white_sq/white_sq|black_sq|white_sq|w_king|white_sq|black_sq|white_sq|black_sq/black_sq|b_knight|black_sq|w_pawn|w_pawn|white_sq|black_sq|w_knight/w_pawn|w_pawn|w_pawn|black_sq|white_sq|black_sq|w_pawn|w_pawn/w_rook|white_sq|w_bishop|w_queen|black_sq|w_bishop|black_sq|w_rook
adj_wK_bK_051,q6,1,"[[4, 3], [2, 3]]",8,8,b_rook|black_sq|b_bishop|b_queen|white_sq|b_bishop|white_sq|b_rook/black_sq|b_pawn|black_sq|white_sq|black_sq|b_pawn|black_sq|b_pawn/white_sq|black_sq|b_knight|b_king|white_sq|b_knight|white_sq|black_sq/b_pawn|white_sq|b_pawn|b_pawn|b_pawn|w_pawn|b_pawn|white_sq/w_pawn|black_sq|white_sq|w_king|white_sq|black_sq|w_pawn|black_sq/black_sq|white_sq|black_sq|white_sq|black_sq|white_sq|black_sq|w_bishop/white_sq|w_pawn|w_pawn|w_pawn|w_pawn|black_sq|white_sq|w_pawn/w_rook|w_knight|w_bishop|w_queen|black_sq|white_sq|w_knight|w_rook
adj_wK_bK_052,q6,1,"[[4, 7], [2, 2]]",8,8,b_knight|black_sq|b_rook|black_sq|white_sq|black_sq|white_sq|black_sq/b_pawn|white_sq|black_sq|white_sq|black_sq|white_sq|black_sq|white_sq/white_sq|black_sq|b_king|black_sq|b_pawn|black_sq|white_sq|black_sq/black_sq|white_sq|w_knight|w_pawn|w_pawn|white_sq|black_sq|white_sq/white_sq|b_bishop|white_sq|black_sq|white_sq|black_sq|w_rook|w_king/black_sq|white_sq|black_sq|w_pawn|black_sq|white_sq|black_sq|white_sq/w_pawn|black_sq|w_knight|black_sq|w_bishop|black_sq|white_sq|black_sq/black_sq|white_sq|black_sq|white_sq|black_sq|white_sq|black_sq|w_rook
adj_wK_bK_053,q6,0,"[[4, 7], [3, 6]]",8,8,b_rook|black_sq|white_sq|black_sq|b_rook|black_sq|white_sq|black_sq/black_sq|white_sq|black_sq|white_sq|black_sq|white_sq|black_sq|white_sq/b_knight|black_sq|w_pawn|black_sq|w_knight|black_sq|white_sq|black_sq/black_sq|white_sq|b_pawn|white_sq|black_sq|white_sq|b_king|w_pawn/b_pawn|black_sq|white_sq|b_pawn|white_sq|black_sq|white_sq|w_king/w_knight|b_bishop|w_bishop|white_sq|b_pawn|white_sq|black_sq|white_sq/white_sq|black_sq|w_pawn|black_sq|white_sq|w_pawn|w_pawn|w_rook/w_rook|white_sq|black_sq|white_sq|black_sq|w_bishop|black_sq|white_sq
adj_wK_bK_054,q6,1,"[[6, 5], [3, 2]]",8,8,white_sq|black_sq|white_sq|b_queen|white_sq|black_sq|white_sq|b_rook/b_rook|w_queen|black_sq|white_sq|black_sq|b_pawn|b_bishop|b_pawn/white_sq|b_pawn|white_sq|black_sq|white_sq|black_sq|white_sq|black_sq/black_sq|w_pawn|b_king|b_pawn|b_pawn|white_sq|black_sq|white_sq/white_sq|black_sq|white_sq|black_sq|white_sq|b_knight|b_pawn|w_pawn/w_rook|white_sq|black_sq|b_bishop|w_pawn|w_pawn|w_pawn|white_sq/white_sq|w_pawn|white_sq|black_sq|white_sq|w_king|white_sq|black_sq/black_sq|w_knight|w_bishop|white_sq|black_sq|w_bishop|black_sq|w_rook
adj_wK_bK_055,q6,0,"[[5, 1], [4, 1]]",8,8,b_rook|b_knight|b_bishop|black_sq|white_sq|black_sq|white_sq|b_rook/black_sq|b_pawn|black_sq|b_pawn|black_sq|white_sq|black_sq|b_pawn/white_sq|b_queen|white_sq|black_sq|b_pawn|b_pawn|white_sq|black_sq/b_pawn|white_sq|w_pawn|white_sq|black_sq|white_sq|b_pawn|white_sq/w_pawn|b_king|white_sq|black_sq|b_knight|w_pawn|w_pawn|black_sq/w_knight|w_king|b_bishop|white_sq|black_sq|white_sq|black_sq|w_pawn/white_sq|w_bishop|w_queen|w_pawn|w_pawn|black_sq|w_rook|black_sq/w_rook|white_sq|black_sq|white_sq|black_sq|w_bishop|w_knight|white_sq
adj_wK_bK_056,q6,0,"[[3, 2], [4, 1]]",8,8,b_rook|black_sq|b_bishop|b_queen|white_sq|b_bishop|white_sq|b_rook/b_pawn|white_sq|black_sq|white_sq|b_pawn|b_pawn|black_sq|b_pawn/white_sq|black_sq|b_pawn|black_sq|white_sq|black_sq|w_bishop|b_knight/black_sq|b_pawn|w_king|b_pawn|b_knight|white_sq|b_pawn|white_sq/w_queen|b_king|white_sq|black_sq|white_sq|w_pawn|white_sq|black_sq/black_sq|white_sq|w_pawn|white_sq|w_pawn|white_sq|black_sq|white_sq/w_pawn|w_pawn|white_sq|w_pawn|white_sq|black_sq|w_pawn|w_pawn/w_rook|w_knight|w_bishop|white_sq|black_sq|white_sq|w_knight|w_rook
adj_wK_bK_057,q6,1,"[[7, 0], [2, 3]]",8,8,white_sq|b_knight|b_bishop|b_queen|white_sq|black_sq|b_knight|black_sq/black_sq|b_rook|black_sq|white_sq|b_pawn|white_sq|black_sq|white_sq/b_pawn|w_pawn|b_pawn|b_king|white_sq|black_sq|white_sq|black_sq/w_pawn|white_sq|b_rook|b_pawn|w_knight|white_sq|b_pawn|b_pawn/white_sq|black_sq|w_knight|w_pawn|w_queen|b_pawn|w_pawn|w_pawn/black_sq|w_pawn|black_sq|white_sq|b_bishop|white_sq|black_sq|white_sq/w_rook|black_sq|white_sq|black_sq|w_pawn|black_sq|w_bishop|black_sq/w_king|white_sq|black_sq|white_sq|black_sq|white_sq|black_sq|w_rook
adj_wK_bK_058,q6,1,"[[7, 3], [3, 4]]",8,8,white_sq|b_rook|b_bishop|black_sq|white_sq|black_sq|white_sq|black_sq/black_sq|white_sq|black_sq|b_queen|black_sq|b_rook|black_sq|b_pawn/b_pawn|black_sq|white_sq|black_sq|b_pawn|w_queen|white_sq|b_bishop/black_sq|b_pawn|black_sq|b_pawn|b_king|b_pawn|black_sq|b_pawn/w_pawn|black_sq|w_pawn|black_sq|white_sq|w_pawn|white_sq|black_sq/black_sq|white_sq|black_sq|white_sq|w_pawn|white_sq|w_pawn|w_knight/white_sq|black_sq|white_sq|black_sq|white_sq|b_knight|white_sq|w_pawn/black_sq|b_rook|black_sq|w_king|w_bishop|white_sq|black_sq|w_rook
adj_wK_bK_059,q6,0,"[[5, 4], [5, 5]]",8,8,white_sq|b_knight|b_bishop|black_sq|white_sq|black_sq|white_sq|b_rook/black_sq|b_pawn|b_pawn|white_sq|black_sq|white_sq|b_pawn|white_sq/b_rook|black_sq|white_sq|b_pawn|b_pawn|black_sq|white_sq|b_pawn/black_sq|white_sq|black_sq|white_sq|black_sq|b_pawn|black_sq|white_sq/white_sq|b_bishop|w_knight|w_pawn|w_pawn|w_pawn|b_knight|black_sq/b_pawn|w_pawn|black_sq|white_sq|w_king|b_king|w_pawn|white_sq/w_pawn|black_sq|w_pawn|black_sq|w_bishop|black_sq|white_sq|b_queen/w_rook|white_sq|w_bishop|w_queen|black_sq|w_rook|black_sq|white_sq
adj_wK_bK_060,q6,0,"[[4, 4], [3, 5]]",8,8,b_rook|b_queen|white_sq|b_rook|white_sq|black_sq|white_sq|black_sq/b_pawn|b_bishop|black_sq|b_pawn|black_sq|white_sq|b_pawn|b_pawn/white_sq|black_sq|b_pawn|black_sq|white_sq|b_pawn|white_sq|w_rook/black_sq|white_sq|black_sq|b_pawn|black_sq|b_king|black_sq|white_sq/white_sq|black_sq|white_sq|black_sq|w_king|black_sq|white_sq|black_sq/w_bishop|b_pawn|w_pawn|white_sq|black_sq|w_pawn|b_bishop|w_knight/white_sq|black_sq|white_sq|black_sq|w_pawn|black_sq|white_sq|w_pawn/black_sq|w_knight|black_sq|w_queen|black_sq|w_bishop|black_sq|w_rook
adj_wK_bK_061,q6,1,"[[5, 0], [2, 5]]",8,8,white_sq|b_knight|b_bishop|w_knight|white_sq|b_rook|white_sq|black_sq/black_sq|b_pawn|b_pawn|white_sq|black_sq|white_sq|black_sq|b_queen/white_sq|black_sq|white_sq|black_sq|white_sq|b_king|white_sq|black_sq/black_sq|white_sq|w_pawn|w_knight|b_pawn|w_rook|w_bishop|white_sq/white_sq|b_pawn|b_knight|b_pawn|white_sq|black_sq|w_pawn|w_pawn/w_king|white_sq|black_sq|w_pawn|black_sq|white_sq|w_queen|w_bishop/white_sq|black_sq|white_sq|black_sq|white_sq|black_sq|white_sq|black_sq/w_rook|white_sq|black_sq|white_sq|black_sq|white_sq|black_sq|white_sq
adj_wK_bK_062,q6,1,"[[7, 1], [3, 5]]",8,8,b_rook|black_sq|white_sq|black_sq|white_sq|b_bishop|white_sq|black_sq/black_sq|white_sq|black_sq|b_pawn|b_pawn|white_sq|black_sq|b_pawn/b_knight|black_sq|white_sq|b_queen|white_sq|black_sq|white_sq|black_sq/black_sq|b_pawn|black_sq|b_bishop|black_sq|b_king|w_bishop|white_sq/b_pawn|black_sq|w_knight|black_sq|white_sq|black_sq|white_sq|b_rook/black_sq|b_pawn|black_sq|w_pawn|black_sq|white_sq|black_sq|w_pawn/w_pawn|black_sq|w_pawn|black_sq|white_sq|w_pawn|white_sq|black_sq/w_queen|w_king|black_sq|w_rook|black_sq|w_bishop|black_sq|w_rook
adj_wK_bK_063,q6,1,"[[5, 0], [4, 2]]",8,8,b_rook|black_sq|white_sq|b_queen|white_sq|b_bishop|b_knight|black_sq/black_sq|white_sq|b_pawn|b_bishop|b_pawn|b_pawn|b_pawn|white_sq/white_sq|black_sq|white_sq|black_sq|white_sq|black_sq|white_sq|black_sq/black_sq|white_sq|black_sq|w_pawn|black_sq|white_sq|b_pawn|white_sq/white_sq|b_pawn|b_king|black_sq|white_sq|black_sq|white_sq|black_sq/w_king|white_sq|black_sq|w_bishop|black_sq|w_pawn|b_rook|white_sq/w_pawn|black_sq|w_pawn|w_pawn|white_sq|b_knight|w_pawn|w_pawn/black_sq|white_sq|w_rook|w_queen|black_sq|white_sq|black_sq|w_rook
adj_wK_bK_064,q6,1,"[[3, 5], [3, 3]]",8,8,white_sq|b_rook|b_bishop|b_queen|white_sq|b_bishop|b_knight|b_rook/b_pawn|white_sq|black_sq|b_pawn|black_sq|white_sq|black_sq|b_pawn/b_knight|b_pawn|b_pawn|black_sq|b_pawn|black_sq|b_pawn|black_sq/black_sq|white_sq|black_sq|b_king|black_sq|w_king|black_sq|white_sq/white_sq|black_sq|white_sq|black_sq|w_queen|black_sq|white_sq|black_sq/black_sq|w_pawn|w_pawn|white_sq|w_pawn|white_sq|black_sq|white_sq/w_pawn|black_sq|white_sq|w_pawn|white_sq|w_pawn|w_pawn|w_pawn/w_rook|w_knight|w_bishop|white_sq|black_sq|white_sq|w_knight|w_rook
adj_wK_bK_065,q6,1,"[[3, 5], [5, 1]]",8,8,white_sq|black_sq|white_sq|black_sq|white_sq|black_sq|b_knight|black_sq/black_sq|white_sq|black_sq|white_sq|black_sq|white_sq|black_sq|white_sq/white_sq|black_sq|white_sq|black_sq|white_sq|black_sq|white_sq|black_sq/w_bishop|b_pawn|black_sq|white_sq|b_pawn|w_king|black_sq|w_queen/w_pawn|black_sq|white_sq|black_sq|w_pawn|b_rook|white_sq|black_sq/black_sq|b_king|black_sq|white_sq|black_sq|w_pawn|black_sq|b_bishop/white_sq|black_sq|white_sq|b_rook|white_sq|black_sq|w_bishop|black_sq/black_sq|white_sq|black_sq|white_sq|black_sq|white_sq|w_knight|w_rook
adj_wK_bK_066,q6,0,"[[6, 2], [5, 1]]",8,8,b_rook|black_sq|b_bishop|black_sq|white_sq|b_bishop|b_rook|black_sq/b_pawn|b_pawn|black_sq|b_pawn|black_sq|b_pawn|black_sq|white_sq/b_knight|black_sq|white_sq|black_sq|b_pawn|black_sq|b_pawn|b_pawn/black_sq|white_sq|b_pawn|white_sq|w_pawn|white_sq|black_sq|b_queen/w_knight|black_sq|w_pawn|black_sq|white_sq|black_sq|b_knight|black_sq/w_pawn|b_king|black_sq|white_sq|black_sq|white_sq|black_sq|w_knight/white_sq|w_pawn|w_king|w_pawn|white_sq|w_pawn|w_pawn|w_pawn/w_rook|white_sq|w_bishop|w_queen|black_sq|w_bishop|black_sq|w_rook
adj_wK_bK_067,q6,0,"[[2, 2], [2, 1]]",8,8,b_rook|black_sq|b_bishop|b_queen|white_sq|black_sq|b_knight|black_sq/w_bishop|b_pawn|b_pawn|b_pawn|b_bishop|b_pawn|b_pawn|b_rook/b_knight|b_king|w_king|black_sq|b_pawn|black_sq|white_sq|black_sq/b_pawn|white_sq|black_sq|white_sq|black_sq|white_sq|black_sq|b_pawn/w_pawn|black_sq|white_sq|black_sq|white_sq|black_sq|white_sq|black_sq/black_sq|white_sq|w_pawn|w_pawn|black_sq|white_sq|w_pawn|white_sq/white_sq|w_pawn|white_sq|black_sq|w_pawn|w_pawn|white_sq|w_pawn/w_rook|w_knight|black_sq|w_queen|black_sq|w_bishop|w_knight|w_rook
adj_wK_bK_068,q6,1,"[[1, 3], [5, 2]]",8,8,white_sq|b_rook|b_bishop|black_sq|white_sq|b_rook|white_sq|black_sq/black_sq|b_pawn|black_sq|w_king|black_sq|white_sq|b_pawn|b_pawn/white_sq|w_rook|white_sq|b_bishop|white_sq|b_pawn|white_sq|black_sq/b_pawn|white_sq|b_pawn|w_pawn|b_pawn|white_sq|black_sq|white_sq/white_sq|black_sq|white_sq|black_sq|w_pawn|w_knight|white_sq|w_pawn/w_pawn|white_sq|b_king|white_sq|black_sq|w_queen|b_knight|white_sq/white_sq|black_sq|white_sq|w_pawn|white_sq|w_pawn|w_pawn|w_rook/black_sq|w_knight|w_bishop|white_sq|black_sq|white_sq|black_sq|white_sq
adj_wK_bK_069,q6,0,"[[0, 4], [1, 5]]",8,8,b_rook|b_knight|b_bishop|b_queen|w_king|b_bishop|white_sq|black_sq/b_pawn|b_pawn|black_sq|b_pawn|b_pawn|b_king|black_sq|white_sq/white_sq|black_sq|white_sq|black_sq|white_sq|b_pawn|w_knight|b_rook/black_sq|white_sq|b_pawn|white_sq|black_sq|b_knight|w_bishop|b_pawn/white_sq|black_sq|white_sq|black_sq|white_sq|black_sq|w_pawn|w_pawn/w_pawn|white_sq|black_sq|w_pawn|w_pawn|white_sq|black_sq|white_sq/white_sq|w_pawn|w_pawn|black_sq|w_knight|w_pawn|white_sq|black_sq/w_rook|white_sq|black_sq|w_queen|black_sq|w_bishop|black_sq|w_rook
adj_wK_bK_070,q6,1,"[[4, 6], [3, 1]]",8,8,white_sq|b_rook|white_sq|black_sq|white_sq|b_bishop|b_knight|black_sq/b_pawn|b_pawn|black_sq|white_sq|b_pawn|b_pawn|b_pawn|b_rook/b_knight|black_sq|b_pawn|black_sq|white_sq|black_sq|white_sq|black_sq/black_sq|b_king|black_sq|white_sq|b_pawn|white_sq|black_sq|white_sq/white_sq|w_pawn|w_pawn|black_sq|w_pawn|w_bishop|w_king|b_pawn/black_sq|white_sq|black_sq|w_pawn|w_pawn|w_rook|black_sq|w_pawn/w_pawn|black_sq|white_sq|black_sq|b_bishop|black_sq|white_sq|black_sq/w_rook|w_knight|black_sq|w_queen|black_sq|white_sq|black_sq|white_sq
adj_wK_bK_071,q6,0,"[[6, 4], [5, 5]]",8,8,white_sq|b_rook|b_bishop|black_sq|white_sq|black_sq|white_sq|black_sq/black_sq|white_sq|black_sq|b_queen|black_sq|b_rook|black_sq|b_pawn/b_pawn|black_sq|white_sq|black_sq|b_pawn|w_queen|white_sq|b_bishop/black_sq|b_pawn|black_sq|b_pawn|black_sq|b_pawn|black_sq|b_pawn/w_pawn|black_sq|w_pawn|black_sq|white_sq|w_pawn|white_sq|black_sq/black_sq|white_sq|black_sq|white_sq|w_pawn|b_king|w_pawn|w_knight/white_sq|black_sq|white_sq|black_sq|w_king|b_knight|white_sq|w_pawn/black_sq|b_rook|black_sq|white_sq|w_bishop|white_sq|black_sq|w_rook
adj_wK_bK_072,q6,0,"[[2, 5], [3, 6]]",8,8,white_sq|b_knight|white_sq|black_sq|white_sq|black_sq|white_sq|b_rook/black_sq|white_sq|black_sq|b_rook|b_knight|b_pawn|b_bishop|white_sq/b_queen|black_sq|white_sq|black_sq|white_sq|w_king|white_sq|b_pawn/black_sq|white_sq|w_pawn|b_pawn|black_sq|white_sq|b_king|b_bishop/w_rook|black_sq|white_sq|w_pawn|white_sq|w_pawn|w_pawn|black_sq/black_sq|white_sq|black_sq|w_queen|black_sq|w_knight|black_sq|w_bishop/white_sq|black_sq|w_pawn|black_sq|white_sq|black_sq|white_sq|w_pawn/black_sq|white_sq|w_bishop|white_sq|black_sq|white_sq|black_sq|w_rook
adj_wK_bK_073,q6,0,"[[5, 4], [5, 3]]",8,8,b_rook|b_knight|white_sq|black_sq|white_sq|b_bishop|b_knight|black_sq/black_sq|white_sq|b_queen|white_sq|b_pawn|white_sq|b_pawn|b_rook/b_pawn|b_pawn|white_sq|b_pawn|b_bishop|b_pawn|white_sq|w_bishop/black_sq|white_sq|b_pawn|white_sq|black_sq|white_sq|black_sq|b_pawn/white_sq|black_sq|w_pawn|w_pawn|white_sq|black_sq|white_sq|w_pawn/black_sq|white_sq|w_knight|b_king|w_king|white_sq|w_pawn|w_rook/w_pawn|w_pawn|white_sq|black_sq|w_pawn|w_pawn|white_sq|black_sq/w_rook|white_sq|black_sq|w_queen|black_sq|w_bishop|w_knight|white_sq
adj_wK_bK_074,q6,0,"[[6, 0], [5, 1]]",8,8,b_bishop|black_sq|white_sq|black_sq|white_sq|b_bishop|b_rook|black_sq/black_sq|white_sq|black_sq|b_pawn|b_pawn|white_sq|b_pawn|white_sq/white_sq|black_sq|white_sq|black_sq|white_sq|black_sq|white_sq|black_sq/black_sq|w_pawn|b_pawn|white_sq|black_sq|w_pawn|black_sq|white_sq/white_sq|b_knight|white_sq|black_sq|white_sq|w_pawn|w_knight|black_sq/black_sq|b_king|w_knight|w_pawn|black_sq|white_sq|w_pawn|w_rook/w_king|black_sq|white_sq|black_sq|white_sq|black_sq|w_queen|black_sq/black_sq|white_sq|black_sq|white_sq|black_sq|white_sq|black_sq|white_sq
adj_wK_bK_075,q6,0,"[[4, 4], [3, 3]]",8,8,b_rook|b_knight|white_sq|black_sq|white_sq|b_bishop|b_knight|black_sq/black_sq|white_sq|b_queen|white_sq|b_pawn|white_sq|b_pawn|b_rook/b_pawn|b_pawn|white_sq|b_pawn|b_bishop|b_pawn|white_sq|w_bishop/black_sq|white_sq|b_pawn|b_king|black_sq|white_sq|black_sq|b_pawn/white_sq|black_sq|w_pawn|w_pawn|w_king|black_sq|white_sq|w_pawn/black_sq|white_sq|w_knight|white_sq|black_sq|white_sq|w_pawn|w_rook/w_pawn|w_pawn|white_sq|black_sq|w_pawn|w_pawn|white_sq|black_sq/w_rook|white_sq|black_sq|w_queen|black_sq|w_bishop|w_knight|white_sq
adj_wK_bK_076,q6,1,"[[2, 2], [6, 6]]",8,8,b_rook|black_sq|b_bishop|b_queen|white_sq|black_sq|b_knight|black_sq/w_bishop|b_pawn|b_pawn|b_pawn|b_bishop|b_pawn|b_pawn|b_rook/b_knight|black_sq|w_king|black_sq|b_pawn|black_sq|white_sq|black_sq/b_pawn|white_sq|black_sq|white_sq|black_sq|white_sq|black_sq|b_pawn/w_pawn|black_sq|white_sq|black_sq|white_sq|black_sq|white_sq|black_sq/black_sq|white_sq|w_pawn|w_pawn|black_sq|white_sq|w_pawn|white_sq/white_sq|w_pawn|white_sq|black_sq|w_pawn|w_pawn|b_king|w_pawn/w_rook|w_knight|black_sq|w_queen|black_sq|w_bishop|w_knight|w_rook
adj_wK_bK_077,q6,0,"[[4, 3], [5, 3]]",8,8,white_sq|black_sq|b_rook|black_sq|white_sq|b_bishop|white_sq|black_sq/b_pawn|b_pawn|b_pawn|white_sq|black_sq|b_pawn|black_sq|b_rook/b_knight|black_sq|white_sq|b_pawn|white_sq|black_sq|b_pawn|b_pawn/black_sq|white_sq|black_sq|b_pawn|black_sq|w_pawn|black_sq|b_knight/white_sq|w_pawn|white_sq|w_king|white_sq|black_sq|b_bishop|w_pawn/w_pawn|white_sq|black_sq|b_king|black_sq|w_pawn|w_pawn|white_sq/white_sq|w_bishop|w_pawn|w_pawn|white_sq|black_sq|white_sq|black_sq/black_sq|w_rook|black_sq|w_queen|black_sq|w_bishop|w_knight|w_rook
adj_wK_bK_078,q6,0,"[[5, 5], [6, 6]]",8,8,white_sq|black_sq|white_sq|black_sq|white_sq|black_sq|b_knight|b_rook/b_rook|b_pawn|black_sq|white_sq|black_sq|b_pawn|b_bishop|b_pawn/white_sq|black_sq|b_pawn|black_sq|b_knight|black_sq|white_sq|black_sq/b_pawn|white_sq|w_pawn|b_pawn|black_sq|b_bishop|w_queen|white_sq/white_sq|black_sq|white_sq|b_pawn|w_pawn|black_sq|white_sq|b_queen/w_pawn|w_pawn|w_knight|white_sq|black_sq|w_king|w_pawn|white_sq/white_sq|black_sq|white_sq|black_sq|white_sq|w_pawn|b_king|w_pawn/w_rook|white_sq|w_bishop|white_sq|black_sq|w_bishop|w_knight|w_rook
adj_wK_bK_079,q6,1,"[[2, 5], [4, 2]]",8,8,b_rook|b_knight|b_bishop|b_queen|white_sq|b_bishop|b_knight|b_rook/b_pawn|b_pawn|b_pawn|b_pawn|b_pawn|b_pawn|b_pawn|white_sq/white_sq|black_sq|white_sq|black_sq|white_sq|w_king|white_sq|b_pawn/black_sq|white_sq|black_sq|white_sq|black_sq|white_sq|black_sq|white_sq/white_sq|black_sq|b_king|black_sq|white_sq|black_sq|w_pawn|black_sq/black_sq|white_sq|black_sq|white_sq|w_pawn|white_sq|black_sq|white_sq/w_pawn|w_pawn|w_pawn|w_pawn|white_sq|w_pawn|white_sq|w_pawn/w_rook|w_knight|w_bishop|w_queen|black_sq|w_bishop|w_knight|w_rook
adj_wK_bK_080,q6,1,"[[3, 4], [5, 5]]",8,8,b_rook|b_queen|white_sq|black_sq|white_sq|b_bishop|white_sq|b_rook/b_pawn|white_sq|b_pawn|b_bishop|w_bishop|white_sq|black_sq|white_sq/b_knight|black_sq|white_sq|black_sq|white_sq|b_pawn|b_pawn|b_knight/black_sq|b_pawn|black_sq|b_pawn|w_king|white_sq|w_knight|b_pawn/white_sq|black_sq|w_pawn|w_pawn|white_sq|black_sq|white_sq|w_pawn/black_sq|w_pawn|w_queen|white_sq|w_pawn|b_king|w_pawn|white_sq/w_pawn|black_sq|white_sq|black_sq|w_bishop|w_pawn|white_sq|w_rook/w_rook|w_knight|black_sq|white_sq|black_sq|white_sq|black_sq|white_sq
adj_wK_bK_081,q6,0,"[[3, 6], [3, 5]]",8,8,b_rook|black_sq|b_bishop|black_sq|white_sq|b_bishop|b_rook|black_sq/b_pawn|b_pawn|black_sq|b_pawn|black_sq|b_pawn|black_sq|white_sq/b_knight|black_sq|white_sq|black_sq|b_pawn|black_sq|b_pawn|b_pawn/black_sq|white_sq|b_pawn|white_sq|w_pawn|b_king|w_king|b_queen/w_knight|black_sq|w_pawn|black_sq|white_sq|black_sq|b_knight|black_sq/w_pawn|white_sq|black_sq|white_sq|black_sq|white_sq|black_sq|w_knight/white_sq|w_pawn|white_sq|w_pawn|white_sq|w_pawn|w_pawn|w_pawn/w_rook|white_sq|w_bishop|w_queen|black_sq|w_bishop|black_sq|w_rook
adj_wK_bK_082,q6,0,"[[4, 2], [3, 1]]",8,8,white_sq|black_sq|white_sq|black_sq|white_sq|b_knight|white_sq|black_sq/b_rook|white_sq|b_queen|white_sq|black_sq|white_sq|black_sq|white_sq/b_pawn|black_sq|white_sq|b_pawn|white_sq|b_pawn|b_pawn|b_rook/w_pawn|b_king|black_sq|white_sq|b_pawn|w_pawn|b_knight|b_pawn/white_sq|black_sq|w_king|black_sq|b_bishop|black_sq|white_sq|black_sq/black_sq|w_queen|w_pawn|b_pawn|black_sq|white_sq|w_pawn|w_pawn/white_sq|black_sq|white_sq|w_bishop|white_sq|w_rook|white_sq|black_sq/w_rook|w_knight|black_sq|white_sq|black_sq|w_bishop|w_knight|white_sq
adj_wK_bK_083,q6,1,"[[7, 6], [3, 2]]",8,8,b_rook|black_sq|white_sq|b_queen|white_sq|b_bishop|b_knight|black_sq/black_sq|white_sq|b_pawn|b_bishop|b_pawn|b_pawn|b_pawn|white_sq/white_sq|black_sq|white_sq|black_sq|white_sq|black_sq|white_sq|black_sq/black_sq|white_sq|b_king|w_pawn|black_sq|white_sq|b_pawn|white_sq/white_sq|b_pawn|white_sq|black_sq|white_sq|black_sq|white_sq|black_sq/black_sq|white_sq|black_sq|w_bishop|black_sq|w_pawn|b_rook|white_sq/w_pawn|black_sq|w_pawn|w_pawn|white_sq|b_knight|w_pawn|w_pawn/black_sq|white_sq|w_rook|w_queen|black_sq|white_sq|w_king|w_rook
adj_wK_bK_084,q6,0,"[[2, 6], [2, 5]]",8,8,white_sq|b_knight|b_bishop|b_queen|b_rook|black_sq|white_sq|black_sq/b_rook|b_pawn|black_sq|b_pawn|black_sq|white_sq|b_bishop|b_pawn/white_sq|black_sq|white_sq|b_pawn|white_sq|b_king|w_king|black_sq/black_sq|white_sq|black_sq|w_pawn|b_pawn|w_pawn|black_sq|white_sq/b_pawn|black_sq|white_sq|black_sq|white_sq|w_pawn|white_sq|black_sq/w_knight|w_pawn|black_sq|white_sq|black_sq|white_sq|black_sq|white_sq/w_pawn|black_sq|w_pawn|black_sq|w_queen|black_sq|white_sq|w_pawn/black_sq|white_sq|w_rook|white_sq|black_sq|w_bishop|w_knight|w_rook
adj_wK_bK_085,q6,0,"[[5, 4], [6, 5]]",8,8,white_sq|black_sq|b_bishop|b_queen|white_sq|black_sq|white_sq|black_sq/b_pawn|white_sq|b_rook|white_sq|black_sq|white_sq|b_rook|white_sq/white_sq|black_sq|white_sq|black_sq|b_pawn|black_sq|b_pawn|b_bishop/w_pawn|b_pawn|black_sq|b_pawn|black_sq|white_sq|b_pawn|white_sq/white_sq|black_sq|w_bishop|black_sq|white_sq|w_pawn|w_queen|black_sq/black_sq|w_pawn|b_pawn|white_sq|w_king|white_sq|w_bishop|w_pawn/w_rook|black_sq|w_pawn|black_sq|white_sq|b_king|white_sq|black_sq/black_sq|white_sq|w_knight|white_sq|black_sq|w_rook|black_sq|white_sq
adj_wK_bK_086,q6,0,"[[0, 2], [1, 1]]",8,8,white_sq|black_sq|w_king|black_sq|white_sq|black_sq|b_rook|black_sq/black_sq|b_king|b_rook|white_sq|black_sq|white_sq|b_pawn|white_sq/white_sq|black_sq|white_sq|black_sq|b_knight|black_sq|b_pawn|black_sq/b_pawn|b_bishop|b_pawn|b_pawn|w_pawn|white_sq|black_sq|white_sq/white_sq|b_pawn|w_pawn|w_pawn|white_sq|w_bishop|white_sq|black_sq/black_sq|white_sq|black_sq|white_sq|black_sq|w_pawn|black_sq|white_sq/w_pawn|w_pawn|white_sq|black_sq|white_sq|w_pawn|w_rook|w_pawn/black_sq|white_sq|w_rook|white_sq|black_sq|white_sq|black_sq|white_sq
adj_wK_bK_087,q6,0,"[[3, 4], [4, 4]]",8,8,b_rook|b_knight|white_sq|b_queen|white_sq|b_bishop|b_rook|black_sq/b_pawn|b_pawn|b_pawn|b_knight|b_pawn|white_sq|black_sq|b_pawn/white_sq|black_sq|white_sq|black_sq|white_sq|b_pawn|white_sq|black_sq/black_sq|white_sq|black_sq|white_sq|w_king|b_bishop|b_pawn|white_sq/white_sq|black_sq|b_pawn|w_pawn|b_king|black_sq|white_sq|black_sq/w_pawn|w_pawn|w_queen|white_sq|black_sq|white_sq|w_pawn|w_knight/white_sq|black_sq|white_sq|black_sq|w_pawn|w_pawn|w_bishop|w_pawn/w_rook|w_knight|w_bishop|white_sq|black_sq|white_sq|black_sq|w_rook
adj_wK_bK_088,q6,0,"[[2, 5], [3, 5]]",8,8,white_sq|black_sq|white_sq|b_queen|white_sq|black_sq|white_sq|b_rook/b_rook|w_queen|black_sq|white_sq|black_sq|b_pawn|b_bishop|b_pawn/white_sq|b_pawn|white_sq|black_sq|white_sq|w_king|white_sq|black_sq/black_sq|w_pawn|black_sq|b_pawn|b_pawn|b_king|black_sq|white_sq/white_sq|black_sq|white_sq|black_sq|white_sq|b_knight|b_pawn|w_pawn/w_rook|white_sq|black_sq|b_bishop|w_pawn|w_pawn|w_pawn|white_sq/white_sq|w_pawn|white_sq|black_sq|white_sq|black_sq|white_sq|black_sq/black_sq|w_knight|w_bishop|white_sq|black_sq|w_bishop|black_sq|w_rook
adj_wK_bK_089,q6,0,"[[1, 3], [2, 4]]",8,8,b_rook|black_sq|b_bishop|b_queen|white_sq|b_bishop|white_sq|b_rook/black_sq|b_pawn|black_sq|w_king|black_sq|b_pawn|black_sq|b_pawn/white_sq|black_sq|b_knight|black_sq|b_king|b_knight|white_sq|black_sq/b_pawn|white_sq|b_pawn|b_pawn|b_pawn|w_pawn|b_pawn|white_sq/w_pawn|black_sq|white_sq|black_sq|white_sq|black_sq|w_pawn|black_sq/black_sq|white_sq|black_sq|white_sq|black_sq|white_sq|black_sq|w_bishop/white_sq|w_pawn|w_pawn|w_pawn|w_pawn|black_sq|white_sq|w_pawn/w_rook|w_knight|w_bishop|w_queen|black_sq|white_sq|w_knight|w_rook
adj_wK_bK_090,q6,1,"[[0, 6], [4, 6]]",8,8,white_sq|black_sq|white_sq|b_rook|white_sq|b_rook|w_king|black_sq/b_knight|white_sq|b_pawn|white_sq|black_sq|white_sq|black_sq|b_pawn/white_sq|black_sq|white_sq|black_sq|white_sq|b_pawn|white_sq|b_knight/b_pawn|white_sq|w_pawn|white_sq|b_pawn|w_pawn|black_sq|white_sq/w_pawn|black_sq|white_sq|w_pawn|w_pawn|black_sq|b_king|w_pawn/black_sq|white_sq|b_pawn|white_sq|black_sq|white_sq|w_pawn|w_bishop/w_rook|black_sq|white_sq|black_sq|white_sq|w_queen|white_sq|black_sq/black_sq|b_queen|w_bishop|white_sq|black_sq|w_rook|black_sq|white_sq
adj_wK_bK_091,q6,0,"[[5, 1], [4, 2]]",8,8,white_sq|black_sq|b_rook|black_sq|white_sq|b_bishop|white_sq|black_sq/b_pawn|b_pawn|b_pawn|white_sq|black_sq|b_pawn|black_sq|b_rook/b_knight|black_sq|white_sq|b_pawn|white_sq|black_sq|b_pawn|b_pawn/black_sq|white_sq|black_sq|b_pawn|black_sq|w_pawn|black_sq|b_knight/white_sq|w_pawn|b_king|black_sq|white_sq|black_sq|b_bishop|w_pawn/w_pawn|w_king|black_sq|white_sq|black_sq|w_pawn|w_pawn|white_sq/white_sq|w_bishop|w_pawn|w_pawn|white_sq|black_sq|white_sq|black_sq/black_sq|w_rook|black_sq|w_queen|black_sq|w_bishop|w_knight|w_rook
adj_wK_bK_092,q6,0,"[[2, 2], [3, 1]]",8,8,b_rook|b_knight|b_bishop|black_sq|white_sq|b_bishop|b_knight|black_sq/black_sq|b_pawn|b_pawn|white_sq|b_pawn|b_pawn|b_rook|white_sq/b_pawn|black_sq|w_king|b_queen|white_sq|black_sq|b_pawn|b_pawn/black_sq|b_king|black_sq|white_sq|black_sq|white_sq|black_sq|white_sq/w_pawn|black_sq|white_sq|black_sq|white_sq|w_pawn|w_pawn|w_pawn/black_sq|white_sq|black_sq|w_pawn|w_knight|white_sq|black_sq|white_sq/white_sq|w_pawn|w_pawn|black_sq|w_pawn|black_sq|white_sq|black_sq/w_rook|w_knight|w_bishop|w_queen|black_sq|w_bishop|black_sq|w_rook
adj_wK_bK_093,q6,0,"[[2, 4], [1, 5]]",8,8,b_rook|black_sq|b_bishop|b_queen|white_sq|b_bishop|b_knight|b_rook/b_pawn|white_sq|b_pawn|b_pawn|b_pawn|b_king|black_sq|white_sq/white_sq|black_sq|white_sq|black_sq|w_king|black_sq|b_pawn|b_pawn/black_sq|b_pawn|black_sq|white_sq|black_sq|b_pawn|black_sq|white_sq/white_sq|black_sq|white_sq|black_sq|white_sq|w_pawn|white_sq|black_sq/black_sq|white_sq|black_sq|b_knight|black_sq|white_sq|w_pawn|w_pawn/w_pawn|black_sq|w_pawn|w_pawn|w_pawn|black_sq|white_sq|black_sq/w_rook|w_knight|w_bishop|w_queen|black_sq|w_bishop|w_knight|w_rook
adj_wK_bK_094,q6,0,"[[2, 1], [2, 2]]",8,8,b_rook|b_knight|b_bishop|b_queen|white_sq|b_bishop|white_sq|b_rook/b_pawn|b_pawn|b_pawn|b_pawn|black_sq|b_pawn|black_sq|b_pawn/white_sq|w_king|b_king|black_sq|white_sq|b_knight|white_sq|black_sq/black_sq|white_sq|black_sq|white_sq|b_pawn|white_sq|b_pawn|white_sq/white_sq|w_pawn|white_sq|black_sq|white_sq|black_sq|white_sq|black_sq/black_sq|white_sq|black_sq|white_sq|w_pawn|w_pawn|black_sq|white_sq/w_pawn|black_sq|w_pawn|w_pawn|w_queen|black_sq|w_pawn|w_pawn/w_rook|w_knight|w_bishop|white_sq|black_sq|w_bishop|w_knight|w_rook
adj_wK_bK_095,q6,1,"[[4, 2], [6, 1]]",8,8,b_rook|b_knight|b_bishop|b_queen|white_sq|b_bishop|white_sq|b_rook/b_pawn|b_pawn|b_pawn|b_pawn|black_sq|b_pawn|black_sq|b_pawn/white_sq|black_sq|white_sq|black_sq|white_sq|b_knight|white_sq|black_sq/black_sq|white_sq|black_sq|white_sq|b_pawn|white_sq|b_pawn|white_sq/white_sq|w_pawn|w_king|black_sq|white_sq|black_sq|white_sq|black_sq/black_sq|white_sq|black_sq|white_sq|w_pawn|w_pawn|black_sq|white_sq/w_pawn|b_king|w_pawn|w_pawn|w_queen|black_sq|w_pawn|w_pawn/w_rook|w_knight|w_bishop|white_sq|black_sq|w_bishop|w_knight|w_rook
adj_wK_bK_096,q6,0,"[[3, 6], [4, 5]]",8,8,white_sq|black_sq|white_sq|black_sq|white_sq|black_sq|b_knight|b_rook/black_sq|white_sq|black_sq|white_sq|black_sq|white_sq|black_sq|white_sq/b_pawn|b_queen|white_sq|b_rook|b_pawn|black_sq|white_sq|b_pawn/black_sq|white_sq|b_pawn|white_sq|black_sq|w_bishop|w_king|white_sq/white_sq|black_sq|w_pawn|black_sq|white_sq|b_king|white_sq|black_sq/black_sq|w_queen|w_knight|white_sq|black_sq|w_knight|w_pawn|white_sq/white_sq|w_pawn|white_sq|w_pawn|w_pawn|w_pawn|white_sq|black_sq/black_sq|white_sq|w_bishop|white_sq|black_sq|white_sq|w_rook|white_sq
adj_wK_bK_097,q6,0,"[[2, 2], [1, 1]]",8,8,white_sq|black_sq|white_sq|black_sq|white_sq|black_sq|white_sq|b_rook/black_sq|b_king|black_sq|b_rook|black_sq|white_sq|b_bishop|b_pawn/b_bishop|b_pawn|w_king|black_sq|b_pawn|b_knight|white_sq|black_sq/w_bishop|w_bishop|black_sq|b_pawn|w_pawn|b_pawn|b_knight|white_sq/w_pawn|w_queen|white_sq|w_pawn|w_pawn|black_sq|b_pawn|black_sq/black_sq|white_sq|w_pawn|white_sq|black_sq|white_sq|w_pawn|w_pawn/white_sq|black_sq|white_sq|black_sq|white_sq|black_sq|white_sq|black_sq/w_rook|w_knight|black_sq|white_sq|black_sq|white_sq|w_knight|w_rook
adj_wK_bK_098,q6,0,"[[1, 4], [1, 3]]",8,8,white_sq|b_knight|b_bishop|black_sq|b_queen|black_sq|white_sq|b_rook/black_sq|b_pawn|b_pawn|b_king|w_king|white_sq|b_pawn|b_pawn/white_sq|black_sq|b_rook|b_bishop|w_knight|black_sq|white_sq|b_knight/black_sq|w_knight|black_sq|white_sq|black_sq|b_pawn|black_sq|white_sq/b_pawn|black_sq|white_sq|black_sq|w_pawn|black_sq|white_sq|black_sq/black_sq|white_sq|black_sq|w_pawn|w_bishop|white_sq|black_sq|w_pawn/w_pawn|w_pawn|w_queen|black_sq|white_sq|w_pawn|w_pawn|black_sq/w_rook|white_sq|black_sq|white_sq|black_sq|w_bishop|black_sq|w_rook
adj_wK_bK_099,q6,0,"[[6, 5], [5, 4]]",8,8,white_sq|black_sq|b_bishop|black_sq|white_sq|b_bishop|b_knight|black_sq/b_rook|white_sq|b_pawn|b_pawn|black_sq|b_queen|b_pawn|b_rook/white_sq|black_sq|b_knight|black_sq|b_pawn|b_pawn|white_sq|black_sq/b_pawn|b_pawn|black_sq|white_sq|black_sq|white_sq|w_bishop|b_pawn/white_sq|black_sq|white_sq|w_pawn|white_sq|black_sq|white_sq|w_pawn/black_sq|white_sq|black_sq|w_queen|b_king|w_pawn|black_sq|white_sq/w_pawn|w_pawn|w_pawn|black_sq|w_pawn|w_king|w_pawn|black_sq/w_rook|w_knight|black_sq|white_sq|black_sq|w_bishop|w_knight|w_rook
queen_line_000,q7,1,"[[4, 2]]",8,8,b_rook|black_sq|b_bishop|b_queen|white_sq|b_bishop|b_knight|b_rook/b_pawn|b_pawn|b_pawn|b_pawn|b_pawn|white_sq|b_pawn|white_sq/white_sq|black_sq|b_knight|black_sq|white_sq|black_sq|b_king|black_sq/black_sq|white_sq|black_sq|white_sq|black_sq|b_pawn|black_sq|b_pawn/white_sq|black_sq|w_queen|w_pawn|white_sq|black_sq|white_sq|black_sq/w_pawn|white_sq|w_pawn|white_sq|black_sq|white_sq|black_sq|white_sq/white_sq|w_pawn|white_sq|black_sq|w_pawn|w_pawn|w_pawn|w_pawn/w_rook|w_knight|w_bishop|white_sq|w_king|w_bishop|w_knight|w_rook
queen_line_001,q7,0,"[[4, 6]]",8,8,b_rook|b_knight|b_bishop|b_queen|white_sq|black_sq|b_knight|b_rook/b_pawn|b_pawn|b_pawn|b_pawn|black_sq|white_sq|b_pawn|b_pawn/white_sq|black_sq|white_sq|black_sq|b_pawn|b_pawn|white_sq|black_sq/black_sq|white_sq|b_bishop|white_sq|black_sq|white_sq|black_sq|white_sq/w_pawn|black_sq|white_sq|black_sq|white_sq|black_sq|w_queen|black_sq/black_sq|white_sq|black_sq|w_rook|w_pawn|white_sq|b_king|white_sq/white_sq|w_pawn|w_pawn|w_pawn|white_sq|w_pawn|w_pawn|w_pawn/black_sq|w_knight|w_bishop|white_sq|w_king|w_bishop|w_knight|w_rook
queen_line_002,q7,1,"[[6, 1]]",8,8,b_rook|b_knight|b_bishop|b_queen|white_sq|b_bishop|white_sq|b_rook/b_pawn|b_pawn|b_pawn|b_pawn|black_sq|b_pawn|black_sq|b_pawn/white_sq|black_sq|white_sq|black_sq|white_sq|b_knight|white_sq|black_sq/black_sq|white_sq|black_sq|white_sq|b_pawn|b_king|b_pawn|white_sq/white_sq|w_pawn|white_sq|black_sq|white_sq|black_sq|white_sq|black_sq/black_sq|white_sq|black_sq|white_sq|w_pawn|w_pawn|black_sq|white_sq/w_pawn|w_queen|w_pawn|w_pawn|white_sq|black_sq|w_pawn|w_pawn/w_rook|w_knight|w_bishop|white_sq|w_king|w_bishop|w_knight|w_rook
queen_line_003,q7,1,"[[7, 5]]",8,8,white_sq|b_knight|white_sq|black_sq|white_sq|black_sq|white_sq|b_rook/b_pawn|white_sq|black_sq|white_sq|b_rook|white_sq|b_king|white_sq/w_rook|w_pawn|white_sq|black_sq|b_pawn|b_bishop|white_sq|b_pawn/black_sq|white_sq|b_pawn|white_sq|black_sq|w_pawn|b_pawn|white_sq/white_sq|black_sq|w_pawn|b_pawn|w_pawn|black_sq|white_sq|black_sq/black_sq|w_pawn|black_sq|w_pawn|black_sq|white_sq|b_knight|white_sq/white_sq|black_sq|white_sq|black_sq|white_sq|w_knight|w_pawn|black_sq/black_sq|white_sq|w_bishop|white_sq|w_king|w_queen|w_knight|white_sq
queen_line_004,q7,0,"[[2, 4]]",8,8,b_rook|b_knight|b_bishop|b_queen|white_sq|b_bishop|b_knight|b_rook/black_sq|b_pawn|b_pawn|b_pawn|b_pawn|b_pawn|b_pawn|b_pawn/white_sq|black_sq|white_sq|black_sq|w_queen|black_sq|white_sq|b_king/b_pawn|white_sq|black_sq|white_sq|black_sq|white_sq|black_sq|white_sq/white_sq|black_sq|white_sq|black_sq|white_sq|black_sq|white_sq|black_sq/black_sq|white_sq|black_sq|white_sq|black_sq|white_sq|black_sq|w_pawn/w_pawn|w_pawn|w_pawn|w_pawn|w_pawn|w_pawn|w_pawn|black_sq/w_rook|w_knight|w_bishop|white_sq|w_king|w_bishop|w_knight|w_rook
queen_line_005,q7,0,"[[0, 5]]",8,8,b_rook|black_sq|b_bishop|b_queen|b_king|w_queen|white_sq|black_sq/black_sq|white_sq|w_bishop|b_pawn|black_sq|white_sq|black_sq|white_sq/b_pawn|black_sq|b_pawn|black_sq|white_sq|b_pawn|white_sq|black_sq/black_sq|b_pawn|b_bishop|white_sq|b_pawn|white_sq|black_sq|b_pawn/white_sq|b_knight|w_pawn|w_pawn|w_pawn|black_sq|white_sq|w_pawn/w_pawn|white_sq|black_sq|white_sq|black_sq|w_bishop|b_rook|white_sq/white_sq|w_pawn|white_sq|black_sq|w_king|w_pawn|white_sq|black_sq/w_rook|white_sq|black_sq|w_knight|black_sq|white_sq|w_knight|w_rook
queen_line_006,q7,1,"[[3, 6]]",8,8,white_sq|b_knight|b_bishop|black_sq|white_sq|black_sq|white_sq|b_rook/black_sq|b_pawn|b_pawn|white_sq|black_sq|white_sq|b_pawn|b_king/b_rook|black_sq|white_sq|b_pawn|b_pawn|black_sq|white_sq|b_pawn/black_sq|white_sq|black_sq|white_sq|black_sq|b_pawn|w_queen|white_sq/white_sq|b_bishop|w_knight|w_pawn|w_pawn|w_pawn|b_knight|black_sq/b_pawn|w_pawn|black_sq|white_sq|black_sq|white_sq|w_pawn|white_sq/w_pawn|black_sq|w_pawn|black_sq|w_bishop|black_sq|white_sq|b_queen/w_rook|white_sq|w_bishop|white_sq|black_sq|w_rook|w_king|white_sq
queen_line_007,q7,0,"[[4, 1]]",8,8,b_rook|b_knight|b_bishop|black_sq|white_sq|b_king|white_sq|b_rook/b_pawn|b_pawn|black_sq|b_pawn|black_sq|w_bishop|black_sq|white_sq/white_sq|black_sq|b_pawn|black_sq|white_sq|b_pawn|b_pawn|black_sq/black_sq|white_sq|b_bishop|white_sq|b_pawn|white_sq|black_sq|b_pawn/white_sq|w_queen|white_sq|black_sq|white_sq|black_sq|white_sq|black_sq/w_pawn|white_sq|w_pawn|b_queen|black_sq|w_knight|w_pawn|white_sq/white_sq|w_pawn|white_sq|w_pawn|w_pawn|w_pawn|white_sq|w_pawn/w_rook|w_knight|w_bishop|white_sq|w_king|white_sq|w_rook|white_sq
queen_line_008,q7,0,"[[3, 2]]",8,8,white_sq|black_sq|white_sq|black_sq|white_sq|black_sq|white_sq|black_sq/black_sq|white_sq|black_sq|white_sq|black_sq|white_sq|b_pawn|white_sq/white_sq|black_sq|white_sq|b_pawn|white_sq|black_sq|white_sq|black_sq/black_sq|white_sq|w_queen|white_sq|w_knight|white_sq|b_king|white_sq/white_sq|black_sq|white_sq|w_pawn|white_sq|b_queen|w_bishop|w_pawn/black_sq|white_sq|b_knight|white_sq|black_sq|w_pawn|black_sq|white_sq/b_rook|black_sq|w_rook|w_pawn|white_sq|w_bishop|white_sq|w_rook/black_sq|white_sq|black_sq|white_sq|w_king|white_sq|black_sq|white_sq
queen_line_009,q7,1,"[[7, 1]]",8,8,white_sq|black_sq|white_sq|black_sq|white_sq|black_sq|white_sq|black_sq/black_sq|white_sq|black_sq|white_sq|b_pawn|white_sq|black_sq|white_sq/white_sq|b_pawn|white_sq|black_sq|b_king|b_pawn|white_sq|black_sq/b_pawn|white_sq|black_sq|w_bishop|w_knight|white_sq|black_sq|white_sq/w_pawn|black_sq|white_sq|black_sq|w_pawn|b_bishop|b_rook|black_sq/black_sq|white_sq|black_sq|white_sq|b_queen|white_sq|black_sq|w_pawn/white_sq|black_sq|white_sq|black_sq|white_sq|black_sq|white_sq|black_sq/black_sq|w_queen|w_rook|white_sq|black_sq|b_bishop|black_sq|w_king
queen_line_010,q7,1,"[[6, 5]]",8,8,b_rook|b_knight|b_bishop|b_queen|white_sq|b_bishop|white_sq|b_rook/black_sq|b_pawn|b_pawn|b_knight|black_sq|b_pawn|b_pawn|b_pawn/b_pawn|black_sq|white_sq|black_sq|b_pawn|black_sq|white_sq|black_sq/black_sq|white_sq|black_sq|b_pawn|b_king|white_sq|black_sq|white_sq/white_sq|black_sq|white_sq|black_sq|white_sq|w_pawn|w_pawn|black_sq/w_pawn|w_pawn|w_pawn|white_sq|black_sq|white_sq|black_sq|w_knight/white_sq|black_sq|white_sq|w_pawn|w_pawn|w_queen|white_sq|w_pawn/w_rook|w_knight|w_bishop|white_sq|w_king|w_bishop|black_sq|w_rook
queen_line_011,q7,0,"[[4, 2]]",8,8,white_sq|black_sq|b_bishop|black_sq|white_sq|b_rook|white_sq|black_sq/b_rook|white_sq|black_sq|white_sq|black_sq|white_sq|b_pawn|white_sq/b_knight|black_sq|white_sq|black_sq|white_sq|b_pawn|b_knight|black_sq/b_pawn|white_sq|black_sq|white_sq|b_pawn|white_sq|black_sq|white_sq/b_pawn|black_sq|w_queen|black_sq|w_pawn|black_sq|white_sq|black_sq/black_sq|white_sq|w_pawn|white_sq|black_sq|w_pawn|w_pawn|white_sq/white_sq|black_sq|w_king|w_bishop|b_king|black_sq|w_bishop|w_rook/w_rook|w_knight|black_sq|white_sq|black_sq|white_sq|black_sq|white_sq
queen_line_012,q7,1,"[[2, 0]]",8,8,white_sq|b_king|white_sq|b_queen|white_sq|b_bishop|b_knight|b_rook/b_rook|white_sq|black_sq|white_sq|black_sq|white_sq|black_sq|b_pawn/w_queen|black_sq|white_sq|black_sq|white_sq|black_sq|b_pawn|black_sq/b_pawn|white_sq|black_sq|white_sq|b_pawn|b_bishop|black_sq|white_sq/w_knight|b_knight|white_sq|w_pawn|white_sq|b_pawn|w_pawn|black_sq/black_sq|white_sq|w_pawn|white_sq|black_sq|w_pawn|black_sq|w_pawn/w_pawn|black_sq|white_sq|black_sq|w_pawn|black_sq|white_sq|black_sq/w_rook|white_sq|w_bishop|white_sq|w_king|w_bishop|w_knight|w_rook
queen_line_013,q7,0,"[[4, 3]]",8,8,white_sq|b_knight|b_bishop|b_queen|white_sq|b_bishop|b_rook|black_sq/b_rook|white_sq|b_pawn|b_king|black_sq|white_sq|b_pawn|b_pawn/white_sq|black_sq|white_sq|black_sq|b_pawn|black_sq|white_sq|black_sq/b_pawn|white_sq|black_sq|b_pawn|black_sq|b_pawn|b_knight|white_sq/w_pawn|black_sq|white_sq|w_queen|white_sq|w_knight|white_sq|black_sq/black_sq|white_sq|w_pawn|w_pawn|w_pawn|w_pawn|black_sq|white_sq/white_sq|w_pawn|white_sq|black_sq|white_sq|black_sq|w_pawn|w_pawn/w_rook|w_knight|black_sq|white_sq|w_king|w_bishop|w_rook|white_sq
queen_line_014,q7,0,"[[5, 2]]",8,8,white_sq|b_knight|b_bishop|b_queen|b_rook|black_sq|white_sq|black_sq/b_rook|b_pawn|black_sq|b_pawn|black_sq|white_sq|b_bishop|b_pawn/white_sq|black_sq|white_sq|b_pawn|white_sq|black_sq|white_sq|black_sq/black_sq|white_sq|black_sq|w_pawn|b_pawn|w_pawn|black_sq|white_sq/b_pawn|b_king|white_sq|black_sq|white_sq|w_pawn|white_sq|black_sq/w_knight|w_pawn|w_queen|white_sq|black_sq|white_sq|black_sq|white_sq/w_pawn|black_sq|w_pawn|w_king|white_sq|black_sq|white_sq|w_pawn/black_sq|white_sq|w_rook|white_sq|black_sq|w_bishop|w_knight|w_rook
queen_line_015,q7,1,"[[3, 0]]",8,8,b_rook|b_knight|b_bishop|b_queen|white_sq|black_sq|b_knight|b_rook/black_sq|white_sq|w_bishop|b_pawn|b_pawn|b_pawn|black_sq|white_sq/b_pawn|black_sq|white_sq|black_sq|white_sq|b_king|b_pawn|black_sq/w_queen|w_knight|black_sq|white_sq|black_sq|white_sq|black_sq|b_pawn/white_sq|black_sq|white_sq|black_sq|w_pawn|black_sq|w_pawn|black_sq/w_pawn|white_sq|black_sq|white_sq|black_sq|white_sq|black_sq|w_pawn/white_sq|black_sq|w_pawn|w_pawn|b_knight|w_pawn|w_bishop|w_rook/black_sq|white_sq|black_sq|white_sq|black_sq|w_king|black_sq|white_sq
queen_line_016,q7,0,"[[6, 0]]",8,8,white_sq|b_knight|white_sq|black_sq|white_sq|black_sq|white_sq|black_sq/black_sq|white_sq|black_sq|white_sq|b_bishop|b_pawn|b_rook|white_sq/w_pawn|black_sq|white_sq|black_sq|white_sq|b_knight|white_sq|b_pawn/b_pawn|white_sq|black_sq|w_knight|w_pawn|white_sq|w_pawn|white_sq/w_pawn|black_sq|b_pawn|b_pawn|white_sq|black_sq|white_sq|black_sq/black_sq|white_sq|w_pawn|white_sq|black_sq|b_queen|black_sq|b_bishop/w_queen|black_sq|white_sq|b_king|w_king|black_sq|white_sq|w_pawn/w_bishop|white_sq|black_sq|w_rook|black_sq|w_bishop|black_sq|w_rook
queen_line_017,q7,1,"[[5, 5]]",8,8,white_sq|black_sq|b_bishop|black_sq|white_sq|b_bishop|white_sq|b_rook/b_pawn|b_rook|b_pawn|b_knight|black_sq|b_pawn|b_pawn|b_pawn/white_sq|black_sq|white_sq|b_pawn|white_sq|black_sq|white_sq|black_sq/black_sq|w_knight|black_sq|white_sq|b_pawn|white_sq|black_sq|white_sq/w_pawn|w_pawn|w_pawn|black_sq|white_sq|b_knight|white_sq|black_sq/w_rook|white_sq|w_king|b_queen|black_sq|w_queen|black_sq|w_pawn/white_sq|w_bishop|white_sq|black_sq|white_sq|w_pawn|white_sq|w_rook/black_sq|white_sq|b_king|white_sq|black_sq|white_sq|black_sq|white_sq
queen_line_018,q7,1,"[[3, 4]]",8,8,white_sq|b_knight|b_bishop|b_queen|white_sq|b_bishop|b_rook|black_sq/b_rook|white_sq|b_pawn|white_sq|black_sq|white_sq|b_pawn|b_pawn/white_sq|black_sq|white_sq|black_sq|b_pawn|black_sq|white_sq|b_king/b_pawn|white_sq|black_sq|b_pawn|w_queen|b_pawn|b_knight|white_sq/w_pawn|black_sq|white_sq|black_sq|white_sq|w_knight|white_sq|black_sq/black_sq|white_sq|w_pawn|w_pawn|w_pawn|w_pawn|black_sq|white_sq/white_sq|w_pawn|white_sq|black_sq|white_sq|black_sq|w_pawn|w_pawn/w_rook|w_knight|black_sq|white_sq|w_king|w_bishop|w_rook|white_sq
queen_line_019,q7,1,"[[2, 7]]",8,8,white_sq|b_knight|b_king|black_sq|white_sq|black_sq|b_knight|b_rook/b_rook|white_sq|b_pawn|white_sq|black_sq|b_pawn|b_bishop|b_queen/white_sq|black_sq|white_sq|black_sq|white_sq|black_sq|white_sq|w_queen/black_sq|w_knight|black_sq|white_sq|w_pawn|white_sq|b_pawn|white_sq/white_sq|black_sq|b_pawn|black_sq|w_pawn|black_sq|w_pawn|b_pawn/b_pawn|white_sq|black_sq|w_bishop|black_sq|white_sq|black_sq|white_sq/w_pawn|w_pawn|white_sq|w_bishop|white_sq|w_pawn|white_sq|w_pawn/black_sq|w_king|black_sq|w_rook|black_sq|white_sq|w_knight|w_rook
queen_line_020,q7,0,"[[5, 5]]",8,8,white_sq|w_bishop|b_rook|black_sq|white_sq|black_sq|white_sq|black_sq/b_bishop|white_sq|black_sq|white_sq|black_sq|white_sq|black_sq|white_sq/b_bishop|black_sq|b_king|black_sq|white_sq|black_sq|b_pawn|black_sq/black_sq|white_sq|black_sq|w_pawn|black_sq|b_pawn|black_sq|b_pawn/white_sq|w_knight|w_rook|black_sq|white_sq|black_sq|white_sq|w_pawn/black_sq|w_pawn|w_knight|white_sq|black_sq|w_queen|w_pawn|w_rook/white_sq|black_sq|white_sq|black_sq|w_pawn|black_sq|white_sq|black_sq/black_sq|white_sq|w_king|white_sq|black_sq|w_bishop|black_sq|white_sq
queen_line_021,q7,1,"[[7, 3]]",8,8,b_rook|b_knight|b_bishop|b_queen|white_sq|b_bishop|b_knight|b_rook/black_sq|b_pawn|b_pawn|b_pawn|b_pawn|b_pawn|b_pawn|b_pawn/white_sq|black_sq|white_sq|black_sq|white_sq|b_king|white_sq|black_sq/b_pawn|white_sq|black_sq|white_sq|black_sq|white_sq|black_sq|white_sq/white_sq|black_sq|white_sq|black_sq|white_sq|black_sq|white_sq|black_sq/black_sq|white_sq|black_sq|white_sq|black_sq|white_sq|black_sq|w_pawn/w_pawn|w_pawn|w_pawn|w_pawn|w_pawn|w_pawn|w_pawn|black_sq/w_rook|w_knight|w_bishop|w_queen|w_king|w_bishop|w_knight|w_rook
queen_line_022,q7,1,"[[4, 1]]",8,8,b_rook|black_sq|b_bishop|b_queen|white_sq|b_bishop|b_knight|b_rook/b_pawn|b_pawn|b_pawn|b_pawn|b_pawn|white_sq|b_pawn|white_sq/white_sq|black_sq|b_knight|black_sq|white_sq|black_sq|white_sq|b_king/black_sq|white_sq|black_sq|white_sq|black_sq|b_pawn|black_sq|b_pawn/white_sq|w_queen|white_sq|w_pawn|white_sq|black_sq|white_sq|black_sq/w_pawn|white_sq|w_pawn|white_sq|black_sq|white_sq|black_sq|white_sq/white_sq|w_pawn|white_sq|black_sq|w_pawn|w_pawn|w_pawn|w_pawn/w_rook|w_knight|w_bishop|white_sq|w_king|w_bishop|w_knight|w_rook
queen_line_023,q7,0,"[[0, 2]]",8,8,white_sq|b_rook|w_queen|b_king|white_sq|black_sq|b_rook|black_sq/black_sq|white_sq|black_sq|white_sq|b_pawn|white_sq|black_sq|b_pawn/white_sq|black_sq|white_sq|black_sq|b_knight|black_sq|b_bishop|black_sq/b_pawn|white_sq|black_sq|white_sq|black_sq|b_pawn|b_bishop|white_sq/white_sq|w_bishop|white_sq|black_sq|white_sq|black_sq|white_sq|b_pawn/black_sq|white_sq|black_sq|white_sq|black_sq|white_sq|black_sq|w_knight/w_pawn|black_sq|white_sq|black_sq|white_sq|black_sq|white_sq|w_rook/w_rook|white_sq|black_sq|w_knight|black_sq|w_king|black_sq|white_sq
queen_line_024,q7,1,"[[1, 5]]",8,8,white_sq|b_rook|b_bishop|black_sq|white_sq|b_rook|white_sq|black_sq/black_sq|b_pawn|black_sq|white_sq|black_sq|w_queen|b_pawn|b_pawn/white_sq|w_rook|white_sq|b_bishop|white_sq|b_pawn|white_sq|black_sq/b_pawn|white_sq|b_pawn|w_pawn|b_pawn|white_sq|black_sq|white_sq/b_king|black_sq|white_sq|black_sq|w_pawn|w_knight|white_sq|w_pawn/w_pawn|white_sq|black_sq|white_sq|black_sq|white_sq|b_knight|white_sq/white_sq|black_sq|white_sq|w_pawn|white_sq|w_pawn|w_pawn|w_rook/black_sq|w_knight|w_bishop|white_sq|w_king|white_sq|black_sq|white_sq
queen_line_025,q7,1,"[[0, 7]]",8,8,b_rook|black_sq|b_bishop|b_queen|white_sq|black_sq|white_sq|w_queen/black_sq|white_sq|w_bishop|b_pawn|black_sq|white_sq|black_sq|white_sq/b_pawn|black_sq|b_pawn|black_sq|white_sq|b_pawn|white_sq|black_sq/black_sq|b_pawn|b_bishop|white_sq|b_pawn|white_sq|b_king|b_pawn/white_sq|b_knight|w_pawn|w_pawn|w_pawn|black_sq|white_sq|w_pawn/w_pawn|white_sq|black_sq|white_sq|black_sq|w_bishop|b_rook|white_sq/white_sq|w_pawn|white_sq|black_sq|w_king|w_pawn|white_sq|black_sq/w_rook|white_sq|black_sq|w_knight|black_sq|white_sq|w_knight|w_rook
queen_line_026,q7,0,"[[1, 5]]",8,8,b_rook|black_sq|b_knight|black_sq|white_sq|black_sq|white_sq|black_sq/b_pawn|w_bishop|black_sq|white_sq|black_sq|w_queen|black_sq|white_sq/white_sq|b_pawn|white_sq|black_sq|white_sq|b_queen|white_sq|b_bishop/black_sq|white_sq|black_sq|white_sq|black_sq|b_bishop|black_sq|b_king/white_sq|black_sq|w_pawn|b_pawn|white_sq|black_sq|white_sq|black_sq/black_sq|white_sq|black_sq|w_pawn|black_sq|white_sq|w_bishop|white_sq/w_rook|w_pawn|white_sq|w_king|w_knight|black_sq|white_sq|black_sq/black_sq|white_sq|black_sq|white_sq|black_sq|white_sq|black_sq|white_sq
queen_line_027,q7,1,"[[2, 7]]",8,8,white_sq|black_sq|white_sq|black_sq|white_sq|b_bishop|b_rook|black_sq/b_pawn|white_sq|b_rook|white_sq|black_sq|white_sq|b_pawn|b_knight/white_sq|black_sq|white_sq|b_pawn|white_sq|b_pawn|b_bishop|w_queen/b_knight|white_sq|black_sq|white_sq|b_king|white_sq|black_sq|b_pawn/w_pawn|w_pawn|w_knight|black_sq|white_sq|w_pawn|white_sq|w_pawn/black_sq|white_sq|w_pawn|white_sq|w_pawn|white_sq|w_pawn|white_sq/w_rook|w_bishop|white_sq|w_knight|white_sq|black_sq|white_sq|black_sq/black_sq|white_sq|black_sq|white_sq|black_sq|white_sq|w_king|white_sq
queen_line_028,q7,1,"[[7, 1]]",8,8,white_sq|b_rook|b_bishop|black_sq|white_sq|black_sq|b_knight|b_rook/black_sq|b_pawn|b_pawn|b_queen|b_pawn|white_sq|w_bishop|white_sq/white_sq|black_sq|white_sq|black_sq|white_sq|black_sq|white_sq|black_sq/black_sq|white_sq|black_sq|b_pawn|w_pawn|b_pawn|b_pawn|w_pawn/b_pawn|black_sq|white_sq|b_king|white_sq|b_knight|white_sq|black_sq/black_sq|white_sq|w_knight|w_pawn|black_sq|w_pawn|w_pawn|w_knight/w_pawn|w_pawn|w_pawn|black_sq|w_bishop|black_sq|white_sq|black_sq/black_sq|w_queen|w_rook|white_sq|black_sq|w_king|black_sq|w_rook
queen_line_029,q7,1,"[[1, 7]]",8,8,white_sq|b_rook|white_sq|black_sq|white_sq|b_bishop|white_sq|b_rook/b_pawn|b_pawn|black_sq|white_sq|black_sq|white_sq|black_sq|w_queen/white_sq|black_sq|b_pawn|black_sq|white_sq|b_queen|b_pawn|b_pawn/b_knight|w_bishop|w_pawn|b_pawn|b_pawn|b_pawn|black_sq|white_sq/w_pawn|black_sq|white_sq|black_sq|w_pawn|w_bishop|b_bishop|black_sq/black_sq|w_knight|black_sq|w_pawn|black_sq|w_pawn|w_king|white_sq/b_knight|w_pawn|white_sq|black_sq|white_sq|black_sq|w_pawn|w_pawn/w_rook|white_sq|b_king|white_sq|black_sq|white_sq|w_knight|w_rook
queen_line_030,q7,1,"[[2, 2]]",8,8,b_rook|black_sq|b_bishop|black_sq|white_sq|b_bishop|b_rook|black_sq/b_pawn|b_pawn|black_sq|b_pawn|black_sq|b_pawn|black_sq|white_sq/b_knight|black_sq|w_queen|black_sq|b_pawn|black_sq|b_pawn|b_pawn/black_sq|white_sq|b_pawn|white_sq|w_pawn|white_sq|black_sq|b_queen/w_knight|black_sq|w_pawn|black_sq|white_sq|black_sq|b_knight|black_sq/w_pawn|white_sq|black_sq|white_sq|b_king|w_king|black_sq|w_knight/white_sq|w_pawn|white_sq|w_pawn|white_sq|w_pawn|w_pawn|w_pawn/w_rook|white_sq|w_bishop|white_sq|black_sq|w_bishop|black_sq|w_rook
queen_line_031,q7,1,"[[7, 2]]",8,8,white_sq|black_sq|b_bishop|black_sq|white_sq|black_sq|white_sq|black_sq/black_sq|white_sq|black_sq|b_knight|black_sq|w_pawn|black_sq|b_king/b_pawn|black_sq|white_sq|black_sq|white_sq|black_sq|white_sq|b_pawn/black_sq|b_rook|w_pawn|white_sq|black_sq|b_queen|w_rook|w_pawn/w_pawn|w_pawn|white_sq|black_sq|white_sq|w_pawn|white_sq|black_sq/black_sq|white_sq|black_sq|w_bishop|w_pawn|white_sq|black_sq|white_sq/white_sq|w_king|white_sq|black_sq|white_sq|black_sq|white_sq|black_sq/w_bishop|white_sq|w_queen|white_sq|black_sq|white_sq|black_sq|white_sq
queen_line_032,q7,0,"[[1, 7]]",8,8,b_rook|black_sq|white_sq|b_queen|white_sq|b_bishop|b_knight|b_rook/black_sq|white_sq|black_sq|b_knight|b_pawn|white_sq|black_sq|w_queen/white_sq|black_sq|w_pawn|w_bishop|white_sq|black_sq|b_pawn|b_pawn/b_pawn|white_sq|black_sq|white_sq|black_sq|b_king|black_sq|white_sq/b_pawn|black_sq|white_sq|black_sq|b_pawn|w_pawn|w_pawn|black_sq/black_sq|white_sq|w_rook|w_pawn|black_sq|b_bishop|black_sq|w_pawn/white_sq|black_sq|w_pawn|black_sq|w_pawn|black_sq|white_sq|black_sq/black_sq|white_sq|black_sq|white_sq|w_king|w_bishop|w_knight|white_sq
queen_line_033,q7,0,"[[6, 5]]",8,8,b_rook|black_sq|white_sq|black_sq|white_sq|b_rook|white_sq|black_sq/black_sq|white_sq|black_sq|white_sq|black_sq|b_pawn|b_bishop|white_sq/b_queen|black_sq|b_pawn|black_sq|b_pawn|black_sq|b_pawn|black_sq/black_sq|b_knight|w_bishop|white_sq|w_pawn|white_sq|w_knight|white_sq/b_pawn|black_sq|white_sq|b_pawn|b_bishop|w_pawn|w_pawn|black_sq/black_sq|white_sq|w_knight|w_pawn|black_sq|white_sq|b_king|white_sq/w_pawn|black_sq|white_sq|black_sq|w_bishop|w_queen|white_sq|w_rook/w_rook|white_sq|black_sq|white_sq|w_king|white_sq|black_sq|white_sq
queen_line_034,q7,1,"[[2, 0]]",8,8,white_sq|b_knight|b_bishop|b_king|white_sq|b_bishop|white_sq|b_rook/black_sq|white_sq|black_sq|white_sq|black_sq|w_knight|black_sq|b_pawn/w_queen|black_sq|white_sq|black_sq|white_sq|black_sq|b_rook|black_sq/b_pawn|white_sq|b_pawn|b_pawn|b_pawn|white_sq|w_bishop|white_sq/w_pawn|black_sq|b_pawn|black_sq|white_sq|black_sq|white_sq|black_sq/black_sq|white_sq|black_sq|w_pawn|black_sq|w_pawn|black_sq|white_sq/w_knight|w_pawn|w_rook|black_sq|b_pawn|black_sq|w_pawn|black_sq/black_sq|white_sq|black_sq|white_sq|w_king|w_bishop|black_sq|w_rook
queen_line_035,q7,0,"[[4, 3]]",8,8,b_rook|b_knight|white_sq|black_sq|white_sq|black_sq|b_rook|black_sq/b_pawn|b_bishop|black_sq|white_sq|black_sq|white_sq|b_queen|b_pawn/white_sq|black_sq|white_sq|black_sq|white_sq|b_knight|w_pawn|b_bishop/w_pawn|white_sq|w_pawn|b_pawn|black_sq|white_sq|black_sq|white_sq/white_sq|black_sq|white_sq|w_queen|white_sq|black_sq|white_sq|black_sq/black_sq|w_pawn|black_sq|w_bishop|w_pawn|w_knight|black_sq|white_sq/white_sq|black_sq|white_sq|w_king|white_sq|w_pawn|white_sq|black_sq/black_sq|white_sq|black_sq|white_sq|w_rook|white_sq|b_king|w_rook
queen_line_036,q7,0,"[[4, 3]]",8,8,b_rook|black_sq|b_bishop|b_queen|white_sq|black_sq|b_knight|b_rook/black_sq|b_pawn|black_sq|b_pawn|b_pawn|white_sq|black_sq|b_pawn/b_pawn|b_king|white_sq|black_sq|white_sq|b_pawn|white_sq|black_sq/black_sq|white_sq|b_pawn|white_sq|black_sq|white_sq|b_pawn|white_sq/white_sq|w_pawn|b_knight|w_queen|white_sq|black_sq|white_sq|w_pawn/w_pawn|white_sq|black_sq|white_sq|black_sq|w_pawn|black_sq|white_sq/white_sq|black_sq|white_sq|black_sq|w_pawn|w_king|w_pawn|black_sq/w_rook|w_knight|black_sq|white_sq|black_sq|w_bishop|w_knight|w_rook
queen_line_037,q7,0,"[[0, 1]]",8,8,b_rook|w_queen|white_sq|black_sq|white_sq|b_bishop|white_sq|black_sq/black_sq|white_sq|black_sq|b_pawn|b_pawn|white_sq|black_sq|b_pawn/b_knight|black_sq|white_sq|b_queen|white_sq|black_sq|white_sq|black_sq/black_sq|b_pawn|black_sq|b_bishop|black_sq|white_sq|w_bishop|white_sq/b_pawn|black_sq|w_knight|black_sq|white_sq|black_sq|white_sq|b_rook/black_sq|b_pawn|black_sq|w_pawn|black_sq|white_sq|black_sq|w_pawn/w_pawn|black_sq|w_pawn|black_sq|white_sq|w_pawn|white_sq|black_sq/black_sq|b_king|black_sq|w_rook|w_king|w_bishop|black_sq|w_rook
queen_line_038,q7,1,"[[3, 7]]",8,8,b_rook|b_knight|white_sq|b_queen|white_sq|b_bishop|b_knight|black_sq/b_pawn|white_sq|black_sq|white_sq|b_pawn|white_sq|b_pawn|b_rook/white_sq|b_pawn|b_bishop|black_sq|white_sq|b_pawn|white_sq|b_pawn/black_sq|white_sq|b_pawn|b_pawn|black_sq|white_sq|black_sq|w_queen/white_sq|w_pawn|white_sq|black_sq|w_pawn|b_king|w_pawn|w_pawn/w_pawn|white_sq|black_sq|white_sq|black_sq|white_sq|w_king|w_knight/white_sq|w_bishop|w_pawn|w_pawn|white_sq|black_sq|white_sq|black_sq/w_rook|w_knight|black_sq|white_sq|black_sq|w_bishop|black_sq|w_rook
queen_line_039,q7,1,"[[7, 6]]",8,8,b_rook|black_sq|b_bishop|black_sq|white_sq|b_bishop|b_knight|b_rook/b_pawn|b_pawn|b_pawn|b_pawn|black_sq|b_pawn|b_pawn|white_sq/b_knight|black_sq|white_sq|b_king|white_sq|black_sq|white_sq|b_pawn/black_sq|white_sq|black_sq|white_sq|b_pawn|white_sq|black_sq|white_sq/white_sq|black_sq|white_sq|black_sq|white_sq|w_knight|white_sq|b_queen/black_sq|white_sq|black_sq|white_sq|black_sq|white_sq|black_sq|white_sq/w_pawn|w_pawn|w_pawn|w_pawn|w_pawn|w_pawn|w_pawn|w_pawn/w_rook|w_knight|w_bishop|white_sq|w_king|w_bishop|w_queen|w_rook
queen_line_040,q7,0,"[[3, 2]]",8,8,white_sq|b_knight|white_sq|b_queen|white_sq|black_sq|white_sq|b_rook/b_rook|b_bishop|b_pawn|b_knight|b_pawn|white_sq|black_sq|white_sq/white_sq|black_sq|white_sq|b_pawn|white_sq|b_pawn|b_pawn|black_sq/black_sq|b_pawn|w_queen|w_pawn|black_sq|white_sq|black_sq|b_pawn/b_pawn|b_king|white_sq|black_sq|white_sq|black_sq|white_sq|w_pawn/black_sq|white_sq|black_sq|white_sq|w_pawn|white_sq|w_pawn|white_sq/w_pawn|w_pawn|w_pawn|w_knight|white_sq|w_pawn|w_bishop|w_rook/w_rook|w_knight|black_sq|white_sq|w_king|white_sq|black_sq|white_sq
queen_line_041,q7,0,"[[2, 7]]",8,8,b_rook|black_sq|b_bishop|b_queen|white_sq|b_bishop|white_sq|b_rook/black_sq|b_pawn|black_sq|white_sq|black_sq|b_pawn|black_sq|b_pawn/white_sq|black_sq|b_knight|black_sq|white_sq|b_knight|white_sq|w_queen/b_pawn|white_sq|b_pawn|b_pawn|b_pawn|w_pawn|b_pawn|white_sq/w_pawn|black_sq|white_sq|black_sq|white_sq|black_sq|w_pawn|black_sq/black_sq|white_sq|black_sq|white_sq|b_king|white_sq|black_sq|w_bishop/white_sq|w_pawn|w_pawn|w_pawn|w_pawn|black_sq|white_sq|w_pawn/w_rook|w_knight|w_bishop|white_sq|black_sq|w_king|w_knight|w_rook
queen_line_042,q7,1,"[[1, 4]]",8,8,white_sq|black_sq|b_bishop|black_sq|white_sq|b_bishop|b_knight|black_sq/b_rook|white_sq|b_pawn|b_pawn|w_queen|b_queen|b_pawn|b_rook/white_sq|black_sq|b_knight|black_sq|b_pawn|b_pawn|white_sq|black_sq/b_pawn|b_pawn|black_sq|white_sq|black_sq|white_sq|w_bishop|b_pawn/white_sq|black_sq|white_sq|w_pawn|white_sq|b_king|white_sq|w_pawn/black_sq|white_sq|black_sq|white_sq|black_sq|w_pawn|black_sq|white_sq/w_pawn|w_pawn|w_pawn|black_sq|w_pawn|black_sq|w_pawn|black_sq/w_rook|w_knight|black_sq|white_sq|w_king|w_bishop|w_knight|w_rook
queen_line_043,q7,1,"[[7, 5]]",8,8,white_sq|black_sq|white_sq|black_sq|white_sq|black_sq|white_sq|b_rook/b_rook|white_sq|black_sq|w_pawn|black_sq|b_pawn|b_bishop|white_sq/white_sq|b_queen|white_sq|b_pawn|white_sq|black_sq|white_sq|black_sq/b_pawn|white_sq|black_sq|w_pawn|w_pawn|white_sq|black_sq|b_knight/white_sq|black_sq|white_sq|w_pawn|white_sq|w_pawn|white_sq|w_pawn/black_sq|white_sq|b_king|white_sq|black_sq|white_sq|b_knight|white_sq/w_pawn|w_bishop|white_sq|black_sq|white_sq|black_sq|white_sq|black_sq/black_sq|w_rook|black_sq|w_king|black_sq|w_queen|w_knight|white_sq
queen_line_044,q7,0,"[[3, 2]]",8,8,white_sq|black_sq|white_sq|black_sq|white_sq|black_sq|b_rook|b_knight/b_rook|b_bishop|black_sq|b_pawn|black_sq|white_sq|black_sq|white_sq/b_knight|b_pawn|white_sq|black_sq|white_sq|black_sq|white_sq|b_pawn/b_pawn|white_sq|w_queen|w_pawn|black_sq|w_pawn|w_pawn|white_sq/w_pawn|black_sq|b_king|black_sq|b_pawn|b_bishop|white_sq|black_sq/black_sq|w_pawn|black_sq|w_pawn|black_sq|w_rook|black_sq|w_knight/white_sq|black_sq|white_sq|black_sq|white_sq|black_sq|white_sq|black_sq/black_sq|white_sq|w_rook|w_king|black_sq|w_bishop|black_sq|white_sq
queen_line_045,q7,0,"[[0, 7]]",8,8,b_rook|b_knight|white_sq|black_sq|white_sq|black_sq|b_rook|w_queen/black_sq|b_bishop|black_sq|b_pawn|b_bishop|b_pawn|black_sq|b_pawn/b_pawn|b_queen|b_pawn|black_sq|white_sq|black_sq|white_sq|black_sq/black_sq|b_pawn|black_sq|white_sq|w_knight|white_sq|b_pawn|white_sq/white_sq|black_sq|white_sq|w_pawn|w_pawn|black_sq|white_sq|black_sq/black_sq|white_sq|b_king|white_sq|black_sq|white_sq|w_pawn|w_bishop/w_pawn|w_pawn|w_pawn|black_sq|white_sq|w_pawn|w_king|b_knight/w_rook|w_knight|w_bishop|white_sq|black_sq|white_sq|black_sq|w_rook
queen_line_046,q7,1,"[[2, 0]]",8,8,white_sq|b_knight|white_sq|black_sq|white_sq|w_knight|white_sq|w_knight/b_rook|b_pawn|black_sq|white_sq|black_sq|white_sq|black_sq|white_sq/w_queen|black_sq|white_sq|black_sq|white_sq|black_sq|white_sq|black_sq/black_sq|w_bishop|b_pawn|white_sq|b_pawn|w_pawn|black_sq|white_sq/white_sq|black_sq|white_sq|w_pawn|white_sq|black_sq|white_sq|black_sq/w_knight|white_sq|black_sq|white_sq|black_sq|white_sq|black_sq|b_king/w_pawn|black_sq|white_sq|b_queen|white_sq|black_sq|white_sq|black_sq/black_sq|white_sq|w_rook|white_sq|black_sq|white_sq|black_sq|w_king
queen_line_047,q7,0,"[[7, 5]]",8,8,white_sq|black_sq|b_queen|black_sq|white_sq|black_sq|white_sq|b_rook/b_pawn|b_rook|b_pawn|white_sq|black_sq|white_sq|black_sq|white_sq/white_sq|black_sq|white_sq|black_sq|b_pawn|b_pawn|white_sq|b_pawn/black_sq|b_pawn|black_sq|b_pawn|black_sq|w_bishop|b_pawn|white_sq/white_sq|black_sq|white_sq|w_pawn|white_sq|w_knight|white_sq|black_sq/black_sq|white_sq|black_sq|white_sq|b_knight|w_pawn|w_bishop|white_sq/w_pawn|w_rook|w_pawn|black_sq|b_bishop|black_sq|b_king|w_pawn/black_sq|b_knight|black_sq|white_sq|w_king|w_queen|w_knight|w_rook
queen_line_048,q7,0,"[[3, 1]]",8,8,white_sq|b_knight|b_bishop|b_queen|white_sq|b_bishop|b_rook|black_sq/b_rook|b_king|b_pawn|white_sq|black_sq|white_sq|b_pawn|b_pawn/white_sq|black_sq|white_sq|black_sq|b_pawn|black_sq|white_sq|black_sq/b_pawn|w_queen|black_sq|b_pawn|black_sq|b_pawn|b_knight|white_sq/w_pawn|black_sq|white_sq|black_sq|white_sq|w_knight|white_sq|black_sq/black_sq|white_sq|w_pawn|w_pawn|w_pawn|w_pawn|black_sq|white_sq/white_sq|w_pawn|white_sq|black_sq|white_sq|black_sq|w_pawn|w_pawn/w_rook|w_knight|black_sq|white_sq|w_king|w_bishop|w_rook|white_sq
queen_line_049,q7,0,"[[1, 3]]",8,8,white_sq|b_rook|b_queen|black_sq|white_sq|black_sq|white_sq|b_rook/black_sq|b_pawn|black_sq|w_queen|black_sq|b_pawn|w_bishop|b_pawn/b_knight|black_sq|white_sq|black_sq|b_pawn|black_sq|white_sq|b_knight/b_pawn|white_sq|b_pawn|w_pawn|black_sq|white_sq|black_sq|white_sq/w_pawn|black_sq|white_sq|w_pawn|white_sq|black_sq|b_king|black_sq/black_sq|white_sq|w_knight|white_sq|black_sq|white_sq|w_pawn|w_bishop/white_sq|w_pawn|white_sq|black_sq|w_pawn|w_pawn|b_bishop|w_pawn/black_sq|w_rook|black_sq|white_sq|black_sq|w_rook|w_king|white_sq
queen_line_050,q7,0,"[[5, 4]]",8,8,b_rook|b_knight|white_sq|black_sq|white_sq|black_sq|b_rook|black_sq/black_sq|b_bishop|black_sq|b_pawn|b_bishop|b_pawn|black_sq|b_pawn/b_pawn|b_queen|b_pawn|black_sq|white_sq|black_sq|white_sq|black_sq/black_sq|b_pawn|black_sq|white_sq|w_knight|white_sq|b_pawn|white_sq/white_sq|black_sq|white_sq|w_pawn|w_pawn|black_sq|white_sq|black_sq/b_king|white_sq|black_sq|white_sq|w_queen|white_sq|w_pawn|w_bishop/w_pawn|w_pawn|w_pawn|black_sq|white_sq|w_pawn|w_king|b_knight/w_rook|w_knight|w_bishop|white_sq|black_sq|white_sq|black_sq|w_rook
queen_line_051,q7,1,"[[7, 0]]",8,8,b_rook|b_knight|b_bishop|black_sq|white_sq|black_sq|white_sq|b_bishop/black_sq|white_sq|black_sq|b_knight|black_sq|white_sq|black_sq|white_sq/b_pawn|b_pawn|white_sq|black_sq|b_pawn|b_rook|white_sq|black_sq/w_pawn|w_rook|w_pawn|b_pawn|black_sq|white_sq|black_sq|white_sq/white_sq|black_sq|b_king|w_bishop|w_pawn|black_sq|w_pawn|black_sq/w_knight|white_sq|black_sq|white_sq|black_sq|w_pawn|black_sq|w_knight/white_sq|w_pawn|w_pawn|w_king|white_sq|black_sq|white_sq|b_pawn/w_queen|white_sq|black_sq|white_sq|black_sq|w_bishop|black_sq|white_sq
queen_line_052,q7,0,"[[0, 1]]",8,8,white_sq|w_queen|b_bishop|black_sq|white_sq|black_sq|white_sq|black_sq/black_sq|white_sq|black_sq|b_pawn|black_sq|white_sq|black_sq|white_sq/white_sq|black_sq|white_sq|black_sq|w_bishop|black_sq|b_queen|black_sq/black_sq|w_knight|black_sq|b_pawn|black_sq|white_sq|black_sq|white_sq/b_pawn|black_sq|white_sq|black_sq|white_sq|w_bishop|white_sq|black_sq/black_sq|b_king|black_sq|white_sq|black_sq|white_sq|black_sq|white_sq/w_pawn|black_sq|white_sq|black_sq|w_king|black_sq|white_sq|black_sq/black_sq|white_sq|w_rook|white_sq|black_sq|white_sq|black_sq|b_rook
queen_line_053,q7,0,"[[4, 0]]",8,8,b_rook|b_queen|white_sq|b_rook|white_sq|black_sq|white_sq|black_sq/b_pawn|b_bishop|black_sq|b_pawn|black_sq|white_sq|b_pawn|b_pawn/white_sq|black_sq|b_pawn|black_sq|white_sq|b_pawn|white_sq|w_rook/black_sq|white_sq|black_sq|b_pawn|black_sq|white_sq|black_sq|white_sq/w_queen|black_sq|white_sq|black_sq|white_sq|black_sq|white_sq|black_sq/w_bishop|b_pawn|w_pawn|white_sq|w_king|w_pawn|b_bishop|w_knight/white_sq|black_sq|white_sq|black_sq|w_pawn|black_sq|white_sq|w_pawn/black_sq|w_knight|black_sq|b_king|black_sq|w_bishop|black_sq|w_rook
queen_line_054,q7,0,"[[5, 1]]",8,8,white_sq|black_sq|white_sq|black_sq|white_sq|b_bishop|white_sq|b_rook/b_pawn|b_pawn|black_sq|white_sq|b_pawn|b_pawn|b_pawn|white_sq/b_knight|black_sq|white_sq|b_rook|white_sq|black_sq|white_sq|b_pawn/black_sq|b_pawn|w_pawn|b_pawn|w_pawn|white_sq|black_sq|white_sq/white_sq|w_pawn|white_sq|w_pawn|white_sq|black_sq|white_sq|black_sq/black_sq|w_queen|black_sq|b_king|black_sq|b_bishop|w_bishop|white_sq/w_pawn|black_sq|w_knight|black_sq|white_sq|w_king|w_pawn|w_pawn/w_rook|white_sq|black_sq|white_sq|black_sq|w_bishop|black_sq|w_rook
queen_line_055,q7,1,"[[3, 7]]",8,8,white_sq|b_knight|white_sq|black_sq|white_sq|black_sq|b_knight|w_bishop/black_sq|white_sq|b_rook|white_sq|black_sq|white_sq|black_sq|white_sq/white_sq|black_sq|white_sq|black_sq|b_pawn|black_sq|b_pawn|black_sq/black_sq|white_sq|w_pawn|white_sq|black_sq|w_pawn|black_sq|w_queen/white_sq|black_sq|b_bishop|b_pawn|white_sq|w_knight|white_sq|black_sq/black_sq|w_pawn|black_sq|w_pawn|black_sq|white_sq|w_pawn|b_pawn/white_sq|black_sq|white_sq|black_sq|white_sq|black_sq|white_sq|w_pawn/b_rook|w_knight|black_sq|w_king|black_sq|w_bishop|b_king|w_rook
queen_line_056,q7,1,"[[5, 1]]",8,8,b_rook|black_sq|b_bishop|black_sq|white_sq|b_bishop|b_rook|black_sq/b_pawn|b_pawn|black_sq|b_pawn|black_sq|b_pawn|black_sq|white_sq/b_knight|black_sq|white_sq|black_sq|b_pawn|black_sq|b_pawn|b_pawn/black_sq|white_sq|b_pawn|white_sq|w_pawn|white_sq|black_sq|b_queen/w_knight|black_sq|w_pawn|black_sq|white_sq|black_sq|b_knight|b_king/w_pawn|w_queen|black_sq|white_sq|black_sq|w_king|black_sq|w_knight/white_sq|w_pawn|white_sq|w_pawn|white_sq|w_pawn|w_pawn|w_pawn/w_rook|white_sq|w_bishop|white_sq|black_sq|w_bishop|black_sq|w_rook
queen_line_057,q7,1,"[[0, 1]]",8,8,b_rook|w_queen|b_queen|black_sq|white_sq|w_bishop|b_knight|w_knight/black_sq|white_sq|black_sq|b_knight|black_sq|b_rook|black_sq|white_sq/b_bishop|black_sq|white_sq|black_sq|white_sq|black_sq|white_sq|black_sq/b_pawn|w_bishop|black_sq|white_sq|b_pawn|b_pawn|b_pawn|b_pawn/white_sq|black_sq|w_pawn|w_pawn|white_sq|black_sq|white_sq|b_king/black_sq|white_sq|black_sq|white_sq|black_sq|b_pawn|w_pawn|white_sq/white_sq|black_sq|w_rook|black_sq|w_knight|black_sq|white_sq|w_pawn/black_sq|white_sq|w_king|white_sq|w_rook|white_sq|black_sq|white_sq
queen_line_058,q7,1,"[[7, 2]]",8,8,white_sq|black_sq|b_bishop|b_knight|white_sq|b_king|white_sq|black_sq/black_sq|white_sq|black_sq|white_sq|black_sq|b_knight|black_sq|white_sq/white_sq|b_pawn|white_sq|b_rook|white_sq|b_pawn|white_sq|black_sq/b_pawn|w_pawn|black_sq|b_rook|black_sq|white_sq|b_pawn|b_pawn/w_pawn|black_sq|w_pawn|black_sq|w_pawn|black_sq|w_pawn|black_sq/black_sq|white_sq|black_sq|white_sq|w_bishop|w_rook|w_rook|white_sq/white_sq|black_sq|white_sq|w_knight|white_sq|w_king|white_sq|w_pawn/black_sq|w_bishop|w_queen|white_sq|black_sq|white_sq|black_sq|white_sq
queen_line_059,q7,0,"[[6, 4]]",8,8,white_sq|black_sq|b_bishop|black_sq|white_sq|black_sq|b_knight|black_sq/b_rook|white_sq|black_sq|b_pawn|black_sq|white_sq|black_sq|white_sq/white_sq|black_sq|b_pawn|black_sq|b_king|black_sq|b_pawn|b_rook/w_pawn|white_sq|w_pawn|w_pawn|b_queen|white_sq|b_bishop|white_sq/w_bishop|black_sq|w_knight|black_sq|b_pawn|b_pawn|white_sq|b_pawn/w_bishop|white_sq|black_sq|white_sq|w_pawn|white_sq|w_pawn|white_sq/white_sq|w_rook|white_sq|black_sq|w_queen|black_sq|white_sq|w_pawn/black_sq|white_sq|black_sq|white_sq|w_king|white_sq|black_sq|w_rook
queen_line_060,q7,0,"[[0, 3]]",8,8,white_sq|b_king|b_bishop|w_queen|white_sq|b_bishop|b_knight|black_sq/b_rook|b_pawn|black_sq|b_pawn|black_sq|white_sq|black_sq|white_sq/b_knight|black_sq|white_sq|black_sq|b_pawn|black_sq|white_sq|b_rook/b_pawn|white_sq|b_queen|white_sq|black_sq|w_pawn|black_sq|b_pawn/w_pawn|w_pawn|white_sq|black_sq|white_sq|b_pawn|w_pawn|w_pawn/w_knight|white_sq|black_sq|white_sq|black_sq|white_sq|black_sq|w_bishop/w_rook|w_bishop|white_sq|w_pawn|w_knight|black_sq|white_sq|black_sq/black_sq|white_sq|black_sq|white_sq|black_sq|w_king|black_sq|w_rook
queen_line_061,q7,0,"[[4, 4]]",8,8,white_sq|b_rook|white_sq|black_sq|white_sq|black_sq|b_rook|black_sq/black_sq|white_sq|black_sq|white_sq|b_pawn|white_sq|black_sq|b_pawn/white_sq|black_sq|white_sq|black_sq|b_knight|black_sq|b_bishop|black_sq/b_pawn|white_sq|black_sq|white_sq|black_sq|b_pawn|b_bishop|white_sq/white_sq|w_bishop|white_sq|black_sq|w_queen|b_king|white_sq|b_pawn/black_sq|white_sq|black_sq|white_sq|black_sq|white_sq|black_sq|w_knight/w_pawn|black_sq|white_sq|black_sq|white_sq|black_sq|white_sq|w_rook/w_rook|white_sq|black_sq|w_knight|black_sq|w_king|black_sq|white_sq
queen_line_062,q7,1,"[[2, 4]]",8,8,white_sq|black_sq|white_sq|black_sq|white_sq|black_sq|white_sq|b_rook/b_rook|white_sq|black_sq|w_pawn|black_sq|b_pawn|b_bishop|white_sq/white_sq|b_queen|white_sq|b_pawn|w_queen|black_sq|white_sq|black_sq/b_pawn|white_sq|black_sq|w_pawn|w_pawn|white_sq|black_sq|b_knight/white_sq|black_sq|white_sq|w_pawn|white_sq|w_pawn|white_sq|w_pawn/black_sq|white_sq|black_sq|white_sq|black_sq|white_sq|b_knight|white_sq/w_pawn|w_bishop|b_king|black_sq|white_sq|black_sq|white_sq|black_sq/black_sq|w_rook|black_sq|w_king|black_sq|white_sq|w_knight|white_sq
queen_line_063,q7,1,"[[5, 1]]",8,8,white_sq|black_sq|white_sq|black_sq|white_sq|b_bishop|b_rook|black_sq/b_pawn|white_sq|b_rook|white_sq|black_sq|white_sq|b_pawn|b_knight/white_sq|black_sq|white_sq|b_pawn|white_sq|b_pawn|b_bishop|black_sq/b_knight|white_sq|black_sq|white_sq|black_sq|white_sq|black_sq|b_pawn/w_pawn|w_pawn|w_knight|black_sq|white_sq|w_pawn|b_king|w_pawn/black_sq|w_queen|w_pawn|white_sq|w_pawn|white_sq|w_pawn|white_sq/w_rook|w_bishop|white_sq|w_knight|white_sq|black_sq|white_sq|black_sq/black_sq|white_sq|black_sq|white_sq|black_sq|white_sq|w_king|white_sq
queen_line_064,q7,1,"[[7, 3]]",8,8,white_sq|black_sq|b_bishop|black_sq|white_sq|black_sq|b_knight|black_sq/b_rook|white_sq|black_sq|b_pawn|black_sq|white_sq|black_sq|white_sq/white_sq|black_sq|b_pawn|black_sq|white_sq|black_sq|b_pawn|b_rook/w_pawn|white_sq|w_pawn|w_pawn|b_queen|white_sq|b_bishop|white_sq/w_bishop|black_sq|w_knight|black_sq|b_pawn|b_pawn|white_sq|b_pawn/w_bishop|white_sq|black_sq|white_sq|w_pawn|white_sq|w_pawn|white_sq/white_sq|w_rook|white_sq|black_sq|white_sq|b_king|white_sq|w_pawn/black_sq|white_sq|black_sq|w_queen|w_king|white_sq|black_sq|w_rook
queen_line_065,q7,1,"[[7, 1]]",8,8,b_rook|b_knight|white_sq|black_sq|white_sq|black_sq|b_rook|black_sq/b_pawn|b_bishop|black_sq|white_sq|black_sq|white_sq|b_queen|b_pawn/white_sq|black_sq|white_sq|black_sq|white_sq|b_knight|w_pawn|b_bishop/w_pawn|white_sq|w_pawn|b_pawn|black_sq|white_sq|black_sq|white_sq/white_sq|black_sq|white_sq|black_sq|white_sq|b_king|white_sq|black_sq/black_sq|w_pawn|black_sq|w_bishop|w_pawn|w_knight|black_sq|white_sq/white_sq|black_sq|white_sq|w_king|white_sq|w_pawn|white_sq|black_sq/black_sq|w_queen|black_sq|white_sq|w_rook|white_sq|black_sq|w_rook
queen_line_066,q7,1,"[[4, 2]]",8,8,b_rook|black_sq|white_sq|b_queen|white_sq|b_bishop|white_sq|b_rook/b_pawn|b_bishop|black_sq|b_pawn|black_sq|b_pawn|b_pawn|white_sq/white_sq|black_sq|b_knight|black_sq|white_sq|b_knight|white_sq|black_sq/black_sq|w_pawn|b_pawn|white_sq|b_pawn|b_king|black_sq|white_sq/white_sq|w_pawn|w_queen|w_pawn|white_sq|w_pawn|b_pawn|w_pawn/w_knight|white_sq|black_sq|white_sq|w_bishop|white_sq|black_sq|white_sq/white_sq|black_sq|w_pawn|black_sq|w_pawn|black_sq|white_sq|black_sq/w_rook|white_sq|black_sq|white_sq|w_king|w_bishop|w_knight|w_rook
queen_line_067,q7,0,"[[5, 5]]",8,8,white_sq|b_rook|b_bishop|black_sq|white_sq|black_sq|white_sq|black_sq/black_sq|white_sq|black_sq|b_queen|black_sq|b_rook|black_sq|b_pawn/b_pawn|black_sq|white_sq|black_sq|b_pawn|b_king|white_sq|b_bishop/black_sq|b_pawn|black_sq|b_pawn|black_sq|b_pawn|black_sq|b_pawn/w_pawn|black_sq|w_pawn|black_sq|white_sq|w_pawn|white_sq|black_sq/black_sq|white_sq|black_sq|white_sq|w_pawn|w_queen|w_pawn|w_knight/white_sq|black_sq|white_sq|black_sq|white_sq|b_knight|w_king|w_pawn/black_sq|b_rook|black_sq|white_sq|w_bishop|white_sq|black_sq|w_rook
queen_line_068,q7,0,"[[4, 3]]",8,8,b_rook|b_knight|b_bishop|b_queen|white_sq|b_bishop|b_knight|b_rook/b_king|b_pawn|black_sq|white_sq|b_pawn|b_pawn|b_pawn|b_pawn/b_pawn|black_sq|white_sq|black_sq|white_sq|black_sq|white_sq|black_sq/black_sq|white_sq|b_pawn|b_pawn|black_sq|white_sq|black_sq|white_sq/white_sq|black_sq|white_sq|w_queen|w_pawn|black_sq|w_pawn|black_sq/w_pawn|white_sq|black_sq|white_sq|black_sq|white_sq|black_sq|white_sq/white_sq|w_pawn|w_pawn|w_pawn|white_sq|w_pawn|white_sq|w_pawn/w_rook|w_knight|w_bishop|white_sq|w_king|w_bishop|w_knight|w_rook
queen_line_069,q7,0,"[[1, 0]]",8,8,b_rook|b_king|b_bishop|black_sq|white_sq|b_rook|white_sq|black_sq/w_queen|white_sq|black_sq|b_queen|b_bishop|white_sq|black_sq|b_pawn/white_sq|b_pawn|white_sq|b_pawn|white_sq|b_knight|b_pawn|black_sq/black_sq|white_sq|b_pawn|white_sq|b_pawn|w_pawn|black_sq|white_sq/white_sq|b_knight|w_pawn|black_sq|w_pawn|black_sq|white_sq|black_sq/black_sq|white_sq|w_knight|white_sq|black_sq|w_pawn|black_sq|w_pawn/w_pawn|w_pawn|white_sq|w_pawn|w_knight|black_sq|white_sq|w_rook/w_rook|white_sq|w_bishop|w_king|black_sq|w_bishop|black_sq|white_sq
queen_line_070,q7,0,"[[0, 2]]",8,8,b_knight|b_knight|w_queen|black_sq|white_sq|black_sq|b_queen|b_king/black_sq|white_sq|black_sq|b_pawn|w_knight|b_pawn|black_sq|white_sq/b_bishop|black_sq|b_pawn|black_sq|white_sq|black_sq|white_sq|black_sq/black_sq|white_sq|w_pawn|white_sq|b_pawn|white_sq|b_pawn|white_sq/b_rook|w_pawn|white_sq|black_sq|w_pawn|w_pawn|white_sq|black_sq/b_rook|white_sq|black_sq|white_sq|black_sq|white_sq|black_sq|w_pawn/w_pawn|w_rook|white_sq|black_sq|white_sq|black_sq|white_sq|black_sq/black_sq|w_bishop|black_sq|white_sq|w_rook|white_sq|black_sq|w_king
queen_line_071,q7,1,"[[5, 0]]",8,8,b_rook|black_sq|b_bishop|b_queen|white_sq|b_bishop|b_knight|b_rook/b_pawn|b_pawn|b_pawn|b_pawn|b_pawn|b_pawn|b_pawn|b_pawn/b_knight|black_sq|b_king|black_sq|white_sq|black_sq|white_sq|black_sq/black_sq|white_sq|black_sq|white_sq|black_sq|white_sq|black_sq|white_sq/w_pawn|black_sq|white_sq|black_sq|white_sq|black_sq|white_sq|black_sq/w_queen|white_sq|black_sq|white_sq|black_sq|white_sq|black_sq|white_sq/white_sq|w_pawn|w_pawn|w_pawn|w_pawn|w_pawn|w_pawn|w_pawn/w_rook|w_knight|w_bishop|white_sq|w_king|w_bishop|w_knight|w_rook
queen_line_072,q7,0,"[[7, 5]]",8,8,white_sq|b_rook|white_sq|b_knight|white_sq|b_queen|b_rook|black_sq/black_sq|white_sq|black_sq|white_sq|black_sq|white_sq|black_sq|b_pawn/white_sq|black_sq|b_pawn|b_bishop|white_sq|black_sq|white_sq|w_pawn/b_pawn|w_pawn|black_sq|white_sq|b_pawn|b_bishop|black_sq|white_sq/w_pawn|w_pawn|white_sq|black_sq|w_pawn|w_pawn|b_pawn|black_sq/w_rook|white_sq|black_sq|white_sq|w_bishop|white_sq|w_king|white_sq/white_sq|black_sq|white_sq|black_sq|w_pawn|black_sq|w_bishop|black_sq/black_sq|white_sq|black_sq|white_sq|black_sq|w_queen|w_rook|b_king
queen_line_073,q7,0,"[[4, 3]]",8,8,white_sq|black_sq|white_sq|b_queen|white_sq|black_sq|white_sq|b_rook/b_rook|white_sq|black_sq|white_sq|black_sq|b_pawn|b_bishop|b_pawn/white_sq|b_pawn|white_sq|black_sq|white_sq|black_sq|white_sq|black_sq/black_sq|w_pawn|black_sq|b_pawn|b_pawn|white_sq|black_sq|white_sq/white_sq|black_sq|white_sq|w_queen|white_sq|b_knight|b_pawn|w_pawn/w_rook|white_sq|black_sq|b_bishop|w_pawn|w_pawn|w_pawn|white_sq/white_sq|w_pawn|white_sq|w_king|white_sq|black_sq|white_sq|black_sq/black_sq|w_knight|w_bishop|b_king|black_sq|w_bishop|black_sq|w_rook
queen_line_074,q7,1,"[[1, 7]]",8,8,b_rook|b_knight|b_bishop|b_queen|white_sq|b_bishop|b_knight|b_rook/b_pawn|b_pawn|black_sq|b_pawn|b_pawn|b_pawn|black_sq|w_queen/white_sq|black_sq|b_pawn|black_sq|white_sq|black_sq|white_sq|black_sq/black_sq|white_sq|black_sq|white_sq|black_sq|white_sq|b_pawn|b_pawn/white_sq|b_king|white_sq|black_sq|w_pawn|black_sq|w_pawn|black_sq/w_pawn|white_sq|black_sq|white_sq|black_sq|w_pawn|black_sq|white_sq/white_sq|w_pawn|w_pawn|w_pawn|white_sq|black_sq|white_sq|w_pawn/w_rook|w_knight|w_bishop|white_sq|w_king|w_bishop|w_knight|w_rook
queen_line_075,q7,0,"[[1, 1]]",8,8,b_rook|b_knight|b_bishop|b_rook|b_knight|black_sq|white_sq|black_sq/black_sq|w_queen|b_queen|white_sq|b_pawn|b_pawn|b_bishop|w_knight/b_pawn|black_sq|white_sq|black_sq|white_sq|black_sq|b_pawn|black_sq/black_sq|b_pawn|b_pawn|b_pawn|black_sq|white_sq|black_sq|white_sq/white_sq|w_knight|white_sq|w_pawn|white_sq|w_pawn|white_sq|w_king/black_sq|w_pawn|w_pawn|white_sq|w_pawn|white_sq|black_sq|white_sq/w_pawn|black_sq|white_sq|black_sq|white_sq|black_sq|w_pawn|w_rook/black_sq|w_rook|w_bishop|white_sq|black_sq|w_bishop|black_sq|b_king
queen_line_076,q7,1,"[[4, 3]]",8,8,b_rook|b_knight|white_sq|black_sq|white_sq|b_king|white_sq|b_rook/black_sq|white_sq|black_sq|white_sq|w_rook|b_pawn|black_sq|white_sq/b_pawn|black_sq|white_sq|black_sq|white_sq|black_sq|b_pawn|b_knight/black_sq|white_sq|w_bishop|white_sq|black_sq|white_sq|black_sq|b_pawn/white_sq|black_sq|w_pawn|w_queen|white_sq|black_sq|white_sq|w_pawn/black_sq|white_sq|black_sq|w_pawn|black_sq|w_pawn|black_sq|white_sq/w_pawn|black_sq|white_sq|black_sq|w_pawn|black_sq|w_bishop|black_sq/w_rook|white_sq|black_sq|white_sq|black_sq|w_king|w_knight|white_sq
queen_line_077,q7,1,"[[7, 6]]",8,8,white_sq|black_sq|white_sq|black_sq|b_knight|black_sq|white_sq|w_bishop/b_rook|b_pawn|b_pawn|white_sq|black_sq|white_sq|b_queen|white_sq/b_knight|black_sq|white_sq|b_pawn|white_sq|black_sq|white_sq|b_bishop/black_sq|b_bishop|w_knight|w_pawn|black_sq|b_pawn|black_sq|white_sq/white_sq|b_pawn|white_sq|black_sq|b_pawn|black_sq|b_pawn|black_sq/w_pawn|white_sq|black_sq|b_king|w_pawn|white_sq|black_sq|w_pawn/w_rook|black_sq|w_pawn|black_sq|w_bishop|black_sq|w_knight|black_sq/black_sq|white_sq|black_sq|white_sq|w_king|white_sq|w_queen|w_rook
queen_line_078,q7,0,"[[2, 5]]",8,8,b_rook|b_knight|b_bishop|b_queen|white_sq|b_bishop|white_sq|b_rook/black_sq|b_pawn|b_pawn|b_knight|black_sq|b_pawn|b_pawn|b_pawn/b_pawn|black_sq|white_sq|black_sq|b_pawn|w_queen|white_sq|black_sq/black_sq|white_sq|black_sq|b_pawn|black_sq|white_sq|black_sq|white_sq/white_sq|black_sq|white_sq|black_sq|white_sq|w_pawn|w_pawn|black_sq/w_pawn|w_pawn|w_pawn|white_sq|black_sq|white_sq|black_sq|w_knight/white_sq|b_king|white_sq|w_pawn|w_pawn|black_sq|white_sq|w_pawn/w_rook|w_knight|w_bishop|white_sq|w_king|w_bishop|black_sq|w_rook
queen_line_079,q7,1,"[[6, 1]]",8,8,white_sq|black_sq|b_king|black_sq|white_sq|b_bishop|white_sq|b_rook/b_rook|b_pawn|black_sq|white_sq|black_sq|white_sq|b_pawn|b_pawn/b_pawn|black_sq|b_queen|black_sq|white_sq|black_sq|white_sq|black_sq/black_sq|white_sq|b_pawn|white_sq|b_pawn|white_sq|w_bishop|white_sq/white_sq|black_sq|white_sq|black_sq|w_bishop|black_sq|b_bishop|w_king/black_sq|w_pawn|black_sq|white_sq|w_pawn|w_knight|black_sq|b_knight/white_sq|w_queen|w_pawn|black_sq|white_sq|black_sq|white_sq|w_pawn/black_sq|w_knight|black_sq|white_sq|black_sq|white_sq|w_rook|white_sq
queen_line_080,q7,1,"[[6, 3]]",8,8,white_sq|b_king|b_bishop|black_sq|white_sq|b_bishop|white_sq|b_rook/black_sq|b_pawn|black_sq|white_sq|b_pawn|white_sq|b_pawn|white_sq/white_sq|black_sq|white_sq|b_knight|white_sq|black_sq|white_sq|b_rook/black_sq|white_sq|w_pawn|b_pawn|black_sq|b_pawn|black_sq|b_pawn/white_sq|black_sq|white_sq|black_sq|b_knight|w_pawn|white_sq|black_sq/b_queen|white_sq|black_sq|w_pawn|w_pawn|white_sq|w_pawn|w_knight/white_sq|w_bishop|white_sq|w_queen|white_sq|black_sq|w_bishop|w_pawn/w_rook|white_sq|black_sq|white_sq|w_king|white_sq|w_knight|w_rook
queen_line_081,q7,0,"[[2, 4]]",8,8,white_sq|black_sq|b_queen|b_rook|white_sq|black_sq|white_sq|black_sq/b_rook|b_pawn|black_sq|white_sq|black_sq|white_sq|black_sq|white_sq/b_pawn|black_sq|b_bishop|b_pawn|w_queen|b_bishop|b_king|black_sq/black_sq|w_bishop|b_pawn|white_sq|black_sq|white_sq|black_sq|w_knight/white_sq|black_sq|w_pawn|black_sq|b_pawn|w_pawn|white_sq|b_pawn/w_pawn|white_sq|black_sq|white_sq|black_sq|white_sq|w_pawn|w_pawn/white_sq|black_sq|white_sq|w_bishop|white_sq|w_rook|white_sq|black_sq/w_rook|w_knight|black_sq|w_king|black_sq|white_sq|black_sq|white_sq
queen_line_082,q7,0,"[[2, 3]]",8,8,b_rook|black_sq|b_queen|black_sq|white_sq|b_bishop|white_sq|b_rook/black_sq|b_pawn|b_pawn|b_bishop|b_pawn|b_pawn|black_sq|b_pawn/b_pawn|black_sq|b_knight|w_queen|white_sq|black_sq|white_sq|b_knight/black_sq|white_sq|black_sq|b_pawn|b_king|white_sq|b_pawn|white_sq/w_knight|w_pawn|white_sq|black_sq|white_sq|black_sq|white_sq|black_sq/black_sq|white_sq|black_sq|w_pawn|black_sq|white_sq|black_sq|white_sq/w_pawn|black_sq|w_pawn|w_bishop|w_pawn|w_pawn|w_pawn|w_pawn/w_rook|white_sq|black_sq|white_sq|w_king|w_bishop|w_knight|w_rook
queen_line_083,q7,0,"[[6, 1]]",8,8,white_sq|black_sq|white_sq|black_sq|white_sq|black_sq|white_sq|black_sq/black_sq|white_sq|black_sq|white_sq|black_sq|white_sq|b_bishop|b_pawn/white_sq|w_pawn|white_sq|black_sq|white_sq|b_knight|b_pawn|black_sq/black_sq|white_sq|w_pawn|w_pawn|black_sq|white_sq|b_rook|white_sq/b_pawn|black_sq|white_sq|black_sq|b_rook|black_sq|white_sq|w_knight/w_pawn|b_bishop|black_sq|white_sq|w_bishop|w_bishop|black_sq|white_sq/white_sq|w_queen|white_sq|black_sq|b_king|black_sq|w_pawn|w_rook/black_sq|w_king|black_sq|white_sq|black_sq|white_sq|black_sq|w_rook
queen_line_084,q7,1,"[[1, 1]]",8,8,white_sq|black_sq|white_sq|black_sq|white_sq|b_bishop|b_rook|b_rook/b_queen|w_queen|black_sq|white_sq|black_sq|white_sq|black_sq|white_sq/b_bishop|black_sq|white_sq|black_sq|white_sq|w_pawn|white_sq|b_pawn/w_pawn|white_sq|b_pawn|white_sq|black_sq|white_sq|b_pawn|white_sq/white_sq|black_sq|white_sq|w_pawn|white_sq|black_sq|b_king|w_pawn/black_sq|white_sq|black_sq|w_pawn|w_bishop|white_sq|black_sq|white_sq/white_sq|w_pawn|w_rook|black_sq|white_sq|w_pawn|white_sq|black_sq/black_sq|white_sq|black_sq|white_sq|w_king|w_bishop|w_knight|white_sq
queen_line_085,q7,0,"[[4, 7]]",8,8,b_rook|b_knight|b_bishop|b_queen|white_sq|b_bishop|b_knight|b_rook/black_sq|b_pawn|b_pawn|b_pawn|b_pawn|b_pawn|b_pawn|b_pawn/white_sq|black_sq|white_sq|black_sq|white_sq|black_sq|white_sq|black_sq/b_pawn|white_sq|black_sq|white_sq|black_sq|white_sq|black_sq|white_sq/white_sq|black_sq|white_sq|black_sq|white_sq|black_sq|white_sq|w_queen/black_sq|white_sq|black_sq|white_sq|black_sq|white_sq|b_king|w_pawn/w_pawn|w_pawn|w_pawn|w_pawn|w_pawn|w_pawn|w_pawn|black_sq/w_rook|w_knight|w_bishop|white_sq|w_king|w_bishop|w_knight|w_rook
queen_line_086,q7,0,"[[7, 4]]",8,8,b_rook|b_knight|b_bishop|black_sq|white_sq|black_sq|white_sq|b_bishop/black_sq|white_sq|black_sq|b_knight|black_sq|white_sq|black_sq|white_sq/b_pawn|b_pawn|white_sq|black_sq|b_pawn|b_rook|white_sq|black_sq/w_pawn|w_rook|w_pawn|b_pawn|black_sq|white_sq|black_sq|white_sq/white_sq|black_sq|white_sq|w_bishop|w_pawn|black_sq|w_pawn|black_sq/w_knight|white_sq|black_sq|white_sq|black_sq|w_pawn|b_king|w_knight/white_sq|w_pawn|w_pawn|w_king|white_sq|black_sq|white_sq|b_pawn/black_sq|white_sq|black_sq|white_sq|w_queen|w_bishop|black_sq|white_sq
queen_line_087,q7,1,"[[1, 7]]",8,8,white_sq|b_rook|b_rook|black_sq|white_sq|black_sq|white_sq|b_queen/w_knight|b_bishop|black_sq|white_sq|black_sq|white_sq|black_sq|w_queen/white_sq|w_pawn|b_pawn|b_knight|white_sq|black_sq|white_sq|black_sq/b_king|white_sq|black_sq|b_pawn|black_sq|white_sq|b_pawn|w_pawn/w_pawn|b_pawn|white_sq|black_sq|white_sq|b_pawn|white_sq|black_sq/black_sq|white_sq|b_bishop|w_pawn|black_sq|white_sq|black_sq|w_pawn/white_sq|black_sq|white_sq|black_sq|white_sq|w_king|white_sq|black_sq/black_sq|white_sq|black_sq|w_knight|black_sq|w_bishop|w_rook|white_sq
queen_line_088,q7,1,"[[6, 6]]",8,8,b_rook|black_sq|white_sq|black_sq|white_sq|b_bishop|white_sq|black_sq/b_pawn|b_pawn|black_sq|white_sq|black_sq|b_king|b_pawn|white_sq/white_sq|black_sq|b_pawn|w_pawn|white_sq|b_queen|white_sq|black_sq/black_sq|b_bishop|b_knight|white_sq|black_sq|white_sq|b_pawn|white_sq/white_sq|black_sq|white_sq|black_sq|white_sq|black_sq|white_sq|black_sq/b_rook|white_sq|black_sq|w_knight|black_sq|b_bishop|black_sq|white_sq/w_pawn|black_sq|w_pawn|black_sq|white_sq|black_sq|w_queen|w_pawn/black_sq|white_sq|black_sq|white_sq|black_sq|w_rook|w_king|w_rook
queen_line_089,q7,0,"[[3, 3]]",8,8,b_king|black_sq|b_bishop|black_sq|white_sq|b_rook|white_sq|black_sq/b_rook|white_sq|black_sq|white_sq|black_sq|white_sq|b_pawn|white_sq/b_knight|black_sq|white_sq|black_sq|white_sq|b_pawn|b_knight|black_sq/b_pawn|white_sq|black_sq|w_queen|b_pawn|white_sq|black_sq|white_sq/b_pawn|black_sq|white_sq|black_sq|w_pawn|black_sq|white_sq|black_sq/black_sq|white_sq|w_pawn|white_sq|black_sq|w_pawn|w_pawn|white_sq/white_sq|black_sq|w_king|w_bishop|white_sq|black_sq|w_bishop|w_rook/w_rook|w_knight|black_sq|white_sq|black_sq|white_sq|black_sq|white_sq
queen_line_090,q7,1,"[[3, 0]]",8,8,white_sq|b_knight|white_sq|black_sq|white_sq|black_sq|b_knight|b_rook/b_rook|white_sq|b_pawn|white_sq|black_sq|b_pawn|b_bishop|b_queen/white_sq|black_sq|white_sq|black_sq|white_sq|black_sq|white_sq|black_sq/w_queen|w_knight|black_sq|white_sq|w_pawn|white_sq|b_pawn|white_sq/white_sq|black_sq|b_pawn|black_sq|w_pawn|black_sq|w_pawn|b_pawn/b_pawn|white_sq|black_sq|w_bishop|black_sq|b_king|black_sq|white_sq/w_pawn|w_pawn|white_sq|w_bishop|white_sq|w_pawn|white_sq|w_pawn/black_sq|w_king|black_sq|w_rook|black_sq|white_sq|w_knight|w_rook
queen_line_091,q7,0,"[[3, 5]]",8,8,b_rook|black_sq|white_sq|black_sq|white_sq|b_bishop|white_sq|black_sq/black_sq|white_sq|black_sq|b_pawn|b_pawn|white_sq|black_sq|b_pawn/b_knight|black_sq|white_sq|b_queen|white_sq|black_sq|white_sq|black_sq/black_sq|b_pawn|black_sq|b_bishop|b_king|w_queen|w_bishop|white_sq/b_pawn|black_sq|w_knight|black_sq|white_sq|black_sq|white_sq|b_rook/black_sq|b_pawn|black_sq|w_pawn|black_sq|white_sq|black_sq|w_pawn/w_pawn|black_sq|w_pawn|black_sq|white_sq|w_pawn|white_sq|black_sq/black_sq|white_sq|black_sq|w_rook|w_king|w_bishop|black_sq|w_rook
queen_line_092,q7,1,"[[2, 0]]",8,8,white_sq|black_sq|b_rook|black_sq|white_sq|black_sq|white_sq|b_rook/black_sq|white_sq|black_sq|b_bishop|b_knight|white_sq|black_sq|white_sq/w_queen|black_sq|w_pawn|b_knight|b_pawn|black_sq|white_sq|black_sq/b_pawn|white_sq|black_sq|white_sq|black_sq|white_sq|b_pawn|w_pawn/white_sq|b_pawn|w_bishop|black_sq|white_sq|b_pawn|white_sq|w_pawn/w_pawn|w_pawn|black_sq|white_sq|w_pawn|w_pawn|black_sq|white_sq/white_sq|b_bishop|white_sq|black_sq|white_sq|w_king|white_sq|w_rook/black_sq|b_queen|w_bishop|white_sq|black_sq|white_sq|w_knight|b_king
queen_line_093,q7,1,"[[3, 1]]",8,8,b_rook|b_knight|b_bishop|b_queen|white_sq|b_bishop|b_knight|b_rook/black_sq|b_pawn|black_sq|white_sq|b_pawn|b_pawn|b_pawn|b_pawn/b_pawn|black_sq|white_sq|black_sq|white_sq|b_king|white_sq|black_sq/black_sq|w_queen|b_pawn|b_pawn|black_sq|white_sq|black_sq|white_sq/white_sq|black_sq|white_sq|black_sq|w_pawn|black_sq|w_pawn|black_sq/w_pawn|white_sq|black_sq|white_sq|black_sq|white_sq|black_sq|white_sq/white_sq|w_pawn|w_pawn|w_pawn|white_sq|w_pawn|white_sq|w_pawn/w_rook|w_knight|w_bishop|white_sq|w_king|w_bishop|w_knight|w_rook
queen_line_094,q7,0,"[[5, 4]]",8,8,white_sq|b_knight|b_bishop|b_queen|white_sq|black_sq|b_rook|black_sq/black_sq|b_rook|black_sq|b_pawn|black_sq|white_sq|black_sq|white_sq/b_pawn|black_sq|white_sq|black_sq|white_sq|black_sq|white_sq|b_knight/black_sq|white_sq|black_sq|white_sq|black_sq|b_pawn|black_sq|b_pawn/white_sq|b_pawn|b_pawn|b_king|white_sq|w_pawn|b_pawn|w_pawn/black_sq|white_sq|black_sq|w_pawn|w_queen|white_sq|black_sq|white_sq/w_pawn|black_sq|w_knight|black_sq|w_pawn|w_knight|white_sq|black_sq/black_sq|white_sq|w_bishop|w_king|w_rook|white_sq|black_sq|white_sq
queen_line_095,q7,0,"[[3, 6]]",8,8,b_rook|b_knight|b_bishop|b_queen|white_sq|b_bishop|b_knight|b_rook/b_pawn|b_pawn|b_pawn|b_pawn|b_pawn|white_sq|black_sq|b_pawn/white_sq|black_sq|white_sq|black_sq|white_sq|b_pawn|b_pawn|black_sq/black_sq|white_sq|b_king|white_sq|black_sq|white_sq|w_queen|white_sq/white_sq|black_sq|white_sq|black_sq|white_sq|black_sq|white_sq|black_sq/black_sq|white_sq|black_sq|w_pawn|black_sq|white_sq|black_sq|white_sq/w_pawn|w_pawn|w_pawn|black_sq|w_pawn|w_pawn|w_pawn|w_pawn/w_rook|w_knight|w_bishop|white_sq|w_king|w_bishop|w_knight|w_rook
queen_line_096,q7,0,"[[5, 3]]",8,8,b_rook|black_sq|b_bishop|black_sq|white_sq|b_rook|white_sq|black_sq/black_sq|white_sq|black_sq|b_queen|b_bishop|white_sq|black_sq|b_pawn/white_sq|b_pawn|white_sq|b_pawn|white_sq|b_knight|b_pawn|black_sq/black_sq|white_sq|b_pawn|white_sq|b_pawn|w_pawn|black_sq|white_sq/white_sq|b_knight|w_pawn|black_sq|w_pawn|black_sq|white_sq|black_sq/black_sq|white_sq|w_knight|w_queen|black_sq|w_pawn|black_sq|w_pawn/w_pawn|w_pawn|white_sq|w_pawn|w_knight|black_sq|white_sq|w_rook/w_rook|b_king|w_bishop|w_king|black_sq|w_bishop|black_sq|white_sq
queen_line_097,q7,1,"[[6, 5]]",8,8,white_sq|black_sq|white_sq|b_rook|white_sq|b_bishop|b_rook|black_sq/b_knight|white_sq|black_sq|white_sq|b_king|white_sq|b_pawn|white_sq/white_sq|black_sq|white_sq|black_sq|white_sq|black_sq|white_sq|black_sq/b_pawn|white_sq|black_sq|white_sq|black_sq|white_sq|black_sq|white_sq/w_pawn|black_sq|w_bishop|black_sq|b_pawn|black_sq|w_pawn|w_pawn/black_sq|w_pawn|w_king|white_sq|black_sq|white_sq|b_knight|w_knight/white_sq|black_sq|w_pawn|black_sq|white_sq|w_queen|white_sq|black_sq/black_sq|white_sq|w_rook|white_sq|w_rook|white_sq|black_sq|white_sq
queen_line_098,q7,0,"[[1, 4]]",8,8,b_rook|black_sq|b_bishop|black_sq|white_sq|black_sq|white_sq|b_rook/black_sq|white_sq|b_pawn|b_knight|w_queen|white_sq|black_sq|b_pawn/b_pawn|b_pawn|white_sq|black_sq|white_sq|black_sq|white_sq|b_knight/black_sq|white_sq|w_knight|white_sq|b_pawn|white_sq|black_sq|white_sq/white_sq|black_sq|white_sq|black_sq|w_pawn|b_pawn|white_sq|b_king/w_rook|w_pawn|w_pawn|white_sq|black_sq|white_sq|w_pawn|white_sq/white_sq|black_sq|white_sq|w_pawn|white_sq|black_sq|w_pawn|w_pawn/black_sq|w_knight|w_bishop|white_sq|w_king|white_sq|black_sq|w_rook
queen_line_099,q7,1,"[[3, 5]]",8,8,white_sq|black_sq|b_bishop|b_king|white_sq|b_bishop|b_knight|b_rook/b_rook|white_sq|black_sq|b_queen|black_sq|b_pawn|b_pawn|b_pawn/b_knight|black_sq|white_sq|black_sq|b_pawn|black_sq|white_sq|black_sq/b_pawn|w_knight|b_pawn|white_sq|b_pawn|w_queen|black_sq|white_sq/white_sq|black_sq|white_sq|black_sq|white_sq|black_sq|white_sq|black_sq/w_pawn|w_pawn|black_sq|white_sq|black_sq|w_pawn|w_pawn|w_pawn/white_sq|w_bishop|w_pawn|w_pawn|w_knight|black_sq|white_sq|black_sq/w_rook|white_sq|black_sq|white_sq|w_king|w_bishop|black_sq|w_rook
exists_wQ_000,q8,1,[],8,8,b_rook|b_knight|b_bishop|b_queen|b_king|b_bishop|white_sq|b_rook/black_sq|white_sq|black_sq|b_pawn|b_knight|b_pawn|black_sq|b_pawn/white_sq|black_sq|white_sq|black_sq|white_sq|black_sq|b_pawn|black_sq/b_pawn|b_pawn|b_pawn|white_sq|b_pawn|white_sq|black_sq|white_sq/white_sq|black_sq|w_pawn|black_sq|white_sq|black_sq|white_sq|black_sq/black_sq|white_sq|w_knight|white_sq|black_sq|white_sq|w_pawn|w_knight/w_pawn|w_pawn|white_sq|w_pawn|w_pawn|w_pawn|white_sq|w_pawn/w_rook|white_sq|w_bishop|white_sq|w_king|w_bishop|black_sq|w_rook
exists_wQ_001,q8,1,[],8,8,white_sq|black_sq|white_sq|black_sq|b_king|black_sq|b_knight|b_rook/b_rook|b_pawn|black_sq|white_sq|black_sq|b_pawn|b_bishop|b_pawn/white_sq|black_sq|b_pawn|black_sq|b_knight|black_sq|white_sq|black_sq/b_pawn|white_sq|w_pawn|b_pawn|black_sq|b_bishop|black_sq|white_sq/white_sq|black_sq|white_sq|b_pawn|w_pawn|black_sq|white_sq|b_queen/w_pawn|w_pawn|w_knight|w_king|black_sq|white_sq|w_pawn|white_sq/white_sq|black_sq|white_sq|black_sq|white_sq|w_pawn|white_sq|w_pawn/w_rook|white_sq|w_bishop|white_sq|black_sq|w_bishop|w_knight|w_rook
exists_wQ_002,q8,0,"[[4, 6]]",8,8,white_sq|b_rook|b_bishop|black_sq|white_sq|black_sq|white_sq|b_rook/b_pawn|white_sq|w_knight|white_sq|b_bishop|b_king|black_sq|b_pawn/b_knight|black_sq|white_sq|black_sq|white_sq|w_bishop|white_sq|b_knight/black_sq|white_sq|black_sq|b_pawn|black_sq|white_sq|black_sq|white_sq/white_sq|b_pawn|w_pawn|black_sq|w_pawn|black_sq|w_queen|black_sq/black_sq|white_sq|black_sq|w_pawn|black_sq|white_sq|black_sq|w_pawn/w_pawn|black_sq|white_sq|w_king|white_sq|b_pawn|w_pawn|black_sq/w_rook|white_sq|black_sq|white_sq|black_sq|w_bishop|w_knight|w_rook
exists_wQ_003,q8,0,"[[7, 4]]",8,8,b_rook|black_sq|white_sq|black_sq|white_sq|black_sq|b_queen|black_sq/b_pawn|white_sq|b_pawn|b_pawn|black_sq|b_pawn|black_sq|white_sq/w_pawn|black_sq|white_sq|b_king|white_sq|black_sq|white_sq|b_rook/black_sq|b_pawn|b_bishop|white_sq|b_pawn|w_pawn|w_pawn|b_pawn/white_sq|b_knight|white_sq|w_pawn|white_sq|b_knight|white_sq|black_sq/w_knight|white_sq|black_sq|white_sq|black_sq|white_sq|black_sq|w_rook/w_pawn|black_sq|w_pawn|black_sq|w_pawn|w_king|w_pawn|black_sq/w_rook|white_sq|black_sq|white_sq|w_queen|w_bishop|w_knight|white_sq
exists_wQ_004,q8,0,"[[6, 3]]",8,8,b_rook|b_knight|b_bishop|b_queen|white_sq|black_sq|b_knight|b_rook/b_pawn|b_pawn|b_pawn|b_pawn|b_bishop|white_sq|black_sq|white_sq/white_sq|black_sq|white_sq|black_sq|b_king|black_sq|b_pawn|b_pawn/black_sq|white_sq|black_sq|white_sq|b_pawn|b_pawn|black_sq|white_sq/white_sq|black_sq|white_sq|w_pawn|white_sq|w_pawn|white_sq|black_sq/black_sq|white_sq|w_pawn|white_sq|black_sq|white_sq|w_pawn|w_pawn/w_pawn|w_pawn|white_sq|w_queen|w_pawn|black_sq|white_sq|black_sq/w_rook|w_knight|w_bishop|white_sq|w_king|w_bishop|w_knight|w_rook
exists_wQ_005,q8,1,[],8,8,b_rook|black_sq|white_sq|black_sq|w_knight|black_sq|b_king|black_sq/w_knight|b_bishop|black_sq|white_sq|black_sq|w_rook|black_sq|white_sq/b_knight|b_pawn|white_sq|black_sq|white_sq|w_pawn|white_sq|black_sq/black_sq|white_sq|black_sq|b_pawn|black_sq|white_sq|black_sq|white_sq/b_pawn|b_pawn|w_pawn|black_sq|white_sq|black_sq|b_pawn|black_sq/w_pawn|white_sq|black_sq|white_sq|w_king|white_sq|w_pawn|white_sq/white_sq|black_sq|white_sq|black_sq|white_sq|black_sq|w_pawn|b_rook/w_bishop|w_rook|black_sq|white_sq|black_sq|w_bishop|black_sq|white_sq
exists_wQ_006,q8,1,[],8,8,white_sq|b_knight|white_sq|black_sq|white_sq|black_sq|b_knight|w_bishop/black_sq|white_sq|b_rook|white_sq|black_sq|white_sq|black_sq|white_sq/white_sq|black_sq|b_king|black_sq|b_pawn|black_sq|b_pawn|black_sq/black_sq|white_sq|w_pawn|white_sq|black_sq|w_pawn|black_sq|white_sq/white_sq|black_sq|b_bishop|b_pawn|white_sq|w_knight|white_sq|black_sq/black_sq|w_pawn|black_sq|w_pawn|black_sq|white_sq|w_pawn|b_pawn/white_sq|black_sq|white_sq|black_sq|white_sq|black_sq|white_sq|w_pawn/b_rook|w_knight|black_sq|w_king|black_sq|w_bishop|black_sq|w_rook
exists_wQ_007,q8,0,"[[3, 0]]",8,8,b_rook|black_sq|b_bishop|b_queen|b_king|b_bishop|b_knight|b_rook/b_pawn|white_sq|b_pawn|b_pawn|b_pawn|white_sq|black_sq|white_sq/white_sq|black_sq|white_sq|black_sq|white_sq|black_sq|b_pawn|b_pawn/w_queen|b_pawn|black_sq|white_sq|black_sq|b_pawn|black_sq|white_sq/white_sq|black_sq|white_sq|black_sq|white_sq|w_pawn|white_sq|black_sq/black_sq|white_sq|black_sq|b_knight|black_sq|white_sq|w_pawn|w_pawn/w_pawn|black_sq|w_pawn|w_pawn|w_pawn|black_sq|white_sq|black_sq/w_rook|w_knight|w_bishop|white_sq|w_king|w_bishop|w_knight|w_rook
exists_wQ_008,q8,1,[],8,8,white_sq|b_knight|white_sq|black_sq|white_sq|b_king|white_sq|b_rook/b_pawn|white_sq|black_sq|white_sq|b_rook|white_sq|black_sq|white_sq/w_rook|w_pawn|white_sq|black_sq|b_pawn|b_bishop|white_sq|b_pawn/black_sq|white_sq|b_pawn|white_sq|black_sq|w_pawn|b_pawn|white_sq/white_sq|black_sq|w_pawn|b_pawn|w_pawn|black_sq|white_sq|black_sq/black_sq|w_pawn|black_sq|w_pawn|black_sq|white_sq|b_knight|white_sq/white_sq|black_sq|white_sq|black_sq|white_sq|w_knight|w_pawn|black_sq/black_sq|white_sq|w_bishop|white_sq|w_king|white_sq|w_knight|white_sq
exists_wQ_009,q8,0,"[[1, 5]]",8,8,b_rook|black_sq|b_bishop|b_queen|white_sq|black_sq|b_knight|b_rook/black_sq|b_pawn|black_sq|b_pawn|b_pawn|w_queen|black_sq|b_pawn/b_pawn|black_sq|white_sq|black_sq|white_sq|b_pawn|white_sq|black_sq/black_sq|white_sq|b_pawn|white_sq|b_king|white_sq|b_pawn|white_sq/white_sq|w_pawn|b_knight|black_sq|white_sq|black_sq|white_sq|w_pawn/w_pawn|white_sq|black_sq|white_sq|black_sq|w_pawn|black_sq|white_sq/white_sq|black_sq|white_sq|black_sq|w_pawn|w_king|w_pawn|black_sq/w_rook|w_knight|black_sq|white_sq|black_sq|w_bishop|w_knight|w_rook
exists_wQ_010,q8,1,[],8,8,white_sq|black_sq|b_bishop|black_sq|white_sq|b_bishop|white_sq|black_sq/black_sq|white_sq|black_sq|b_queen|black_sq|b_king|b_pawn|b_rook/white_sq|b_pawn|white_sq|b_pawn|b_pawn|b_knight|white_sq|b_knight/w_bishop|b_pawn|b_pawn|white_sq|black_sq|white_sq|black_sq|white_sq/white_sq|black_sq|white_sq|black_sq|w_pawn|b_pawn|b_pawn|w_pawn/w_pawn|white_sq|black_sq|white_sq|black_sq|white_sq|black_sq|white_sq/white_sq|w_knight|w_pawn|black_sq|white_sq|w_pawn|white_sq|w_rook/w_rook|white_sq|black_sq|white_sq|w_king|w_bishop|black_sq|white_sq
exists_wQ_011,q8,1,[],8,8,white_sq|black_sq|white_sq|black_sq|white_sq|black_sq|white_sq|b_rook/b_pawn|white_sq|b_king|white_sq|b_knight|w_pawn|black_sq|b_pawn/white_sq|black_sq|w_pawn|black_sq|white_sq|black_sq|b_pawn|black_sq/w_pawn|b_rook|w_rook|white_sq|black_sq|white_sq|black_sq|white_sq/white_sq|black_sq|white_sq|b_pawn|white_sq|black_sq|white_sq|black_sq/b_bishop|white_sq|black_sq|white_sq|black_sq|white_sq|b_queen|w_pawn/white_sq|black_sq|white_sq|black_sq|white_sq|black_sq|white_sq|black_sq/black_sq|white_sq|black_sq|white_sq|black_sq|white_sq|w_knight|w_king
exists_wQ_012,q8,0,"[[5, 3]]",8,8,b_rook|b_knight|b_bishop|b_queen|b_king|b_bishop|b_knight|b_rook/b_pawn|b_pawn|b_pawn|b_pawn|black_sq|b_pawn|b_pawn|b_pawn/white_sq|black_sq|white_sq|black_sq|white_sq|black_sq|white_sq|black_sq/black_sq|white_sq|black_sq|white_sq|b_pawn|white_sq|black_sq|white_sq/white_sq|black_sq|white_sq|black_sq|white_sq|black_sq|white_sq|black_sq/w_knight|white_sq|black_sq|w_queen|black_sq|white_sq|black_sq|white_sq/w_pawn|w_pawn|w_pawn|w_pawn|w_pawn|w_pawn|w_pawn|w_pawn/w_rook|white_sq|w_bishop|white_sq|w_king|w_bishop|w_knight|w_rook
exists_wQ_013,q8,0,"[[5, 6]]",8,8,white_sq|black_sq|white_sq|black_sq|b_king|black_sq|white_sq|black_sq/black_sq|white_sq|b_pawn|white_sq|b_knight|b_rook|black_sq|white_sq/b_rook|black_sq|w_pawn|black_sq|white_sq|black_sq|white_sq|b_pawn/black_sq|w_bishop|b_queen|b_knight|black_sq|white_sq|w_knight|w_pawn/white_sq|black_sq|w_pawn|black_sq|white_sq|w_bishop|w_pawn|black_sq/black_sq|w_pawn|black_sq|white_sq|black_sq|white_sq|w_queen|white_sq/w_rook|black_sq|white_sq|black_sq|white_sq|w_pawn|white_sq|black_sq/black_sq|w_knight|b_bishop|white_sq|black_sq|white_sq|w_king|w_rook
exists_wQ_014,q8,1,[],8,8,white_sq|b_knight|b_bishop|black_sq|b_king|b_bishop|white_sq|b_rook/black_sq|white_sq|black_sq|white_sq|black_sq|w_knight|black_sq|b_pawn/white_sq|black_sq|white_sq|black_sq|white_sq|black_sq|b_rook|black_sq/b_pawn|white_sq|b_pawn|b_pawn|b_pawn|white_sq|w_bishop|white_sq/w_pawn|black_sq|b_pawn|black_sq|white_sq|black_sq|white_sq|black_sq/black_sq|white_sq|black_sq|w_pawn|black_sq|w_pawn|black_sq|white_sq/w_knight|w_pawn|w_rook|black_sq|b_pawn|black_sq|w_pawn|black_sq/black_sq|white_sq|black_sq|white_sq|w_king|w_bishop|black_sq|w_rook
exists_wQ_015,q8,1,[],8,8,b_rook|black_sq|white_sq|black_sq|white_sq|b_knight|white_sq|black_sq/b_pawn|white_sq|black_sq|white_sq|black_sq|white_sq|black_sq|white_sq/b_bishop|black_sq|w_pawn|black_sq|white_sq|black_sq|b_king|b_knight/w_pawn|white_sq|black_sq|b_pawn|w_pawn|white_sq|black_sq|white_sq/white_sq|b_bishop|white_sq|w_bishop|white_sq|w_pawn|white_sq|b_pawn/black_sq|w_pawn|b_pawn|white_sq|b_pawn|white_sq|black_sq|w_pawn/white_sq|w_knight|white_sq|black_sq|white_sq|black_sq|white_sq|black_sq/black_sq|white_sq|w_rook|w_king|black_sq|white_sq|black_sq|white_sq
exists_wQ_016,q8,1,[],8,8,b_rook|black_sq|b_queen|black_sq|b_king|b_bishop|white_sq|b_rook/black_sq|b_pawn|b_pawn|b_bishop|b_pawn|b_pawn|black_sq|b_pawn/b_pawn|black_sq|b_knight|black_sq|white_sq|black_sq|white_sq|b_knight/black_sq|white_sq|black_sq|b_pawn|black_sq|white_sq|b_pawn|white_sq/w_knight|w_pawn|white_sq|black_sq|white_sq|black_sq|white_sq|black_sq/black_sq|white_sq|black_sq|w_pawn|black_sq|white_sq|black_sq|white_sq/w_pawn|black_sq|w_pawn|w_bishop|w_pawn|w_pawn|w_pawn|w_pawn/w_rook|white_sq|black_sq|white_sq|w_king|w_bishop|w_knight|w_rook
exists_wQ_017,q8,0,"[[3, 6]]",8,8,b_rook|b_knight|white_sq|b_queen|b_king|b_bishop|white_sq|b_rook/b_pawn|b_bishop|b_pawn|b_pawn|b_pawn|b_pawn|black_sq|white_sq/white_sq|b_pawn|white_sq|black_sq|white_sq|b_knight|b_pawn|black_sq/black_sq|w_knight|black_sq|white_sq|black_sq|white_sq|w_queen|b_pawn/w_pawn|black_sq|white_sq|black_sq|w_pawn|w_pawn|white_sq|w_pawn/black_sq|white_sq|black_sq|white_sq|black_sq|white_sq|black_sq|white_sq/white_sq|w_pawn|w_pawn|w_pawn|white_sq|w_king|w_pawn|black_sq/w_rook|white_sq|w_bishop|white_sq|black_sq|w_bishop|w_knight|w_rook
exists_wQ_018,q8,0,"[[5, 2]]",8,8,white_sq|black_sq|white_sq|black_sq|white_sq|black_sq|white_sq|b_rook/black_sq|b_bishop|black_sq|b_king|black_sq|b_pawn|black_sq|white_sq/white_sq|black_sq|white_sq|b_pawn|b_pawn|w_pawn|white_sq|b_pawn/black_sq|b_pawn|b_pawn|white_sq|b_knight|white_sq|w_rook|white_sq/w_pawn|b_pawn|w_pawn|black_sq|white_sq|black_sq|white_sq|w_pawn/black_sq|white_sq|w_queen|white_sq|w_knight|white_sq|black_sq|white_sq/white_sq|black_sq|white_sq|w_pawn|white_sq|black_sq|white_sq|black_sq/black_sq|white_sq|w_rook|white_sq|black_sq|w_king|black_sq|white_sq
exists_wQ_019,q8,1,[],8,8,white_sq|b_rook|b_bishop|b_king|white_sq|b_rook|white_sq|black_sq/black_sq|b_pawn|black_sq|white_sq|black_sq|white_sq|b_pawn|b_pawn/white_sq|w_rook|white_sq|b_bishop|white_sq|b_pawn|white_sq|black_sq/b_pawn|white_sq|b_pawn|w_pawn|b_pawn|white_sq|black_sq|white_sq/white_sq|black_sq|white_sq|black_sq|w_pawn|w_knight|white_sq|w_pawn/w_pawn|white_sq|black_sq|white_sq|black_sq|white_sq|b_knight|white_sq/white_sq|black_sq|white_sq|w_pawn|white_sq|w_pawn|w_pawn|w_rook/black_sq|w_knight|w_bishop|white_sq|w_king|white_sq|black_sq|white_sq
exists_wQ_020,q8,1,[],8,8,white_sq|black_sq|white_sq|black_sq|white_sq|black_sq|white_sq|b_rook/b_pawn|white_sq|b_king|white_sq|b_knight|w_pawn|black_sq|b_pawn/white_sq|black_sq|w_pawn|black_sq|white_sq|black_sq|b_pawn|black_sq/w_pawn|b_rook|w_rook|white_sq|black_sq|white_sq|black_sq|white_sq/white_sq|black_sq|white_sq|b_pawn|white_sq|black_sq|white_sq|black_sq/b_bishop|white_sq|black_sq|white_sq|black_sq|white_sq|b_queen|w_pawn/white_sq|black_sq|white_sq|black_sq|white_sq|black_sq|white_sq|black_sq/black_sq|white_sq|black_sq|white_sq|black_sq|white_sq|w_knight|w_king
exists_wQ_021,q8,1,[],8,8,b_rook|black_sq|white_sq|black_sq|b_king|b_bishop|white_sq|b_rook/black_sq|b_pawn|black_sq|white_sq|black_sq|b_pawn|b_pawn|b_pawn/white_sq|b_knight|b_pawn|b_pawn|b_queen|black_sq|white_sq|b_knight/black_sq|white_sq|black_sq|w_knight|black_sq|white_sq|black_sq|w_pawn/b_pawn|w_pawn|white_sq|black_sq|w_pawn|w_pawn|white_sq|black_sq/w_bishop|white_sq|black_sq|w_pawn|black_sq|white_sq|black_sq|w_pawn/w_pawn|black_sq|w_pawn|w_knight|white_sq|black_sq|white_sq|black_sq/w_rook|white_sq|black_sq|w_king|black_sq|w_bishop|black_sq|w_rook
exists_wQ_022,q8,0,"[[3, 7]]",8,8,b_rook|black_sq|white_sq|black_sq|white_sq|b_bishop|b_king|black_sq/b_pawn|b_pawn|black_sq|white_sq|black_sq|white_sq|b_pawn|white_sq/white_sq|black_sq|b_pawn|w_pawn|white_sq|b_queen|white_sq|black_sq/black_sq|b_bishop|b_knight|white_sq|black_sq|white_sq|b_pawn|w_queen/white_sq|black_sq|white_sq|black_sq|white_sq|black_sq|white_sq|black_sq/b_rook|white_sq|black_sq|w_knight|black_sq|b_bishop|black_sq|white_sq/w_pawn|black_sq|w_pawn|black_sq|white_sq|black_sq|white_sq|w_pawn/black_sq|white_sq|black_sq|white_sq|black_sq|w_rook|w_king|w_rook
exists_wQ_023,q8,0,"[[0, 7]]",8,8,b_knight|b_rook|b_bishop|black_sq|white_sq|black_sq|b_rook|w_queen/b_pawn|b_pawn|black_sq|white_sq|black_sq|b_king|black_sq|b_pawn/white_sq|black_sq|b_queen|black_sq|b_pawn|black_sq|white_sq|black_sq/w_pawn|white_sq|b_pawn|b_pawn|black_sq|white_sq|black_sq|white_sq/white_sq|black_sq|w_pawn|w_pawn|w_pawn|black_sq|b_pawn|w_pawn/black_sq|white_sq|black_sq|white_sq|black_sq|white_sq|b_bishop|w_knight/white_sq|w_pawn|white_sq|w_rook|white_sq|black_sq|white_sq|black_sq/black_sq|white_sq|w_bishop|white_sq|black_sq|w_bishop|w_king|w_knight
exists_wQ_024,q8,1,[],8,8,white_sq|black_sq|white_sq|b_rook|white_sq|b_bishop|b_rook|black_sq/b_knight|white_sq|black_sq|white_sq|b_king|white_sq|b_pawn|white_sq/white_sq|black_sq|white_sq|black_sq|white_sq|black_sq|white_sq|black_sq/b_pawn|white_sq|black_sq|white_sq|black_sq|white_sq|black_sq|white_sq/w_pawn|black_sq|w_bishop|black_sq|b_pawn|black_sq|w_pawn|w_pawn/black_sq|w_pawn|w_king|white_sq|black_sq|white_sq|b_knight|w_knight/white_sq|black_sq|w_pawn|black_sq|white_sq|black_sq|white_sq|black_sq/black_sq|white_sq|w_rook|white_sq|w_rook|white_sq|black_sq|white_sq
exists_wQ_025,q8,1,[],8,8,white_sq|black_sq|white_sq|black_sq|white_sq|b_king|white_sq|black_sq/black_sq|white_sq|b_rook|white_sq|b_rook|white_sq|b_bishop|white_sq/white_sq|black_sq|b_pawn|b_pawn|white_sq|black_sq|white_sq|black_sq/b_pawn|white_sq|black_sq|white_sq|black_sq|b_pawn|black_sq|white_sq/w_knight|black_sq|white_sq|w_pawn|white_sq|w_pawn|b_bishop|black_sq/black_sq|white_sq|b_pawn|b_queen|black_sq|white_sq|black_sq|b_pawn/w_pawn|black_sq|white_sq|w_rook|w_pawn|black_sq|white_sq|w_bishop/black_sq|white_sq|black_sq|w_king|black_sq|white_sq|black_sq|w_rook
exists_wQ_026,q8,1,[],8,8,b_rook|b_knight|white_sq|black_sq|b_king|b_bishop|b_knight|black_sq/black_sq|white_sq|b_queen|white_sq|b_pawn|white_sq|b_pawn|b_rook/b_pawn|b_pawn|white_sq|b_pawn|b_bishop|b_pawn|white_sq|w_bishop/black_sq|white_sq|b_pawn|white_sq|black_sq|white_sq|black_sq|b_pawn/white_sq|black_sq|w_pawn|w_pawn|white_sq|black_sq|white_sq|w_pawn/black_sq|white_sq|w_knight|white_sq|black_sq|white_sq|w_pawn|w_rook/w_pawn|w_pawn|white_sq|black_sq|w_pawn|w_pawn|white_sq|black_sq/w_rook|white_sq|black_sq|white_sq|w_king|w_bishop|w_knight|white_sq
exists_wQ_027,q8,0,"[[6, 2]]",8,8,white_sq|black_sq|white_sq|black_sq|b_king|b_bishop|b_knight|b_rook/black_sq|white_sq|black_sq|b_rook|b_pawn|white_sq|b_pawn|white_sq/white_sq|black_sq|white_sq|black_sq|white_sq|b_pawn|w_pawn|black_sq/black_sq|b_bishop|w_pawn|w_pawn|b_knight|white_sq|black_sq|white_sq/b_pawn|black_sq|white_sq|black_sq|white_sq|b_queen|white_sq|black_sq/black_sq|w_pawn|black_sq|w_bishop|black_sq|w_rook|black_sq|white_sq/w_king|black_sq|w_queen|black_sq|white_sq|black_sq|white_sq|black_sq/w_rook|white_sq|black_sq|w_knight|black_sq|white_sq|black_sq|white_sq
exists_wQ_028,q8,1,[],8,8,white_sq|black_sq|white_sq|b_rook|b_king|b_bishop|white_sq|b_rook/b_knight|b_bishop|b_pawn|b_pawn|black_sq|white_sq|black_sq|w_knight/white_sq|black_sq|white_sq|black_sq|b_pawn|black_sq|b_pawn|black_sq/black_sq|b_pawn|black_sq|white_sq|black_sq|b_pawn|b_knight|white_sq/b_pawn|black_sq|white_sq|black_sq|white_sq|black_sq|white_sq|w_pawn/w_pawn|white_sq|w_knight|white_sq|w_pawn|w_bishop|black_sq|white_sq/white_sq|black_sq|w_pawn|w_bishop|white_sq|w_pawn|white_sq|black_sq/black_sq|w_rook|w_king|white_sq|black_sq|w_rook|black_sq|white_sq
exists_wQ_029,q8,0,"[[0, 7]]",8,8,white_sq|black_sq|white_sq|black_sq|white_sq|black_sq|white_sq|w_queen/black_sq|b_king|black_sq|white_sq|black_sq|white_sq|b_bishop|b_queen/white_sq|b_rook|white_sq|b_pawn|b_pawn|b_pawn|white_sq|black_sq/w_pawn|w_knight|black_sq|white_sq|w_knight|white_sq|black_sq|b_rook/b_knight|black_sq|white_sq|w_pawn|white_sq|black_sq|white_sq|w_pawn/black_sq|white_sq|black_sq|white_sq|w_pawn|white_sq|w_pawn|white_sq/w_pawn|w_rook|w_pawn|black_sq|white_sq|black_sq|white_sq|w_rook/black_sq|white_sq|w_bishop|white_sq|w_king|w_bishop|black_sq|white_sq
exists_wQ_030,q8,0,"[[4, 7]]",8,8,white_sq|black_sq|white_sq|black_sq|white_sq|b_king|white_sq|b_rook/black_sq|white_sq|black_sq|white_sq|black_sq|white_sq|black_sq|b_pawn/white_sq|black_sq|w_knight|w_pawn|b_pawn|black_sq|b_pawn|black_sq/black_sq|white_sq|b_rook|white_sq|black_sq|b_pawn|black_sq|white_sq/w_pawn|black_sq|w_pawn|black_sq|b_bishop|w_pawn|white_sq|w_queen/black_sq|w_king|black_sq|white_sq|black_sq|white_sq|black_sq|white_sq/white_sq|black_sq|white_sq|w_knight|white_sq|black_sq|white_sq|black_sq/b_bishop|white_sq|black_sq|w_rook|w_bishop|white_sq|black_sq|b_knight
exists_wQ_031,q8,0,"[[5, 4]]",8,8,white_sq|black_sq|white_sq|black_sq|white_sq|black_sq|white_sq|w_bishop/black_sq|white_sq|black_sq|b_queen|b_bishop|b_bishop|black_sq|white_sq/white_sq|b_rook|white_sq|black_sq|white_sq|black_sq|b_king|black_sq/w_pawn|white_sq|b_pawn|b_pawn|black_sq|white_sq|black_sq|b_pawn/w_pawn|black_sq|white_sq|b_pawn|w_pawn|b_pawn|white_sq|w_pawn/black_sq|white_sq|black_sq|white_sq|w_queen|white_sq|black_sq|w_rook/white_sq|black_sq|white_sq|black_sq|w_pawn|b_knight|w_pawn|black_sq/black_sq|white_sq|w_king|white_sq|black_sq|w_bishop|w_knight|white_sq
exists_wQ_032,q8,1,[],8,8,white_sq|b_knight|b_bishop|b_queen|b_king|black_sq|b_knight|black_sq/black_sq|b_rook|black_sq|white_sq|b_pawn|white_sq|black_sq|white_sq/b_pawn|w_pawn|b_pawn|black_sq|white_sq|black_sq|white_sq|black_sq/w_pawn|white_sq|b_rook|b_pawn|w_knight|white_sq|b_pawn|b_pawn/white_sq|black_sq|w_knight|w_pawn|white_sq|b_pawn|w_pawn|w_pawn/black_sq|w_pawn|black_sq|white_sq|b_bishop|white_sq|black_sq|white_sq/w_rook|black_sq|white_sq|black_sq|w_pawn|black_sq|w_bishop|black_sq/black_sq|white_sq|black_sq|white_sq|w_king|white_sq|black_sq|w_rook
exists_wQ_033,q8,1,[],8,8,white_sq|black_sq|white_sq|black_sq|white_sq|black_sq|white_sq|b_rook/b_pawn|white_sq|b_king|white_sq|b_knight|w_pawn|black_sq|b_pawn/white_sq|black_sq|w_pawn|black_sq|white_sq|black_sq|b_pawn|black_sq/w_pawn|b_rook|w_rook|white_sq|black_sq|white_sq|black_sq|white_sq/white_sq|black_sq|white_sq|b_pawn|white_sq|black_sq|white_sq|black_sq/b_bishop|white_sq|black_sq|white_sq|black_sq|white_sq|b_queen|w_pawn/white_sq|black_sq|white_sq|black_sq|white_sq|black_sq|white_sq|black_sq/black_sq|white_sq|black_sq|white_sq|black_sq|white_sq|w_knight|w_king
exists_wQ_034,q8,0,"[[0, 1]]",8,8,b_rook|w_queen|white_sq|b_king|white_sq|b_rook|white_sq|black_sq/b_pawn|white_sq|black_sq|white_sq|black_sq|b_pawn|black_sq|white_sq/white_sq|w_pawn|white_sq|black_sq|white_sq|w_pawn|white_sq|black_sq/black_sq|white_sq|b_pawn|b_bishop|black_sq|white_sq|b_pawn|white_sq/w_pawn|black_sq|white_sq|w_pawn|white_sq|black_sq|white_sq|b_pawn/b_knight|white_sq|black_sq|b_pawn|w_pawn|w_pawn|b_bishop|w_knight/white_sq|black_sq|white_sq|w_king|white_sq|black_sq|white_sq|black_sq/w_rook|white_sq|w_bishop|white_sq|black_sq|w_rook|black_sq|w_bishop
exists_wQ_035,q8,1,[],8,8,white_sq|black_sq|white_sq|b_rook|b_king|b_rook|white_sq|black_sq/b_knight|white_sq|b_pawn|white_sq|black_sq|white_sq|black_sq|b_pawn/white_sq|black_sq|white_sq|black_sq|white_sq|b_pawn|white_sq|b_knight/b_pawn|white_sq|w_pawn|white_sq|b_pawn|w_pawn|black_sq|white_sq/w_pawn|black_sq|white_sq|w_pawn|w_pawn|black_sq|white_sq|w_pawn/black_sq|white_sq|b_pawn|white_sq|black_sq|white_sq|w_pawn|w_bishop/w_rook|black_sq|white_sq|black_sq|w_king|black_sq|white_sq|black_sq/black_sq|b_queen|w_bishop|white_sq|black_sq|w_rook|black_sq|white_sq
exists_wQ_036,q8,0,"[[6, 2]]",8,8,white_sq|b_knight|white_sq|black_sq|white_sq|b_rook|white_sq|black_sq/b_pawn|b_pawn|black_sq|white_sq|black_sq|white_sq|black_sq|white_sq/white_sq|black_sq|white_sq|b_pawn|white_sq|black_sq|white_sq|b_rook/black_sq|b_pawn|black_sq|b_king|black_sq|b_bishop|black_sq|white_sq/white_sq|w_pawn|white_sq|black_sq|white_sq|black_sq|white_sq|black_sq/w_pawn|white_sq|black_sq|w_pawn|black_sq|w_pawn|black_sq|w_rook/w_rook|w_king|w_queen|black_sq|white_sq|black_sq|w_pawn|w_bishop/black_sq|white_sq|black_sq|white_sq|black_sq|w_bishop|black_sq|white_sq
exists_wQ_037,q8,0,"[[4, 4]]",8,8,white_sq|black_sq|white_sq|b_rook|b_king|b_bishop|white_sq|b_rook/b_pawn|b_bishop|black_sq|white_sq|black_sq|b_pawn|black_sq|b_pawn/white_sq|black_sq|white_sq|w_pawn|white_sq|w_pawn|white_sq|b_knight/black_sq|white_sq|w_pawn|white_sq|b_pawn|white_sq|b_pawn|white_sq/white_sq|black_sq|white_sq|black_sq|w_queen|black_sq|w_pawn|black_sq/w_bishop|b_queen|black_sq|w_pawn|black_sq|w_bishop|black_sq|w_pawn/w_pawn|black_sq|b_knight|w_king|white_sq|black_sq|white_sq|black_sq/w_rook|white_sq|black_sq|white_sq|black_sq|white_sq|black_sq|w_rook
exists_wQ_038,q8,1,[],8,8,white_sq|black_sq|white_sq|black_sq|white_sq|b_king|white_sq|black_sq/black_sq|white_sq|b_rook|white_sq|b_rook|white_sq|b_bishop|white_sq/white_sq|black_sq|b_pawn|b_pawn|white_sq|black_sq|white_sq|black_sq/b_pawn|white_sq|black_sq|white_sq|black_sq|b_pawn|black_sq|white_sq/w_knight|black_sq|white_sq|w_pawn|white_sq|w_pawn|b_bishop|black_sq/black_sq|white_sq|b_pawn|b_queen|black_sq|white_sq|black_sq|b_pawn/w_pawn|black_sq|white_sq|w_rook|w_pawn|black_sq|white_sq|w_bishop/black_sq|white_sq|black_sq|w_king|black_sq|white_sq|black_sq|w_rook
exists_wQ_039,q8,0,"[[0, 0]]",8,8,w_queen|black_sq|b_bishop|black_sq|b_king|b_bishop|b_knight|black_sq/b_rook|white_sq|b_pawn|b_pawn|black_sq|b_queen|b_pawn|b_rook/white_sq|black_sq|b_knight|black_sq|b_pawn|b_pawn|white_sq|black_sq/b_pawn|b_pawn|black_sq|white_sq|black_sq|white_sq|w_bishop|b_pawn/white_sq|black_sq|white_sq|w_pawn|white_sq|black_sq|white_sq|w_pawn/black_sq|white_sq|black_sq|white_sq|black_sq|w_pawn|black_sq|white_sq/w_pawn|w_pawn|w_pawn|black_sq|w_pawn|black_sq|w_pawn|black_sq/w_rook|w_knight|black_sq|white_sq|w_king|w_bishop|w_knight|w_rook
exists_wQ_040,q8,0,"[[1, 2]]",8,8,b_rook|b_knight|b_bishop|black_sq|white_sq|black_sq|b_knight|b_rook/black_sq|white_sq|w_queen|b_pawn|b_king|white_sq|black_sq|b_pawn/white_sq|black_sq|white_sq|black_sq|b_pawn|black_sq|b_pawn|black_sq/b_pawn|b_pawn|black_sq|white_sq|black_sq|b_pawn|b_queen|white_sq/white_sq|black_sq|white_sq|black_sq|w_pawn|black_sq|w_pawn|black_sq/b_bishop|white_sq|b_pawn|w_pawn|black_sq|white_sq|black_sq|white_sq/white_sq|w_pawn|w_pawn|w_bishop|w_bishop|w_pawn|white_sq|w_pawn/w_rook|w_knight|black_sq|white_sq|w_king|white_sq|w_knight|w_rook
exists_wQ_041,q8,0,"[[7, 3]]",8,8,white_sq|black_sq|w_knight|black_sq|white_sq|black_sq|b_rook|black_sq/black_sq|b_knight|b_pawn|white_sq|black_sq|b_bishop|black_sq|b_king/white_sq|black_sq|white_sq|black_sq|white_sq|black_sq|white_sq|b_bishop/black_sq|white_sq|black_sq|b_pawn|w_pawn|b_knight|black_sq|white_sq/white_sq|b_pawn|white_sq|w_pawn|white_sq|w_knight|b_pawn|w_pawn/black_sq|white_sq|black_sq|white_sq|black_sq|white_sq|black_sq|white_sq/white_sq|black_sq|white_sq|black_sq|w_rook|black_sq|w_pawn|w_rook/black_sq|white_sq|w_bishop|w_queen|black_sq|w_king|black_sq|white_sq
exists_wQ_042,q8,1,[],8,8,white_sq|black_sq|white_sq|black_sq|white_sq|black_sq|b_king|b_rook/black_sq|white_sq|black_sq|white_sq|black_sq|white_sq|w_bishop|w_knight/white_sq|black_sq|white_sq|black_sq|white_sq|black_sq|white_sq|b_bishop/black_sq|b_pawn|black_sq|b_knight|black_sq|white_sq|black_sq|white_sq/w_pawn|black_sq|white_sq|black_sq|white_sq|black_sq|white_sq|black_sq/black_sq|w_rook|black_sq|white_sq|b_pawn|w_pawn|black_sq|white_sq/white_sq|black_sq|white_sq|black_sq|w_pawn|black_sq|white_sq|w_pawn/black_sq|white_sq|black_sq|white_sq|w_king|w_rook|black_sq|white_sq
exists_wQ_043,q8,0,"[[2, 2]]",8,8,white_sq|b_rook|white_sq|black_sq|b_rook|black_sq|white_sq|black_sq/b_knight|white_sq|black_sq|b_queen|b_king|white_sq|black_sq|b_pawn/white_sq|b_pawn|w_queen|b_pawn|b_pawn|b_pawn|white_sq|b_bishop/black_sq|w_pawn|black_sq|w_pawn|w_pawn|white_sq|b_pawn|b_bishop/white_sq|black_sq|white_sq|black_sq|white_sq|w_pawn|white_sq|w_pawn/w_pawn|w_knight|b_pawn|white_sq|black_sq|w_bishop|black_sq|white_sq/white_sq|black_sq|white_sq|black_sq|white_sq|black_sq|white_sq|black_sq/w_rook|w_knight|w_bishop|white_sq|black_sq|white_sq|w_king|w_rook
exists_wQ_044,q8,0,"[[1, 5]]",8,8,white_sq|b_knight|b_bishop|b_queen|white_sq|b_king|b_rook|black_sq/black_sq|b_rook|black_sq|b_pawn|black_sq|w_queen|black_sq|white_sq/b_pawn|black_sq|white_sq|black_sq|white_sq|black_sq|white_sq|b_knight/black_sq|white_sq|black_sq|white_sq|black_sq|b_pawn|black_sq|b_pawn/white_sq|b_pawn|b_pawn|black_sq|white_sq|w_pawn|b_pawn|w_pawn/black_sq|white_sq|black_sq|w_pawn|black_sq|white_sq|black_sq|white_sq/w_pawn|black_sq|w_knight|black_sq|w_pawn|w_knight|white_sq|black_sq/black_sq|white_sq|w_bishop|w_king|w_rook|white_sq|black_sq|white_sq
exists_wQ_045,q8,1,[],8,8,white_sq|b_rook|b_bishop|b_queen|b_king|b_bishop|b_knight|b_rook/b_pawn|white_sq|black_sq|b_pawn|black_sq|white_sq|black_sq|b_pawn/b_knight|b_pawn|b_pawn|black_sq|b_pawn|black_sq|b_pawn|black_sq/black_sq|white_sq|black_sq|white_sq|black_sq|white_sq|black_sq|white_sq/white_sq|black_sq|white_sq|black_sq|white_sq|black_sq|white_sq|black_sq/black_sq|w_pawn|w_pawn|white_sq|w_pawn|white_sq|black_sq|white_sq/w_pawn|black_sq|white_sq|w_pawn|white_sq|w_pawn|w_pawn|w_pawn/w_rook|w_knight|w_bishop|white_sq|w_king|white_sq|w_knight|w_rook
exists_wQ_046,q8,1,[],8,8,b_rook|b_knight|white_sq|b_queen|b_king|b_bishop|b_knight|b_rook/b_pawn|white_sq|b_pawn|white_sq|b_pawn|white_sq|b_pawn|white_sq/white_sq|black_sq|white_sq|b_pawn|white_sq|b_pawn|white_sq|b_pawn/black_sq|b_pawn|black_sq|white_sq|black_sq|b_bishop|black_sq|white_sq/white_sq|w_pawn|white_sq|w_pawn|white_sq|black_sq|white_sq|black_sq/black_sq|white_sq|black_sq|white_sq|black_sq|w_knight|w_pawn|white_sq/w_pawn|black_sq|w_pawn|w_bishop|w_pawn|w_pawn|white_sq|w_pawn/w_rook|w_knight|black_sq|white_sq|w_king|w_bishop|black_sq|w_rook
exists_wQ_047,q8,1,[],8,8,b_king|black_sq|white_sq|black_sq|white_sq|black_sq|white_sq|b_rook/black_sq|white_sq|black_sq|white_sq|black_sq|white_sq|b_bishop|b_pawn/b_rook|b_pawn|white_sq|black_sq|white_sq|b_pawn|white_sq|black_sq/b_pawn|white_sq|black_sq|white_sq|black_sq|w_pawn|black_sq|white_sq/white_sq|black_sq|white_sq|w_pawn|b_pawn|black_sq|white_sq|black_sq/w_bishop|white_sq|w_pawn|white_sq|w_pawn|white_sq|w_pawn|white_sq/w_pawn|black_sq|white_sq|w_rook|w_bishop|black_sq|white_sq|w_pawn/black_sq|white_sq|w_king|white_sq|black_sq|white_sq|black_sq|w_rook
exists_wQ_048,q8,0,"[[5, 6]]",8,8,white_sq|black_sq|b_bishop|b_queen|b_king|b_bishop|b_knight|b_rook/black_sq|b_pawn|black_sq|b_pawn|b_pawn|b_pawn|b_pawn|b_pawn/b_rook|black_sq|b_pawn|black_sq|white_sq|black_sq|white_sq|black_sq/b_pawn|w_knight|black_sq|white_sq|black_sq|w_pawn|black_sq|white_sq/white_sq|black_sq|white_sq|black_sq|white_sq|black_sq|white_sq|black_sq/black_sq|b_knight|black_sq|w_pawn|w_pawn|white_sq|w_queen|w_knight/w_pawn|w_pawn|w_pawn|black_sq|white_sq|black_sq|w_pawn|w_pawn/w_rook|white_sq|w_bishop|white_sq|w_king|w_bishop|black_sq|w_rook
exists_wQ_049,q8,1,[],8,8,white_sq|b_queen|b_bishop|black_sq|b_king|black_sq|white_sq|black_sq/black_sq|b_pawn|black_sq|white_sq|black_sq|b_rook|black_sq|white_sq/white_sq|b_knight|b_pawn|black_sq|white_sq|black_sq|white_sq|black_sq/black_sq|w_knight|w_pawn|b_pawn|black_sq|b_pawn|b_pawn|white_sq/b_pawn|black_sq|w_pawn|black_sq|b_pawn|black_sq|w_pawn|b_pawn/black_sq|white_sq|black_sq|white_sq|black_sq|white_sq|black_sq|w_pawn/white_sq|black_sq|white_sq|w_pawn|white_sq|black_sq|white_sq|black_sq/black_sq|w_rook|b_knight|white_sq|black_sq|w_king|black_sq|white_sq
exists_wQ_050,q8,0,"[[3, 5]]",8,8,white_sq|b_rook|white_sq|black_sq|white_sq|b_bishop|b_knight|black_sq/b_pawn|b_pawn|black_sq|b_king|b_pawn|b_pawn|b_pawn|b_rook/b_knight|black_sq|b_pawn|black_sq|white_sq|black_sq|white_sq|black_sq/black_sq|white_sq|black_sq|white_sq|b_pawn|w_queen|black_sq|white_sq/white_sq|w_pawn|w_pawn|black_sq|w_pawn|w_bishop|white_sq|b_pawn/black_sq|white_sq|black_sq|w_pawn|w_pawn|w_rook|black_sq|w_pawn/w_pawn|black_sq|white_sq|black_sq|b_bishop|black_sq|white_sq|black_sq/w_rook|w_knight|black_sq|white_sq|w_king|white_sq|black_sq|white_sq
exists_wQ_051,q8,0,"[[4, 0]]",8,8,b_rook|b_knight|white_sq|black_sq|white_sq|black_sq|b_knight|b_rook/black_sq|white_sq|black_sq|b_pawn|black_sq|white_sq|b_king|white_sq/white_sq|black_sq|white_sq|black_sq|b_pawn|black_sq|b_pawn|black_sq/b_pawn|white_sq|black_sq|white_sq|black_sq|white_sq|b_pawn|b_pawn/w_queen|b_bishop|white_sq|w_pawn|white_sq|black_sq|w_pawn|w_knight/black_sq|white_sq|w_pawn|white_sq|w_pawn|w_pawn|black_sq|white_sq/w_pawn|black_sq|white_sq|black_sq|white_sq|black_sq|w_bishop|b_queen/black_sq|white_sq|w_bishop|white_sq|w_rook|w_king|w_rook|white_sq
exists_wQ_052,q8,1,[],8,8,b_knight|black_sq|b_rook|black_sq|white_sq|black_sq|white_sq|black_sq/b_pawn|white_sq|black_sq|white_sq|black_sq|white_sq|black_sq|white_sq/white_sq|black_sq|white_sq|black_sq|b_pawn|black_sq|white_sq|b_king/black_sq|white_sq|w_knight|w_pawn|w_pawn|white_sq|black_sq|white_sq/white_sq|b_bishop|white_sq|black_sq|white_sq|black_sq|w_rook|black_sq/black_sq|white_sq|black_sq|w_pawn|w_king|white_sq|black_sq|white_sq/w_pawn|black_sq|w_knight|black_sq|w_bishop|black_sq|white_sq|black_sq/black_sq|white_sq|black_sq|white_sq|black_sq|white_sq|black_sq|w_rook
exists_wQ_053,q8,1,[],8,8,white_sq|b_knight|white_sq|black_sq|white_sq|b_king|white_sq|b_rook/b_pawn|white_sq|black_sq|white_sq|b_rook|white_sq|black_sq|white_sq/w_rook|w_pawn|white_sq|black_sq|b_pawn|b_bishop|white_sq|b_pawn/black_sq|white_sq|b_pawn|white_sq|black_sq|w_pawn|b_pawn|white_sq/white_sq|black_sq|w_pawn|b_pawn|w_pawn|black_sq|white_sq|black_sq/black_sq|w_pawn|black_sq|w_pawn|black_sq|white_sq|b_knight|white_sq/white_sq|black_sq|white_sq|black_sq|white_sq|w_knight|w_pawn|black_sq/black_sq|white_sq|w_bishop|white_sq|w_king|white_sq|w_knight|white_sq
exists_wQ_054,q8,0,"[[2, 2]]",8,8,b_rook|black_sq|b_bishop|b_queen|white_sq|black_sq|b_knight|b_rook/black_sq|white_sq|b_pawn|white_sq|b_bishop|white_sq|b_pawn|white_sq/white_sq|black_sq|w_queen|black_sq|b_pawn|b_king|white_sq|b_pawn/b_pawn|b_pawn|black_sq|b_pawn|black_sq|b_pawn|black_sq|w_pawn/w_pawn|w_pawn|white_sq|black_sq|white_sq|black_sq|b_knight|black_sq/black_sq|white_sq|w_pawn|w_pawn|black_sq|white_sq|w_pawn|white_sq/white_sq|w_bishop|white_sq|black_sq|w_pawn|w_pawn|w_bishop|black_sq/w_rook|w_knight|black_sq|white_sq|black_sq|w_king|w_knight|w_rook
exists_wQ_055,q8,0,"[[7, 0]]",8,8,white_sq|black_sq|b_bishop|b_queen|b_king|black_sq|white_sq|black_sq/b_pawn|white_sq|b_rook|white_sq|black_sq|white_sq|b_rook|white_sq/white_sq|black_sq|white_sq|black_sq|b_pawn|black_sq|b_pawn|b_bishop/w_pawn|b_pawn|black_sq|b_pawn|black_sq|white_sq|b_pawn|white_sq/white_sq|black_sq|w_bishop|black_sq|white_sq|w_pawn|white_sq|black_sq/black_sq|w_pawn|b_pawn|white_sq|black_sq|white_sq|w_bishop|w_pawn/w_rook|black_sq|w_pawn|black_sq|white_sq|black_sq|white_sq|black_sq/w_queen|white_sq|w_knight|w_king|black_sq|w_rook|black_sq|white_sq
exists_wQ_056,q8,1,[],8,8,b_rook|b_knight|b_bishop|b_queen|b_king|b_bishop|b_knight|b_rook/b_pawn|b_pawn|b_pawn|b_pawn|b_pawn|b_pawn|b_pawn|white_sq/white_sq|black_sq|white_sq|black_sq|white_sq|black_sq|white_sq|b_pawn/black_sq|white_sq|black_sq|white_sq|black_sq|white_sq|black_sq|white_sq/white_sq|black_sq|white_sq|black_sq|white_sq|black_sq|w_pawn|black_sq/black_sq|white_sq|black_sq|white_sq|w_pawn|white_sq|black_sq|white_sq/w_pawn|w_pawn|w_pawn|w_pawn|white_sq|w_pawn|white_sq|w_pawn/w_rook|w_knight|w_bishop|white_sq|w_king|w_bishop|w_knight|w_rook
exists_wQ_057,q8,1,[],8,8,white_sq|black_sq|white_sq|black_sq|white_sq|black_sq|white_sq|b_rook/black_sq|white_sq|b_king|b_rook|black_sq|white_sq|b_bishop|b_pawn/b_bishop|b_pawn|white_sq|black_sq|b_pawn|b_knight|white_sq|black_sq/w_bishop|w_bishop|black_sq|b_pawn|w_pawn|b_pawn|b_knight|white_sq/w_pawn|black_sq|white_sq|w_pawn|w_pawn|black_sq|b_pawn|black_sq/black_sq|white_sq|w_pawn|white_sq|black_sq|white_sq|w_pawn|w_pawn/white_sq|black_sq|white_sq|w_king|white_sq|black_sq|white_sq|black_sq/w_rook|w_knight|black_sq|white_sq|black_sq|white_sq|w_knight|w_rook
exists_wQ_058,q8,0,"[[3, 3]]",8,8,w_knight|black_sq|b_bishop|b_king|white_sq|black_sq|white_sq|b_rook/black_sq|white_sq|black_sq|white_sq|black_sq|white_sq|black_sq|b_queen/white_sq|b_pawn|white_sq|b_bishop|b_pawn|black_sq|white_sq|black_sq/b_pawn|white_sq|black_sq|w_queen|black_sq|w_pawn|black_sq|b_pawn/w_pawn|black_sq|w_pawn|b_pawn|w_king|b_pawn|white_sq|w_pawn/black_sq|w_pawn|black_sq|w_pawn|black_sq|white_sq|black_sq|white_sq/white_sq|black_sq|white_sq|black_sq|white_sq|black_sq|white_sq|w_rook/black_sq|white_sq|w_bishop|white_sq|black_sq|white_sq|w_knight|w_rook
exists_wQ_059,q8,1,[],8,8,white_sq|black_sq|white_sq|b_king|white_sq|b_bishop|b_rook|b_rook/b_queen|white_sq|black_sq|white_sq|black_sq|white_sq|black_sq|white_sq/b_bishop|black_sq|white_sq|black_sq|white_sq|w_pawn|white_sq|b_pawn/w_pawn|white_sq|b_pawn|white_sq|black_sq|white_sq|b_pawn|white_sq/white_sq|black_sq|white_sq|w_pawn|white_sq|black_sq|white_sq|w_pawn/black_sq|white_sq|black_sq|w_pawn|w_bishop|white_sq|black_sq|white_sq/white_sq|w_pawn|w_rook|black_sq|white_sq|w_pawn|white_sq|black_sq/black_sq|white_sq|black_sq|white_sq|w_king|w_bishop|w_knight|white_sq
exists_wQ_060,q8,1,[],8,8,b_rook|b_knight|b_bishop|b_queen|b_king|b_bishop|b_knight|b_rook/b_pawn|b_pawn|b_pawn|b_pawn|b_pawn|b_pawn|b_pawn|white_sq/white_sq|black_sq|white_sq|black_sq|white_sq|black_sq|white_sq|b_pawn/black_sq|white_sq|black_sq|white_sq|black_sq|white_sq|black_sq|white_sq/white_sq|black_sq|white_sq|black_sq|white_sq|black_sq|w_pawn|black_sq/black_sq|white_sq|black_sq|white_sq|w_pawn|white_sq|black_sq|white_sq/w_pawn|w_pawn|w_pawn|w_pawn|white_sq|w_pawn|white_sq|w_pawn/w_rook|w_knight|w_bishop|white_sq|w_king|w_bishop|w_knight|w_rook
exists_wQ_061,q8,1,[],8,8,white_sq|black_sq|b_bishop|black_sq|white_sq|black_sq|white_sq|b_rook/b_rook|white_sq|b_pawn|b_king|black_sq|white_sq|b_bishop|white_sq/white_sq|black_sq|white_sq|b_queen|white_sq|b_pawn|white_sq|black_sq/b_pawn|w_knight|black_sq|w_bishop|b_pawn|white_sq|w_bishop|b_pawn/white_sq|w_pawn|white_sq|b_knight|white_sq|black_sq|white_sq|b_knight/black_sq|white_sq|black_sq|white_sq|w_pawn|white_sq|w_pawn|w_pawn/w_pawn|black_sq|w_pawn|black_sq|white_sq|black_sq|white_sq|w_rook/w_rook|white_sq|black_sq|white_sq|black_sq|white_sq|w_king|white_sq
exists_wQ_062,q8,1,[],8,8,b_rook|black_sq|white_sq|b_queen|b_king|black_sq|white_sq|b_rook/black_sq|white_sq|black_sq|white_sq|b_knight|white_sq|b_bishop|white_sq/white_sq|black_sq|b_pawn|black_sq|white_sq|black_sq|b_pawn|black_sq/w_pawn|white_sq|black_sq|w_pawn|w_pawn|white_sq|black_sq|white_sq/white_sq|black_sq|white_sq|black_sq|white_sq|w_pawn|white_sq|b_pawn/b_pawn|white_sq|black_sq|white_sq|black_sq|white_sq|black_sq|w_pawn/w_pawn|w_rook|w_pawn|black_sq|w_bishop|black_sq|w_pawn|b_knight/black_sq|white_sq|w_bishop|w_king|black_sq|white_sq|w_knight|w_rook
exists_wQ_063,q8,0,"[[4, 4]]",8,8,white_sq|black_sq|b_bishop|black_sq|b_king|b_bishop|b_knight|black_sq/b_rook|white_sq|b_pawn|b_pawn|black_sq|b_queen|b_pawn|b_rook/white_sq|black_sq|b_knight|black_sq|b_pawn|b_pawn|white_sq|black_sq/b_pawn|b_pawn|black_sq|white_sq|black_sq|white_sq|w_bishop|b_pawn/white_sq|black_sq|white_sq|w_pawn|w_queen|black_sq|white_sq|w_pawn/black_sq|white_sq|black_sq|white_sq|black_sq|w_pawn|black_sq|white_sq/w_pawn|w_pawn|w_pawn|black_sq|w_pawn|black_sq|w_pawn|black_sq/w_rook|w_knight|black_sq|white_sq|w_king|w_bishop|w_knight|w_rook
exists_wQ_064,q8,1,[],8,8,b_rook|black_sq|b_bishop|black_sq|b_king|b_bishop|b_rook|black_sq/b_pawn|b_pawn|black_sq|b_pawn|black_sq|b_pawn|black_sq|white_sq/b_knight|black_sq|white_sq|black_sq|b_pawn|black_sq|b_pawn|b_pawn/black_sq|white_sq|b_pawn|white_sq|w_pawn|white_sq|black_sq|b_queen/w_knight|black_sq|w_pawn|black_sq|white_sq|black_sq|b_knight|black_sq/w_pawn|white_sq|black_sq|white_sq|black_sq|w_king|black_sq|w_knight/white_sq|w_pawn|white_sq|w_pawn|white_sq|w_pawn|w_pawn|w_pawn/w_rook|white_sq|w_bishop|white_sq|black_sq|w_bishop|black_sq|w_rook
exists_wQ_065,q8,1,[],8,8,b_rook|b_knight|b_bishop|b_queen|b_king|b_bishop|b_knight|b_rook/b_pawn|b_pawn|b_pawn|white_sq|b_pawn|b_pawn|black_sq|white_sq/white_sq|black_sq|white_sq|black_sq|white_sq|black_sq|white_sq|b_pawn/black_sq|white_sq|black_sq|b_pawn|black_sq|white_sq|b_pawn|white_sq/white_sq|black_sq|white_sq|black_sq|white_sq|w_pawn|white_sq|black_sq/black_sq|white_sq|w_pawn|white_sq|black_sq|white_sq|w_pawn|white_sq/w_pawn|w_pawn|white_sq|w_pawn|w_pawn|black_sq|white_sq|w_pawn/w_rook|w_knight|w_bishop|white_sq|w_king|w_bishop|w_knight|w_rook
exists_wQ_066,q8,1,[],8,8,white_sq|black_sq|white_sq|b_rook|b_king|b_bishop|white_sq|b_rook/b_pawn|white_sq|black_sq|white_sq|b_pawn|white_sq|b_pawn|white_sq/white_sq|black_sq|white_sq|black_sq|white_sq|black_sq|white_sq|black_sq/black_sq|b_queen|black_sq|b_pawn|black_sq|b_pawn|black_sq|b_pawn/w_pawn|w_knight|b_pawn|black_sq|w_pawn|w_pawn|white_sq|w_pawn/w_rook|w_pawn|w_pawn|w_bishop|black_sq|white_sq|black_sq|white_sq/white_sq|black_sq|w_pawn|w_king|white_sq|black_sq|b_bishop|black_sq/black_sq|w_knight|w_bishop|white_sq|black_sq|white_sq|w_rook|white_sq
exists_wQ_067,q8,1,[],8,8,white_sq|black_sq|white_sq|w_bishop|white_sq|black_sq|b_king|black_sq/black_sq|white_sq|b_pawn|white_sq|black_sq|white_sq|black_sq|b_pawn/white_sq|black_sq|white_sq|black_sq|b_pawn|black_sq|white_sq|black_sq/b_pawn|white_sq|black_sq|white_sq|w_pawn|b_pawn|b_bishop|white_sq/white_sq|black_sq|white_sq|b_pawn|white_sq|black_sq|white_sq|w_pawn/b_pawn|w_rook|black_sq|white_sq|black_sq|white_sq|black_sq|white_sq/white_sq|w_pawn|w_pawn|black_sq|w_pawn|w_king|w_pawn|black_sq/black_sq|w_rook|black_sq|white_sq|black_sq|w_bishop|black_sq|white_sq
exists_wQ_068,q8,1,[],8,8,white_sq|b_knight|b_bishop|black_sq|b_queen|black_sq|white_sq|b_rook/black_sq|b_pawn|b_pawn|white_sq|black_sq|white_sq|b_pawn|b_pawn/white_sq|black_sq|b_rook|b_bishop|w_knight|b_king|white_sq|b_knight/black_sq|w_knight|black_sq|white_sq|black_sq|b_pawn|black_sq|white_sq/b_pawn|black_sq|white_sq|black_sq|w_pawn|black_sq|white_sq|black_sq/black_sq|white_sq|black_sq|w_pawn|w_bishop|white_sq|black_sq|w_pawn/w_pawn|w_pawn|white_sq|black_sq|white_sq|w_pawn|w_pawn|black_sq/w_rook|white_sq|black_sq|white_sq|w_king|w_bishop|black_sq|w_rook
exists_wQ_069,q8,0,"[[4, 1]]",8,8,white_sq|black_sq|white_sq|black_sq|white_sq|black_sq|white_sq|black_sq/black_sq|b_king|black_sq|white_sq|black_sq|white_sq|b_bishop|b_queen/white_sq|b_rook|white_sq|b_pawn|b_pawn|b_pawn|white_sq|black_sq/w_pawn|w_knight|black_sq|white_sq|w_knight|white_sq|black_sq|b_rook/b_knight|w_queen|white_sq|w_pawn|white_sq|black_sq|white_sq|w_pawn/black_sq|white_sq|black_sq|white_sq|w_pawn|white_sq|w_pawn|white_sq/w_pawn|w_rook|w_pawn|black_sq|white_sq|black_sq|white_sq|w_rook/black_sq|white_sq|w_bishop|white_sq|w_king|w_bishop|black_sq|white_sq
exists_wQ_070,q8,0,"[[3, 0]]",8,8,b_rook|b_knight|b_bishop|b_queen|b_king|black_sq|b_knight|b_rook/b_pawn|white_sq|b_pawn|b_pawn|black_sq|b_pawn|b_pawn|white_sq/white_sq|black_sq|white_sq|black_sq|b_pawn|black_sq|white_sq|w_bishop/w_queen|b_pawn|black_sq|white_sq|black_sq|white_sq|black_sq|white_sq/white_sq|b_bishop|white_sq|black_sq|white_sq|black_sq|white_sq|black_sq/w_pawn|white_sq|w_knight|w_pawn|black_sq|white_sq|black_sq|white_sq/white_sq|w_pawn|w_pawn|black_sq|w_pawn|w_pawn|w_pawn|w_pawn/w_rook|white_sq|black_sq|white_sq|w_king|w_bishop|w_knight|w_rook
exists_wQ_071,q8,0,"[[3, 4]]",8,8,b_rook|b_knight|b_bishop|black_sq|b_king|b_bishop|b_knight|black_sq/black_sq|b_pawn|b_pawn|white_sq|b_pawn|b_pawn|b_rook|white_sq/b_pawn|black_sq|white_sq|b_queen|white_sq|black_sq|b_pawn|b_pawn/black_sq|white_sq|black_sq|white_sq|w_queen|white_sq|black_sq|white_sq/w_pawn|black_sq|white_sq|black_sq|white_sq|w_pawn|w_pawn|w_pawn/black_sq|white_sq|black_sq|w_pawn|w_knight|white_sq|black_sq|white_sq/white_sq|w_pawn|w_pawn|black_sq|w_pawn|black_sq|w_king|black_sq/w_rook|w_knight|w_bishop|white_sq|black_sq|w_bishop|black_sq|w_rook
exists_wQ_072,q8,0,"[[5, 5]]",8,8,white_sq|black_sq|white_sq|b_rook|white_sq|black_sq|white_sq|black_sq/b_pawn|b_pawn|black_sq|b_bishop|b_knight|white_sq|black_sq|b_king/w_pawn|black_sq|white_sq|b_pawn|w_knight|black_sq|white_sq|black_sq/black_sq|white_sq|b_pawn|w_pawn|b_pawn|white_sq|black_sq|white_sq/white_sq|w_pawn|w_pawn|black_sq|w_pawn|w_pawn|white_sq|black_sq/black_sq|white_sq|black_sq|white_sq|black_sq|w_queen|black_sq|b_pawn/b_knight|w_rook|white_sq|w_knight|b_queen|black_sq|white_sq|w_pawn/black_sq|white_sq|black_sq|white_sq|black_sq|white_sq|w_king|w_rook
exists_wQ_073,q8,1,[],8,8,b_rook|b_knight|white_sq|b_king|white_sq|black_sq|white_sq|b_rook/black_sq|white_sq|black_sq|white_sq|w_rook|b_pawn|black_sq|white_sq/b_pawn|black_sq|white_sq|black_sq|white_sq|black_sq|b_pawn|b_knight/black_sq|white_sq|w_bishop|white_sq|black_sq|white_sq|black_sq|b_pawn/white_sq|black_sq|w_pawn|black_sq|white_sq|black_sq|white_sq|w_pawn/black_sq|white_sq|black_sq|w_pawn|black_sq|w_pawn|black_sq|white_sq/w_pawn|black_sq|white_sq|black_sq|w_pawn|black_sq|w_bishop|black_sq/w_rook|white_sq|black_sq|white_sq|black_sq|w_king|w_knight|white_sq
exists_wQ_074,q8,0,"[[2, 3]]",8,8,white_sq|black_sq|white_sq|b_rook|white_sq|black_sq|white_sq|b_rook/b_bishop|white_sq|black_sq|white_sq|w_bishop|b_bishop|b_king|white_sq/white_sq|b_pawn|white_sq|w_queen|w_pawn|black_sq|w_pawn|black_sq/b_pawn|white_sq|black_sq|w_bishop|black_sq|white_sq|black_sq|b_pawn/w_pawn|w_pawn|white_sq|b_pawn|white_sq|black_sq|b_knight|black_sq/black_sq|white_sq|w_pawn|white_sq|black_sq|white_sq|black_sq|w_rook/white_sq|black_sq|white_sq|black_sq|white_sq|black_sq|white_sq|black_sq/w_rook|w_knight|black_sq|white_sq|w_king|white_sq|black_sq|white_sq
exists_wQ_075,q8,1,[],8,8,white_sq|black_sq|w_knight|black_sq|white_sq|black_sq|b_rook|black_sq/black_sq|b_knight|b_pawn|white_sq|black_sq|b_bishop|black_sq|b_king/white_sq|black_sq|white_sq|black_sq|white_sq|black_sq|white_sq|b_bishop/black_sq|white_sq|black_sq|b_pawn|w_pawn|b_knight|black_sq|white_sq/white_sq|b_pawn|white_sq|w_pawn|white_sq|w_knight|b_pawn|w_pawn/black_sq|white_sq|black_sq|white_sq|black_sq|white_sq|black_sq|white_sq/white_sq|black_sq|white_sq|black_sq|w_rook|black_sq|w_pawn|w_rook/black_sq|white_sq|w_bishop|white_sq|black_sq|w_king|black_sq|white_sq
exists_wQ_076,q8,0,"[[2, 2]]",8,8,white_sq|b_rook|b_bishop|black_sq|white_sq|b_bishop|white_sq|b_rook/black_sq|b_pawn|black_sq|b_pawn|black_sq|white_sq|b_pawn|white_sq/b_pawn|b_knight|w_queen|w_pawn|w_pawn|b_pawn|white_sq|b_pawn/black_sq|white_sq|b_pawn|white_sq|black_sq|b_pawn|black_sq|b_king/white_sq|black_sq|w_bishop|w_knight|white_sq|b_knight|white_sq|black_sq/black_sq|white_sq|w_pawn|white_sq|black_sq|w_rook|w_pawn|w_knight/w_pawn|w_bishop|white_sq|black_sq|white_sq|black_sq|white_sq|w_pawn/w_rook|white_sq|black_sq|white_sq|w_king|white_sq|black_sq|white_sq
exists_wQ_077,q8,1,[],8,8,b_rook|b_knight|b_bishop|black_sq|b_king|black_sq|b_knight|b_rook/b_pawn|b_pawn|black_sq|b_pawn|b_bishop|b_pawn|b_pawn|b_pawn/w_bishop|black_sq|b_pawn|black_sq|white_sq|black_sq|white_sq|black_sq/black_sq|white_sq|black_sq|white_sq|b_pawn|white_sq|black_sq|white_sq/w_pawn|w_pawn|white_sq|black_sq|w_pawn|black_sq|w_pawn|black_sq/black_sq|white_sq|black_sq|white_sq|b_queen|white_sq|black_sq|w_knight/white_sq|black_sq|w_pawn|w_pawn|white_sq|w_pawn|white_sq|w_pawn/w_rook|w_knight|w_bishop|white_sq|w_king|white_sq|black_sq|w_rook
exists_wQ_078,q8,1,[],8,8,b_rook|b_knight|white_sq|b_queen|b_king|b_bishop|b_knight|black_sq/b_pawn|b_pawn|black_sq|b_bishop|b_pawn|white_sq|b_pawn|white_sq/white_sq|black_sq|b_pawn|b_pawn|white_sq|b_pawn|white_sq|black_sq/black_sq|white_sq|black_sq|white_sq|black_sq|white_sq|black_sq|white_sq/white_sq|black_sq|white_sq|black_sq|white_sq|w_pawn|b_pawn|black_sq/black_sq|w_pawn|black_sq|w_pawn|black_sq|w_knight|black_sq|white_sq/w_pawn|w_bishop|w_pawn|black_sq|w_king|black_sq|white_sq|black_sq/w_rook|w_knight|black_sq|white_sq|black_sq|w_bishop|w_rook|white_sq
exists_wQ_079,q8,0,"[[3, 0]]",8,8,white_sq|black_sq|b_rook|black_sq|white_sq|b_rook|white_sq|black_sq/b_pawn|white_sq|black_sq|b_pawn|black_sq|white_sq|b_king|b_pawn/b_knight|b_pawn|white_sq|black_sq|white_sq|black_sq|b_pawn|black_sq/w_queen|w_bishop|black_sq|white_sq|black_sq|white_sq|b_bishop|b_knight/b_queen|black_sq|white_sq|b_pawn|w_pawn|b_pawn|white_sq|black_sq/black_sq|b_bishop|w_knight|white_sq|black_sq|w_pawn|black_sq|w_pawn/white_sq|black_sq|w_pawn|black_sq|w_king|black_sq|white_sq|black_sq/w_rook|white_sq|black_sq|white_sq|black_sq|white_sq|w_knight|w_rook
exists_wQ_080,q8,0,"[[2, 0]]",8,8,b_rook|b_knight|b_bishop|b_queen|b_king|b_bishop|b_knight|b_rook/b_pawn|b_pawn|b_pawn|b_pawn|b_pawn|b_pawn|b_pawn|white_sq/w_queen|black_sq|white_sq|black_sq|white_sq|black_sq|white_sq|b_pawn/black_sq|white_sq|black_sq|white_sq|black_sq|white_sq|black_sq|white_sq/white_sq|black_sq|white_sq|black_sq|white_sq|black_sq|w_pawn|black_sq/black_sq|white_sq|black_sq|white_sq|w_pawn|white_sq|black_sq|white_sq/w_pawn|w_pawn|w_pawn|w_pawn|white_sq|w_pawn|white_sq|w_pawn/w_rook|w_knight|w_bishop|white_sq|w_king|w_bishop|w_knight|w_rook
exists_wQ_081,q8,1,[],8,8,b_rook|black_sq|b_bishop|b_queen|b_king|b_bishop|b_knight|b_rook/b_pawn|b_pawn|b_pawn|b_pawn|b_pawn|b_pawn|b_pawn|b_pawn/b_knight|black_sq|white_sq|black_sq|white_sq|black_sq|white_sq|black_sq/black_sq|white_sq|black_sq|white_sq|black_sq|white_sq|black_sq|white_sq/w_pawn|black_sq|white_sq|black_sq|white_sq|black_sq|white_sq|black_sq/black_sq|white_sq|black_sq|white_sq|black_sq|white_sq|black_sq|white_sq/white_sq|w_pawn|w_pawn|w_pawn|w_pawn|w_pawn|w_pawn|w_pawn/w_rook|w_knight|w_bishop|white_sq|w_king|w_bishop|w_knight|w_rook
exists_wQ_082,q8,0,"[[1, 4]]",8,8,white_sq|black_sq|white_sq|black_sq|white_sq|black_sq|b_king|b_rook/black_sq|white_sq|black_sq|white_sq|w_queen|white_sq|w_bishop|w_knight/white_sq|black_sq|white_sq|black_sq|white_sq|black_sq|white_sq|b_bishop/black_sq|b_pawn|black_sq|b_knight|black_sq|white_sq|black_sq|white_sq/w_pawn|black_sq|white_sq|black_sq|white_sq|black_sq|white_sq|black_sq/black_sq|w_rook|black_sq|white_sq|b_pawn|w_pawn|black_sq|white_sq/white_sq|black_sq|white_sq|black_sq|w_pawn|black_sq|white_sq|w_pawn/black_sq|white_sq|black_sq|white_sq|w_king|w_rook|black_sq|white_sq
exists_wQ_083,q8,1,[],8,8,white_sq|black_sq|white_sq|black_sq|white_sq|black_sq|b_knight|b_rook/black_sq|white_sq|black_sq|white_sq|b_king|white_sq|black_sq|white_sq/b_pawn|b_queen|white_sq|b_rook|b_pawn|black_sq|white_sq|b_pawn/black_sq|white_sq|b_pawn|white_sq|black_sq|w_bishop|black_sq|white_sq/white_sq|black_sq|w_pawn|black_sq|white_sq|black_sq|white_sq|black_sq/black_sq|white_sq|w_knight|white_sq|black_sq|w_knight|w_pawn|white_sq/white_sq|w_pawn|white_sq|w_pawn|w_pawn|w_pawn|white_sq|black_sq/black_sq|white_sq|w_bishop|white_sq|w_king|white_sq|w_rook|white_sq
exists_wQ_084,q8,0,"[[2, 2]]",8,8,b_rook|black_sq|white_sq|black_sq|b_king|black_sq|b_rook|black_sq/black_sq|b_pawn|b_pawn|white_sq|black_sq|white_sq|black_sq|white_sq/white_sq|black_sq|w_queen|b_bishop|b_bishop|black_sq|white_sq|black_sq/b_pawn|white_sq|w_bishop|b_pawn|black_sq|b_queen|black_sq|white_sq/w_pawn|black_sq|white_sq|w_rook|white_sq|b_pawn|white_sq|b_pawn/black_sq|white_sq|w_king|w_pawn|b_pawn|white_sq|black_sq|w_knight/white_sq|black_sq|w_pawn|black_sq|white_sq|black_sq|w_pawn|w_pawn/black_sq|w_knight|black_sq|white_sq|black_sq|w_bishop|w_rook|white_sq
exists_wQ_085,q8,0,"[[1, 1]]",8,8,white_sq|black_sq|white_sq|black_sq|white_sq|black_sq|white_sq|w_bishop/black_sq|w_queen|black_sq|b_queen|b_bishop|b_bishop|black_sq|white_sq/white_sq|b_rook|white_sq|black_sq|white_sq|black_sq|b_king|black_sq/w_pawn|white_sq|b_pawn|b_pawn|black_sq|white_sq|black_sq|b_pawn/w_pawn|black_sq|white_sq|b_pawn|w_pawn|b_pawn|white_sq|w_pawn/black_sq|white_sq|black_sq|white_sq|black_sq|white_sq|black_sq|w_rook/white_sq|black_sq|white_sq|black_sq|w_pawn|b_knight|w_pawn|black_sq/black_sq|white_sq|w_king|white_sq|black_sq|w_bishop|w_knight|white_sq
exists_wQ_086,q8,1,[],8,8,white_sq|b_rook|white_sq|black_sq|b_king|b_bishop|white_sq|b_rook/b_pawn|b_pawn|black_sq|white_sq|black_sq|white_sq|black_sq|white_sq/white_sq|black_sq|b_pawn|black_sq|white_sq|b_queen|b_pawn|b_pawn/b_knight|w_bishop|w_pawn|b_pawn|b_pawn|b_pawn|black_sq|white_sq/w_pawn|black_sq|white_sq|black_sq|w_pawn|w_bishop|b_bishop|black_sq/black_sq|w_knight|black_sq|w_pawn|black_sq|w_pawn|w_king|white_sq/b_knight|w_pawn|white_sq|black_sq|white_sq|black_sq|w_pawn|w_pawn/w_rook|white_sq|black_sq|white_sq|black_sq|white_sq|w_knight|w_rook
exists_wQ_087,q8,1,[],8,8,b_bishop|black_sq|white_sq|black_sq|white_sq|black_sq|white_sq|black_sq/black_sq|white_sq|black_sq|white_sq|black_sq|white_sq|black_sq|white_sq/white_sq|black_sq|white_sq|b_rook|b_king|black_sq|white_sq|b_knight/black_sq|b_pawn|black_sq|b_rook|black_sq|white_sq|b_pawn|b_pawn/w_pawn|black_sq|white_sq|w_pawn|w_pawn|b_pawn|white_sq|w_pawn/black_sq|white_sq|w_pawn|white_sq|black_sq|w_bishop|black_sq|white_sq/white_sq|black_sq|white_sq|w_king|w_pawn|black_sq|white_sq|w_rook/w_bishop|white_sq|black_sq|white_sq|w_knight|white_sq|black_sq|white_sq
exists_wQ_088,q8,0,"[[5, 5]]",8,8,b_rook|b_knight|b_bishop|b_queen|b_king|b_bishop|b_knight|b_rook/black_sq|b_pawn|b_pawn|b_pawn|black_sq|white_sq|black_sq|b_pawn/b_pawn|black_sq|white_sq|black_sq|white_sq|black_sq|white_sq|black_sq/black_sq|white_sq|black_sq|white_sq|b_pawn|b_pawn|b_pawn|white_sq/w_knight|black_sq|white_sq|black_sq|white_sq|black_sq|white_sq|black_sq/w_pawn|white_sq|black_sq|white_sq|black_sq|w_queen|w_pawn|white_sq/white_sq|w_pawn|w_pawn|w_pawn|w_pawn|w_pawn|w_bishop|w_pawn/w_rook|white_sq|w_bishop|white_sq|w_king|white_sq|w_knight|w_rook
exists_wQ_089,q8,0,"[[2, 2]]",8,8,b_rook|b_knight|b_bishop|b_queen|b_king|b_bishop|b_knight|b_rook/black_sq|b_pawn|black_sq|white_sq|b_pawn|b_pawn|b_pawn|b_pawn/b_pawn|black_sq|w_queen|black_sq|white_sq|black_sq|white_sq|black_sq/black_sq|white_sq|b_pawn|b_pawn|black_sq|white_sq|black_sq|white_sq/white_sq|black_sq|white_sq|black_sq|w_pawn|black_sq|w_pawn|black_sq/w_pawn|white_sq|black_sq|white_sq|black_sq|white_sq|black_sq|white_sq/white_sq|w_pawn|w_pawn|w_pawn|white_sq|w_pawn|white_sq|w_pawn/w_rook|w_knight|w_bishop|white_sq|w_king|w_bishop|w_knight|w_rook
exists_wQ_090,q8,1,[],8,8,white_sq|b_knight|white_sq|b_king|white_sq|black_sq|white_sq|b_rook/black_sq|white_sq|black_sq|b_rook|b_knight|b_pawn|b_bishop|white_sq/b_queen|black_sq|white_sq|black_sq|white_sq|black_sq|white_sq|b_pawn/black_sq|white_sq|w_pawn|b_pawn|black_sq|white_sq|black_sq|b_bishop/w_rook|black_sq|white_sq|w_pawn|white_sq|w_pawn|w_pawn|black_sq/black_sq|white_sq|black_sq|white_sq|black_sq|w_knight|black_sq|w_bishop/white_sq|black_sq|w_pawn|black_sq|white_sq|black_sq|white_sq|w_pawn/black_sq|white_sq|w_bishop|white_sq|black_sq|w_king|black_sq|w_rook
exists_wQ_091,q8,1,[],8,8,white_sq|black_sq|white_sq|black_sq|b_king|black_sq|white_sq|black_sq/black_sq|white_sq|b_pawn|white_sq|b_knight|b_rook|black_sq|white_sq/b_rook|black_sq|w_pawn|black_sq|white_sq|black_sq|white_sq|b_pawn/black_sq|w_bishop|b_queen|b_knight|black_sq|white_sq|w_knight|w_pawn/white_sq|black_sq|w_pawn|black_sq|white_sq|w_bishop|w_pawn|black_sq/black_sq|w_pawn|black_sq|white_sq|black_sq|white_sq|black_sq|white_sq/w_rook|black_sq|white_sq|black_sq|white_sq|w_pawn|white_sq|black_sq/black_sq|w_knight|b_bishop|white_sq|black_sq|white_sq|w_king|w_rook
exists_wQ_092,q8,1,[],8,8,white_sq|black_sq|white_sq|b_rook|white_sq|black_sq|white_sq|black_sq/w_bishop|white_sq|black_sq|white_sq|black_sq|b_king|black_sq|white_sq/white_sq|black_sq|white_sq|black_sq|white_sq|black_sq|white_sq|b_pawn/black_sq|white_sq|w_knight|w_pawn|black_sq|b_bishop|black_sq|white_sq/white_sq|b_pawn|w_pawn|black_sq|white_sq|black_sq|b_rook|b_pawn/w_pawn|white_sq|black_sq|white_sq|black_sq|white_sq|black_sq|white_sq/white_sq|black_sq|white_sq|black_sq|white_sq|w_king|white_sq|black_sq/w_rook|white_sq|black_sq|w_knight|black_sq|w_bishop|black_sq|white_sq
exists_wQ_093,q8,0,"[[7, 4]]",8,8,b_rook|black_sq|w_knight|black_sq|b_king|black_sq|white_sq|black_sq/b_pawn|white_sq|black_sq|b_pawn|b_knight|white_sq|black_sq|white_sq/b_knight|black_sq|b_pawn|black_sq|white_sq|b_rook|b_pawn|black_sq/w_pawn|white_sq|b_bishop|white_sq|b_pawn|white_sq|b_queen|white_sq/white_sq|black_sq|white_sq|w_pawn|w_pawn|black_sq|w_pawn|w_pawn/black_sq|white_sq|w_rook|white_sq|black_sq|white_sq|black_sq|white_sq/white_sq|w_pawn|w_pawn|black_sq|w_king|black_sq|white_sq|black_sq/black_sq|white_sq|black_sq|white_sq|w_queen|white_sq|w_knight|w_rook
exists_wQ_094,q8,0,"[[7, 2]]",8,8,white_sq|black_sq|white_sq|black_sq|b_knight|black_sq|white_sq|w_bishop/b_rook|b_pawn|b_pawn|b_king|black_sq|white_sq|b_queen|white_sq/b_knight|black_sq|white_sq|b_pawn|white_sq|black_sq|white_sq|b_bishop/black_sq|b_bishop|w_knight|w_pawn|black_sq|b_pawn|black_sq|white_sq/white_sq|b_pawn|white_sq|black_sq|b_pawn|black_sq|b_pawn|black_sq/w_pawn|white_sq|black_sq|white_sq|w_pawn|white_sq|black_sq|w_pawn/w_rook|black_sq|w_pawn|black_sq|w_bishop|black_sq|w_knight|black_sq/black_sq|white_sq|w_queen|white_sq|w_king|white_sq|black_sq|w_rook
exists_wQ_095,q8,0,"[[2, 5]]",8,8,b_rook|black_sq|b_queen|black_sq|b_king|black_sq|white_sq|black_sq/b_pawn|white_sq|black_sq|white_sq|w_knight|white_sq|b_pawn|white_sq/white_sq|w_pawn|white_sq|black_sq|b_bishop|w_queen|white_sq|b_rook/black_sq|white_sq|w_bishop|white_sq|b_pawn|white_sq|black_sq|white_sq/white_sq|w_pawn|white_sq|black_sq|w_king|b_knight|white_sq|b_pawn/black_sq|white_sq|black_sq|w_pawn|black_sq|white_sq|black_sq|w_knight/w_rook|black_sq|w_pawn|black_sq|white_sq|w_pawn|white_sq|w_pawn/black_sq|white_sq|black_sq|white_sq|black_sq|white_sq|black_sq|w_rook
exists_wQ_096,q8,0,"[[6, 1]]",8,8,b_rook|black_sq|b_bishop|black_sq|b_king|black_sq|white_sq|black_sq/black_sq|white_sq|b_pawn|b_queen|w_bishop|white_sq|black_sq|white_sq/b_pawn|b_pawn|b_knight|w_pawn|white_sq|black_sq|white_sq|b_rook/black_sq|white_sq|black_sq|white_sq|w_knight|b_pawn|b_pawn|white_sq/white_sq|w_pawn|white_sq|w_pawn|b_knight|black_sq|white_sq|b_pawn/black_sq|white_sq|w_pawn|white_sq|black_sq|white_sq|black_sq|white_sq/w_pawn|w_queen|white_sq|black_sq|white_sq|w_pawn|w_pawn|w_pawn/w_rook|w_knight|black_sq|white_sq|w_king|w_bishop|w_rook|white_sq
exists_wQ_097,q8,0,"[[4, 6]]",8,8,white_sq|black_sq|white_sq|black_sq|white_sq|black_sq|white_sq|w_bishop/black_sq|white_sq|black_sq|b_queen|b_bishop|b_bishop|black_sq|white_sq/white_sq|b_rook|white_sq|black_sq|white_sq|black_sq|b_king|black_sq/w_pawn|white_sq|b_pawn|b_pawn|black_sq|white_sq|black_sq|b_pawn/w_pawn|black_sq|white_sq|b_pawn|w_pawn|b_pawn|w_queen|w_pawn/black_sq|white_sq|black_sq|white_sq|black_sq|white_sq|black_sq|w_rook/white_sq|black_sq|white_sq|black_sq|w_pawn|b_knight|w_pawn|black_sq/black_sq|white_sq|w_king|white_sq|black_sq|w_bishop|w_knight|white_sq
exists_wQ_098,q8,0,"[[1, 2]]",8,8,white_sq|b_rook|b_bishop|b_queen|b_king|b_bishop|b_knight|b_rook/b_pawn|white_sq|w_queen|b_pawn|black_sq|white_sq|black_sq|b_pawn/b_knight|b_pawn|b_pawn|black_sq|b_pawn|black_sq|b_pawn|black_sq/black_sq|white_sq|black_sq|white_sq|black_sq|white_sq|black_sq|white_sq/white_sq|black_sq|white_sq|black_sq|white_sq|black_sq|white_sq|black_sq/black_sq|w_pawn|w_pawn|white_sq|w_pawn|white_sq|black_sq|white_sq/w_pawn|black_sq|white_sq|w_pawn|white_sq|w_pawn|w_pawn|w_pawn/w_rook|w_knight|w_bishop|white_sq|w_king|white_sq|w_knight|w_rook
exists_wQ_099,q8,0,"[[1, 5]]",8,8,white_sq|b_queen|b_bishop|black_sq|white_sq|black_sq|b_knight|black_sq/black_sq|white_sq|b_rook|w_knight|b_pawn|w_queen|black_sq|white_sq/b_pawn|b_pawn|b_pawn|b_king|white_sq|black_sq|white_sq|b_bishop/b_knight|white_sq|black_sq|white_sq|black_sq|white_sq|w_pawn|white_sq/white_sq|black_sq|white_sq|w_pawn|white_sq|w_pawn|white_sq|black_sq/black_sq|white_sq|w_pawn|white_sq|w_pawn|white_sq|black_sq|white_sq/w_pawn|w_pawn|white_sq|black_sq|white_sq|w_pawn|white_sq|black_sq/w_rook|white_sq|w_bishop|white_sq|w_king|w_knight|black_sq|white_sq
